mode: set
github.com/emad-elsaid/xlog/build.go:26.53,27.18 1 0
github.com/emad-elsaid/xlog/build.go:27.18,29.3 1 0
github.com/emad-elsaid/xlog/build.go:29.8,31.3 1 0
github.com/emad-elsaid/xlog/build.go:34.31,45.16 3 0
github.com/emad-elsaid/xlog/build.go:45.16,47.3 1 0
github.com/emad-elsaid/xlog/build.go:49.2,49.59 1 0
github.com/emad-elsaid/xlog/build.go:49.59,57.17 2 0
github.com/emad-elsaid/xlog/build.go:57.17,59.4 1 0
github.com/emad-elsaid/xlog/build.go:61.3,61.13 1 0
github.com/emad-elsaid/xlog/build.go:64.2,64.45 1 0
github.com/emad-elsaid/xlog/build.go:64.45,66.3 1 0
github.com/emad-elsaid/xlog/build.go:70.2,70.88 1 0
github.com/emad-elsaid/xlog/build.go:70.88,71.16 1 0
github.com/emad-elsaid/xlog/build.go:71.16,72.37 1 0
github.com/emad-elsaid/xlog/build.go:72.37,74.5 1 0
github.com/emad-elsaid/xlog/build.go:76.3,77.17 2 0
github.com/emad-elsaid/xlog/build.go:77.17,79.4 1 0
github.com/emad-elsaid/xlog/build.go:80.3,80.16 1 0
github.com/emad-elsaid/xlog/build.go:80.16,81.38 1 0
github.com/emad-elsaid/xlog/build.go:81.38,83.5 1 0
github.com/emad-elsaid/xlog/build.go:85.3,85.45 1 0
github.com/emad-elsaid/xlog/build.go:85.45,87.4 1 0
github.com/emad-elsaid/xlog/build.go:90.2,90.64 1 0
github.com/emad-elsaid/xlog/build.go:90.64,98.17 2 0
github.com/emad-elsaid/xlog/build.go:98.17,100.4 1 0
github.com/emad-elsaid/xlog/build.go:102.3,102.14 1 0
github.com/emad-elsaid/xlog/build.go:105.2,105.55 1 0
github.com/emad-elsaid/xlog/build.go:105.55,113.17 2 0
github.com/emad-elsaid/xlog/build.go:113.17,115.4 1 0
github.com/emad-elsaid/xlog/build.go:117.3,117.14 1 0
github.com/emad-elsaid/xlog/build.go:120.2,120.84 1 0
github.com/emad-elsaid/xlog/build.go:120.84,121.17 1 0
github.com/emad-elsaid/xlog/build.go:121.17,123.4 1 0
github.com/emad-elsaid/xlog/build.go:125.3,127.20 2 0
github.com/emad-elsaid/xlog/build.go:127.20,128.61 1 0
github.com/emad-elsaid/xlog/build.go:128.61,130.5 1 0
github.com/emad-elsaid/xlog/build.go:131.9,131.53 1 0
github.com/emad-elsaid/xlog/build.go:131.53,133.4 1 0
github.com/emad-elsaid/xlog/build.go:133.9,135.18 2 0
github.com/emad-elsaid/xlog/build.go:135.18,137.5 1 0
github.com/emad-elsaid/xlog/build.go:139.4,139.71 1 0
github.com/emad-elsaid/xlog/build.go:139.71,141.5 1 0
github.com/emad-elsaid/xlog/build.go:144.3,144.13 1 0
github.com/emad-elsaid/xlog/build.go:148.66,150.16 2 0
github.com/emad-elsaid/xlog/build.go:150.16,152.3 1 0
github.com/emad-elsaid/xlog/build.go:154.2,157.54 3 0
github.com/emad-elsaid/xlog/build.go:157.54,159.3 1 0
github.com/emad-elsaid/xlog/build.go:161.2,161.46 1 0
github.com/emad-elsaid/xlog/build.go:161.46,163.3 1 0
github.com/emad-elsaid/xlog/build.go:165.2,166.16 2 0
github.com/emad-elsaid/xlog/build.go:166.16,168.3 1 0
github.com/emad-elsaid/xlog/build.go:169.2,169.15 1 0
github.com/emad-elsaid/xlog/build.go:169.15,170.51 1 0
github.com/emad-elsaid/xlog/build.go:170.51,172.4 1 0
github.com/emad-elsaid/xlog/build.go:175.2,175.46 1 0
github.com/emad-elsaid/xlog/command.go:22.46,24.2 1 0
github.com/emad-elsaid/xlog/command.go:30.33,32.26 2 0
github.com/emad-elsaid/xlog/command.go:32.26,34.3 1 0
github.com/emad-elsaid/xlog/command.go:36.2,36.13 1 0
github.com/emad-elsaid/xlog/command.go:41.51,43.2 1 0
github.com/emad-elsaid/xlog/command.go:48.38,50.31 2 0
github.com/emad-elsaid/xlog/command.go:50.31,52.3 1 0
github.com/emad-elsaid/xlog/command.go:54.2,54.13 1 0
github.com/emad-elsaid/xlog/command.go:60.43,62.2 1 0
github.com/emad-elsaid/xlog/command.go:67.30,69.23 2 0
github.com/emad-elsaid/xlog/command.go:69.23,71.3 1 0
github.com/emad-elsaid/xlog/command.go:72.2,72.13 1 0
github.com/emad-elsaid/xlog/each.go:22.35,24.2 1 0
github.com/emad-elsaid/xlog/each.go:29.35,30.33 1 0
github.com/emad-elsaid/xlog/each.go:30.33,31.23 1 0
github.com/emad-elsaid/xlog/each.go:31.23,33.4 1 0
github.com/emad-elsaid/xlog/each.go:36.2,36.14 1 0
github.com/emad-elsaid/xlog/each.go:44.40,49.19 4 0
github.com/emad-elsaid/xlog/each.go:49.19,54.3 4 0
github.com/emad-elsaid/xlog/each.go:56.2,56.15 1 0
github.com/emad-elsaid/xlog/each.go:61.50,66.19 4 0
github.com/emad-elsaid/xlog/each.go:66.19,71.3 4 0
github.com/emad-elsaid/xlog/each.go:73.2,73.27 1 0
github.com/emad-elsaid/xlog/each.go:73.27,74.10 1 0
github.com/emad-elsaid/xlog/each.go:75.21,76.10 1 0
github.com/emad-elsaid/xlog/each.go:77.11,78.8 1 0
github.com/emad-elsaid/xlog/each.go:87.62,92.19 4 0
github.com/emad-elsaid/xlog/each.go:92.19,97.3 4 0
github.com/emad-elsaid/xlog/each.go:99.2,106.12 6 0
github.com/emad-elsaid/xlog/each.go:106.12,107.21 1 0
github.com/emad-elsaid/xlog/each.go:107.21,109.4 1 0
github.com/emad-elsaid/xlog/each.go:110.3,110.15 1 0
github.com/emad-elsaid/xlog/each.go:113.2,113.27 1 0
github.com/emad-elsaid/xlog/each.go:113.27,114.10 1 0
github.com/emad-elsaid/xlog/each.go:115.21,116.9 1 0
github.com/emad-elsaid/xlog/each.go:117.11,118.30 1 0
github.com/emad-elsaid/xlog/each.go:118.30,120.19 2 0
github.com/emad-elsaid/xlog/each.go:120.19,122.6 1 0
github.com/emad-elsaid/xlog/each.go:124.5,126.11 2 0
github.com/emad-elsaid/xlog/each.go:131.2,131.35 1 0
github.com/emad-elsaid/xlog/each.go:131.35,133.3 1 0
github.com/emad-elsaid/xlog/each.go:134.2,137.15 3 0
github.com/emad-elsaid/xlog/each.go:141.29,152.2 3 0
github.com/emad-elsaid/xlog/each.go:154.42,159.2 4 0
github.com/emad-elsaid/xlog/each.go:161.46,166.18 3 0
github.com/emad-elsaid/xlog/each.go:166.18,168.3 1 0
github.com/emad-elsaid/xlog/each.go:170.2,171.28 2 0
github.com/emad-elsaid/xlog/each.go:171.28,172.10 1 0
github.com/emad-elsaid/xlog/each.go:173.21,174.10 1 0
github.com/emad-elsaid/xlog/each.go:175.11,176.29 1 0
github.com/emad-elsaid/xlog/each.go:176.29,178.5 1 0
github.com/emad-elsaid/xlog/events.go:38.46,42.33 3 0
github.com/emad-elsaid/xlog/events.go:42.33,44.3 1 0
github.com/emad-elsaid/xlog/events.go:46.2,46.42 1 0
github.com/emad-elsaid/xlog/events.go:52.35,57.9 4 0
github.com/emad-elsaid/xlog/events.go:57.9,59.3 1 0
github.com/emad-elsaid/xlog/events.go:61.2,61.29 1 0
github.com/emad-elsaid/xlog/events.go:61.29,62.30 1 0
github.com/emad-elsaid/xlog/events.go:62.30,64.4 1 0
github.com/emad-elsaid/xlog/extensions.go:16.37,18.2 1 0
github.com/emad-elsaid/xlog/extensions.go:20.23,21.40 1 0
github.com/emad-elsaid/xlog/extensions.go:21.40,24.3 2 0
github.com/emad-elsaid/xlog/extensions.go:26.2,29.28 4 0
github.com/emad-elsaid/xlog/extensions.go:29.28,30.54 1 0
github.com/emad-elsaid/xlog/extensions.go:30.54,32.12 2 0
github.com/emad-elsaid/xlog/extensions.go:35.3,36.60 2 0
github.com/emad-elsaid/xlog/extensions.go:39.2,39.72 1 0
github.com/emad-elsaid/xlog/flags.go:25.13,42.2 13 1
github.com/emad-elsaid/xlog/fs.go:15.56,16.35 1 0
github.com/emad-elsaid/xlog/fs.go:16.35,19.17 3 0
github.com/emad-elsaid/xlog/fs.go:19.17,21.4 1 0
github.com/emad-elsaid/xlog/fs.go:24.2,24.28 1 0
github.com/emad-elsaid/xlog/fs.go:35.33,37.2 1 0
github.com/emad-elsaid/xlog/fs.go:39.47,41.16 2 0
github.com/emad-elsaid/xlog/fs.go:41.16,43.3 1 0
github.com/emad-elsaid/xlog/fs.go:45.2,55.53 4 0
github.com/emad-elsaid/xlog/fs.go:55.53,57.3 1 0
github.com/emad-elsaid/xlog/fs.go:57.8,60.3 2 0
github.com/emad-elsaid/xlog/handlers.go:18.33,31.27 8 0
github.com/emad-elsaid/xlog/handlers.go:31.27,33.3 1 0
github.com/emad-elsaid/xlog/handlers.go:35.2,35.22 1 0
github.com/emad-elsaid/xlog/handlers.go:35.22,38.3 2 0
github.com/emad-elsaid/xlog/handlers.go:40.2,40.48 1 0
github.com/emad-elsaid/xlog/handlers.go:40.48,43.3 2 0
github.com/emad-elsaid/xlog/handlers.go:45.2,50.27 4 0
github.com/emad-elsaid/xlog/handlers.go:50.27,51.45 1 0
github.com/emad-elsaid/xlog/handlers.go:51.45,54.4 2 0
github.com/emad-elsaid/xlog/handlers.go:56.3,56.9 1 0
github.com/emad-elsaid/xlog/handlers.go:59.2,62.12 3 0
github.com/emad-elsaid/xlog/handlers.go:62.12,64.37 2 0
github.com/emad-elsaid/xlog/handlers.go:64.37,66.4 1 0
github.com/emad-elsaid/xlog/handlers.go:69.2,69.45 1 0
github.com/emad-elsaid/xlog/handlers.go:69.45,71.3 1 0
github.com/emad-elsaid/xlog/handlers.go:75.36,77.2 1 0
github.com/emad-elsaid/xlog/handlers.go:81.39,84.17 2 0
github.com/emad-elsaid/xlog/handlers.go:84.17,86.3 1 0
github.com/emad-elsaid/xlog/handlers.go:88.2,88.20 1 0
github.com/emad-elsaid/xlog/handlers.go:88.20,90.62 1 0
github.com/emad-elsaid/xlog/handlers.go:90.62,92.4 1 0
github.com/emad-elsaid/xlog/handlers.go:95.3,95.50 1 0
github.com/emad-elsaid/xlog/handlers.go:95.50,97.4 1 0
github.com/emad-elsaid/xlog/handlers.go:100.3,100.22 1 0
github.com/emad-elsaid/xlog/handlers.go:100.22,102.4 1 0
github.com/emad-elsaid/xlog/handlers.go:106.3,110.35 2 0
github.com/emad-elsaid/xlog/handlers.go:110.35,114.5 2 0
github.com/emad-elsaid/xlog/handlers.go:118.2,121.4 1 0
github.com/emad-elsaid/xlog/helpers.go:39.47,40.32 1 0
github.com/emad-elsaid/xlog/helpers.go:40.32,42.3 1 0
github.com/emad-elsaid/xlog/helpers.go:44.2,46.12 2 0
github.com/emad-elsaid/xlog/helpers.go:54.30,55.21 1 0
github.com/emad-elsaid/xlog/helpers.go:55.21,57.3 1 0
github.com/emad-elsaid/xlog/helpers.go:59.2,69.21 8 0
github.com/emad-elsaid/xlog/helpers.go:69.21,71.3 1 0
github.com/emad-elsaid/xlog/helpers.go:73.2,73.79 1 0
github.com/emad-elsaid/xlog/helpers.go:73.79,74.10 1 0
github.com/emad-elsaid/xlog/helpers.go:75.18,78.50 3 0
github.com/emad-elsaid/xlog/helpers.go:79.19,82.52 3 0
github.com/emad-elsaid/xlog/helpers.go:83.18,86.50 3 0
github.com/emad-elsaid/xlog/helpers.go:87.17,90.48 3 0
github.com/emad-elsaid/xlog/helpers.go:91.23,94.50 3 0
github.com/emad-elsaid/xlog/helpers.go:95.25,98.54 3 0
github.com/emad-elsaid/xlog/helpers.go:99.25,102.54 3 0
github.com/emad-elsaid/xlog/helpers.go:106.2,108.19 2 0
github.com/emad-elsaid/xlog/helpers.go:114.27,115.28 1 0
github.com/emad-elsaid/xlog/helpers.go:115.28,117.3 1 0
github.com/emad-elsaid/xlog/helpers.go:119.2,119.20 1 0
github.com/emad-elsaid/xlog/helpers.go:123.20,125.2 1 0
github.com/emad-elsaid/xlog/helpers.go:127.40,131.2 2 0
github.com/emad-elsaid/xlog/helpers.go:133.30,135.23 2 0
github.com/emad-elsaid/xlog/helpers.go:135.23,137.3 1 0
github.com/emad-elsaid/xlog/helpers.go:139.2,139.34 1 0
github.com/emad-elsaid/xlog/helpers.go:142.35,144.2 1 0
github.com/emad-elsaid/xlog/helpers.go:146.28,148.14 2 0
github.com/emad-elsaid/xlog/helpers.go:148.14,150.3 1 0
github.com/emad-elsaid/xlog/helpers.go:152.2,153.64 2 0
github.com/emad-elsaid/xlog/helpers.go:153.64,155.3 1 0
github.com/emad-elsaid/xlog/helpers.go:157.2,158.48 2 0
github.com/emad-elsaid/xlog/helpers.go:158.48,160.3 1 0
github.com/emad-elsaid/xlog/helpers.go:162.2,163.9 2 0
github.com/emad-elsaid/xlog/helpers.go:163.9,165.3 1 0
github.com/emad-elsaid/xlog/helpers.go:167.2,168.35 2 0
github.com/emad-elsaid/xlog/helpers.go:168.35,170.3 1 0
github.com/emad-elsaid/xlog/helpers.go:172.2,172.60 1 0
github.com/emad-elsaid/xlog/helpers.go:172.60,175.3 2 0
github.com/emad-elsaid/xlog/helpers.go:177.2,177.13 1 0
github.com/emad-elsaid/xlog/helpers.go:180.27,182.63 2 0
github.com/emad-elsaid/xlog/helpers.go:182.63,184.3 1 0
github.com/emad-elsaid/xlog/helpers.go:186.2,186.11 1 0
github.com/emad-elsaid/xlog/helpers.go:189.27,192.14 2 0
github.com/emad-elsaid/xlog/helpers.go:192.14,194.3 1 0
github.com/emad-elsaid/xlog/helpers.go:196.2,196.10 1 0
github.com/emad-elsaid/xlog/helpers.go:200.34,202.2 1 0
github.com/emad-elsaid/xlog/markdown_fs.go:20.42,22.16 2 1
github.com/emad-elsaid/xlog/markdown_fs.go:22.16,24.49 2 0
github.com/emad-elsaid/xlog/markdown_fs.go:27.2,34.26 2 1
github.com/emad-elsaid/xlog/markdown_fs.go:34.26,35.18 1 0
github.com/emad-elsaid/xlog/markdown_fs.go:35.18,37.5 1 0
github.com/emad-elsaid/xlog/markdown_fs.go:39.4,41.5 1 0
github.com/emad-elsaid/xlog/markdown_fs.go:45.2,45.33 1 1
github.com/emad-elsaid/xlog/markdown_fs.go:45.33,46.13 1 0
github.com/emad-elsaid/xlog/markdown_fs.go:46.13,50.18 3 0
github.com/emad-elsaid/xlog/markdown_fs.go:50.18,53.5 2 0
github.com/emad-elsaid/xlog/markdown_fs.go:55.4,55.74 1 0
github.com/emad-elsaid/xlog/markdown_fs.go:55.74,58.5 2 0
github.com/emad-elsaid/xlog/markdown_fs.go:59.4,61.8 2 0
github.com/emad-elsaid/xlog/markdown_fs.go:61.8,62.39 1 0
github.com/emad-elsaid/xlog/markdown_fs.go:63.53,65.20 2 0
github.com/emad-elsaid/xlog/markdown_fs.go:65.20,67.15 2 0
github.com/emad-elsaid/xlog/markdown_fs.go:70.6,70.44 1 0
github.com/emad-elsaid/xlog/markdown_fs.go:70.44,71.15 1 0
github.com/emad-elsaid/xlog/markdown_fs.go:74.6,74.32 1 0
github.com/emad-elsaid/xlog/markdown_fs.go:74.32,75.15 1 0
github.com/emad-elsaid/xlog/markdown_fs.go:78.6,81.26 4 0
github.com/emad-elsaid/xlog/markdown_fs.go:82.24,84.20 2 0
github.com/emad-elsaid/xlog/markdown_fs.go:84.20,86.15 2 0
github.com/emad-elsaid/xlog/markdown_fs.go:89.6,89.44 1 0
github.com/emad-elsaid/xlog/markdown_fs.go:89.44,90.15 1 0
github.com/emad-elsaid/xlog/markdown_fs.go:93.6,93.32 1 0
github.com/emad-elsaid/xlog/markdown_fs.go:93.32,94.15 1 0
github.com/emad-elsaid/xlog/markdown_fs.go:97.6,100.26 4 0
github.com/emad-elsaid/xlog/markdown_fs.go:106.2,106.11 1 1
github.com/emad-elsaid/xlog/markdown_fs.go:119.45,123.2 2 0
github.com/emad-elsaid/xlog/markdown_fs.go:125.62,126.81 1 0
github.com/emad-elsaid/xlog/markdown_fs.go:126.81,127.54 1 0
github.com/emad-elsaid/xlog/markdown_fs.go:127.54,129.4 1 0
github.com/emad-elsaid/xlog/markdown_fs.go:131.3,131.10 1 0
github.com/emad-elsaid/xlog/markdown_fs.go:133.21,134.40 1 0
github.com/emad-elsaid/xlog/markdown_fs.go:136.11,140.20 3 0
github.com/emad-elsaid/xlog/markdown_fs.go:140.20,142.5 1 0
github.com/emad-elsaid/xlog/markdown_fs.go:146.3,146.13 1 0
github.com/emad-elsaid/xlog/page.go:57.30,59.2 1 0
github.com/emad-elsaid/xlog/page.go:61.34,63.2 1 0
github.com/emad-elsaid/xlog/page.go:65.30,68.2 2 0
github.com/emad-elsaid/xlog/page.go:70.39,74.78 3 0
github.com/emad-elsaid/xlog/page.go:74.78,76.3 1 0
github.com/emad-elsaid/xlog/page.go:78.2,78.36 1 0
github.com/emad-elsaid/xlog/page.go:81.35,83.16 2 0
github.com/emad-elsaid/xlog/page.go:83.16,85.3 1 0
github.com/emad-elsaid/xlog/page.go:86.2,86.22 1 0
github.com/emad-elsaid/xlog/page.go:89.47,95.54 4 0
github.com/emad-elsaid/xlog/page.go:95.54,100.3 4 0
github.com/emad-elsaid/xlog/page.go:102.2,102.29 1 0
github.com/emad-elsaid/xlog/page.go:105.30,110.16 3 0
github.com/emad-elsaid/xlog/page.go:110.16,112.17 2 0
github.com/emad-elsaid/xlog/page.go:112.17,115.4 2 0
github.com/emad-elsaid/xlog/page.go:117.2,117.13 1 0
github.com/emad-elsaid/xlog/page.go:120.45,125.62 4 0
github.com/emad-elsaid/xlog/page.go:125.62,128.3 2 0
github.com/emad-elsaid/xlog/page.go:130.2,131.66 2 0
github.com/emad-elsaid/xlog/page.go:131.66,134.3 2 0
github.com/emad-elsaid/xlog/page.go:135.2,135.13 1 0
github.com/emad-elsaid/xlog/page.go:138.36,140.16 2 0
github.com/emad-elsaid/xlog/page.go:140.16,142.3 1 0
github.com/emad-elsaid/xlog/page.go:144.2,144.20 1 0
github.com/emad-elsaid/xlog/page.go:147.53,151.50 3 0
github.com/emad-elsaid/xlog/page.go:151.50,153.3 1 0
github.com/emad-elsaid/xlog/page.go:155.2,155.31 1 0
github.com/emad-elsaid/xlog/page.go:158.29,162.2 3 0
github.com/emad-elsaid/xlog/page.go:171.45,171.58 1 0
github.com/emad-elsaid/xlog/page.go:172.45,172.61 1 0
github.com/emad-elsaid/xlog/page.go:173.45,173.58 1 0
github.com/emad-elsaid/xlog/page.go:174.45,174.61 1 0
github.com/emad-elsaid/xlog/page.go:175.45,175.61 1 0
github.com/emad-elsaid/xlog/page.go:176.45,176.67 1 0
github.com/emad-elsaid/xlog/page.go:177.45,177.64 1 0
github.com/emad-elsaid/xlog/page.go:178.45,178.65 1 0
github.com/emad-elsaid/xlog/page.go:179.45,180.23 1 0
github.com/emad-elsaid/xlog/page.go:180.23,182.3 1 0
github.com/emad-elsaid/xlog/page.go:184.2,184.11 1 0
github.com/emad-elsaid/xlog/page_source.go:18.36,19.25 1 0
github.com/emad-elsaid/xlog/page_source.go:19.25,21.29 2 0
github.com/emad-elsaid/xlog/page_source.go:21.29,23.4 1 0
github.com/emad-elsaid/xlog/page_source.go:26.2,26.8 1 0
github.com/emad-elsaid/xlog/page_source.go:29.39,31.2 1 0
github.com/emad-elsaid/xlog/preprocessor.go:15.43,15.87 1 0
github.com/emad-elsaid/xlog/preprocessor.go:19.44,20.34 1 0
github.com/emad-elsaid/xlog/preprocessor.go:20.34,22.3 1 0
github.com/emad-elsaid/xlog/preprocessor.go:24.2,24.16 1 0
github.com/emad-elsaid/xlog/property.go:23.48,25.2 1 0
github.com/emad-elsaid/xlog/property.go:30.45,32.38 2 0
github.com/emad-elsaid/xlog/property.go:32.38,33.32 1 0
github.com/emad-elsaid/xlog/property.go:33.32,35.4 1 0
github.com/emad-elsaid/xlog/property.go:38.2,38.11 1 0
github.com/emad-elsaid/xlog/property.go:43.39,43.67 1 0
github.com/emad-elsaid/xlog/property.go:44.39,44.70 1 0
github.com/emad-elsaid/xlog/property.go:45.39,45.71 1 0
github.com/emad-elsaid/xlog/property.go:47.38,48.26 1 0
github.com/emad-elsaid/xlog/property.go:48.26,50.3 1 0
github.com/emad-elsaid/xlog/property.go:52.2,54.3 1 0
github.com/emad-elsaid/xlog/renderer.go:20.65,45.2 1 0
github.com/emad-elsaid/xlog/renderer.go:50.59,51.14 1 0
github.com/emad-elsaid/xlog/renderer.go:51.14,53.3 1 0
github.com/emad-elsaid/xlog/renderer.go:55.2,55.74 1 0
github.com/emad-elsaid/xlog/renderer.go:55.74,56.28 1 0
github.com/emad-elsaid/xlog/renderer.go:56.28,58.4 1 0
github.com/emad-elsaid/xlog/renderer.go:60.3,60.31 1 0
github.com/emad-elsaid/xlog/renderer.go:63.2,63.8 1 0
github.com/emad-elsaid/xlog/renderer.go:67.51,68.14 1 0
github.com/emad-elsaid/xlog/renderer.go:68.14,70.3 1 0
github.com/emad-elsaid/xlog/renderer.go:72.2,72.74 1 0
github.com/emad-elsaid/xlog/renderer.go:72.74,73.16 1 0
github.com/emad-elsaid/xlog/renderer.go:73.16,75.4 1 0
github.com/emad-elsaid/xlog/renderer.go:77.3,77.30 1 0
github.com/emad-elsaid/xlog/renderer.go:77.30,79.4 1 0
github.com/emad-elsaid/xlog/renderer.go:80.3,80.31 1 0
github.com/emad-elsaid/xlog/renderer.go:83.2,83.8 1 0
github.com/emad-elsaid/xlog/server.go:35.75,36.22 1 0
github.com/emad-elsaid/xlog/server.go:36.22,45.30 3 0
github.com/emad-elsaid/xlog/server.go:45.30,48.4 2 0
github.com/emad-elsaid/xlog/server.go:50.3,51.45 1 0
github.com/emad-elsaid/xlog/server.go:54.2,56.8 2 0
github.com/emad-elsaid/xlog/server.go:59.28,62.41 3 0
github.com/emad-elsaid/xlog/server.go:62.41,64.3 1 0
github.com/emad-elsaid/xlog/server.go:66.2,71.3 1 0
github.com/emad-elsaid/xlog/server.go:78.69,79.37 1 0
github.com/emad-elsaid/xlog/server.go:79.37,81.3 1 0
github.com/emad-elsaid/xlog/server.go:85.34,86.37 1 0
github.com/emad-elsaid/xlog/server.go:86.37,88.3 1 0
github.com/emad-elsaid/xlog/server.go:92.36,93.37 1 0
github.com/emad-elsaid/xlog/server.go:93.37,95.3 1 0
github.com/emad-elsaid/xlog/server.go:99.44,100.37 1 0
github.com/emad-elsaid/xlog/server.go:100.37,102.3 1 0
github.com/emad-elsaid/xlog/server.go:106.34,107.37 1 0
github.com/emad-elsaid/xlog/server.go:107.37,109.3 1 0
github.com/emad-elsaid/xlog/server.go:113.25,114.37 1 0
github.com/emad-elsaid/xlog/server.go:114.37,116.3 1 0
github.com/emad-elsaid/xlog/server.go:120.36,121.37 1 0
github.com/emad-elsaid/xlog/server.go:121.37,122.50 1 0
github.com/emad-elsaid/xlog/server.go:122.50,124.4 1 0
github.com/emad-elsaid/xlog/server.go:128.33,129.37 1 0
github.com/emad-elsaid/xlog/server.go:129.37,131.17 2 0
github.com/emad-elsaid/xlog/server.go:131.17,132.68 1 0
github.com/emad-elsaid/xlog/server.go:132.68,134.5 1 0
github.com/emad-elsaid/xlog/server.go:135.4,135.10 1 0
github.com/emad-elsaid/xlog/server.go:138.3,138.39 1 0
github.com/emad-elsaid/xlog/server.go:138.39,140.4 1 0
github.com/emad-elsaid/xlog/server.go:146.44,149.2 2 0
github.com/emad-elsaid/xlog/server.go:153.45,156.2 2 0
github.com/emad-elsaid/xlog/server.go:160.47,163.2 2 0
github.com/emad-elsaid/xlog/server.go:166.46,167.37 1 0
github.com/emad-elsaid/xlog/server.go:167.37,168.63 1 0
github.com/emad-elsaid/xlog/server.go:168.63,170.4 1 0
github.com/emad-elsaid/xlog/server.go:174.56,175.54 1 0
github.com/emad-elsaid/xlog/server.go:175.54,179.3 3 0
github.com/emad-elsaid/xlog/server.go:183.31,184.37 1 0
github.com/emad-elsaid/xlog/server.go:184.37,187.3 2 0
github.com/emad-elsaid/xlog/server.go:192.39,199.2 6 0
github.com/emad-elsaid/xlog/template.go:25.47,28.2 2 0
github.com/emad-elsaid/xlog/template.go:30.25,37.44 4 1
github.com/emad-elsaid/xlog/template.go:37.44,39.3 1 0
github.com/emad-elsaid/xlog/template.go:41.2,42.35 2 1
github.com/emad-elsaid/xlog/template.go:42.35,43.75 1 1
github.com/emad-elsaid/xlog/template.go:43.75,44.18 1 1
github.com/emad-elsaid/xlog/template.go:44.18,46.5 1 0
github.com/emad-elsaid/xlog/template.go:48.4,48.57 1 1
github.com/emad-elsaid/xlog/template.go:48.57,54.19 5 1
github.com/emad-elsaid/xlog/template.go:54.19,56.6 1 0
github.com/emad-elsaid/xlog/template.go:58.5,58.71 1 1
github.com/emad-elsaid/xlog/template.go:61.4,61.14 1 1
github.com/emad-elsaid/xlog/template.go:69.54,71.14 2 0
github.com/emad-elsaid/xlog/template.go:71.14,73.3 1 0
github.com/emad-elsaid/xlog/template.go:75.2,75.17 1 0
github.com/emad-elsaid/xlog/template.go:75.17,77.3 1 0
github.com/emad-elsaid/xlog/template.go:79.2,83.43 3 0
github.com/emad-elsaid/xlog/template.go:83.43,85.3 1 0
github.com/emad-elsaid/xlog/template.go:87.2,87.34 1 0
github.com/emad-elsaid/xlog/widgets.go:40.68,45.9 4 0
github.com/emad-elsaid/xlog/widgets.go:45.9,48.3 2 0
github.com/emad-elsaid/xlog/widgets.go:50.2,50.21 1 0
github.com/emad-elsaid/xlog/widgets.go:55.60,60.9 4 0
github.com/emad-elsaid/xlog/widgets.go:60.9,62.3 1 0
github.com/emad-elsaid/xlog/widgets.go:64.2,64.25 1 0
github.com/emad-elsaid/xlog/widgets.go:64.25,66.3 1 0
github.com/emad-elsaid/xlog/widgets.go:67.2,67.8 1 0
github.com/emad-elsaid/xlog/widgets.go:79.58,82.2 2 0
github.com/emad-elsaid/xlog/widgets.go:84.45,85.43 1 0
github.com/emad-elsaid/xlog/widgets.go:85.43,87.3 1 0
github.com/emad-elsaid/xlog/widgets.go:91.46,92.34 1 0
github.com/emad-elsaid/xlog/widgets.go:92.34,93.30 1 0
github.com/emad-elsaid/xlog/widgets.go:93.30,94.22 1 0
github.com/emad-elsaid/xlog/widgets.go:94.22,96.5 1 0
github.com/emad-elsaid/xlog/extensions/activitypub/activitypub.go:22.13,30.2 6 1
github.com/emad-elsaid/xlog/extensions/activitypub/activitypub.go:34.34,34.58 1 0
github.com/emad-elsaid/xlog/extensions/activitypub/activitypub.go:35.27,41.2 5 0
github.com/emad-elsaid/xlog/extensions/activitypub/activitypub.go:43.33,44.36 1 0
github.com/emad-elsaid/xlog/extensions/activitypub/activitypub.go:44.36,46.3 1 0
github.com/emad-elsaid/xlog/extensions/activitypub/activitypub.go:48.2,54.25 5 0
github.com/emad-elsaid/xlog/extensions/activitypub/activitypub.go:63.34,64.36 1 0
github.com/emad-elsaid/xlog/extensions/activitypub/activitypub.go:64.36,66.3 1 0
github.com/emad-elsaid/xlog/extensions/activitypub/activitypub.go:68.2,96.3 1 0
github.com/emad-elsaid/xlog/extensions/activitypub/activitypub.go:114.32,115.36 1 0
github.com/emad-elsaid/xlog/extensions/activitypub/activitypub.go:115.36,117.3 1 0
github.com/emad-elsaid/xlog/extensions/activitypub/activitypub.go:119.2,119.41 1 0
github.com/emad-elsaid/xlog/extensions/activitypub/activitypub.go:119.41,121.3 1 0
github.com/emad-elsaid/xlog/extensions/activitypub/activitypub.go:123.2,148.3 1 0
github.com/emad-elsaid/xlog/extensions/activitypub/activitypub.go:161.31,162.36 1 0
github.com/emad-elsaid/xlog/extensions/activitypub/activitypub.go:162.36,164.3 1 0
github.com/emad-elsaid/xlog/extensions/activitypub/activitypub.go:166.2,166.41 1 0
github.com/emad-elsaid/xlog/extensions/activitypub/activitypub.go:166.41,168.3 1 0
github.com/emad-elsaid/xlog/extensions/activitypub/activitypub.go:170.2,171.35 2 0
github.com/emad-elsaid/xlog/extensions/activitypub/activitypub.go:171.35,174.3 2 0
github.com/emad-elsaid/xlog/extensions/activitypub/activitypub.go:176.2,185.3 1 0
github.com/emad-elsaid/xlog/extensions/activitypub/activitypub.go:217.35,218.36 1 0
github.com/emad-elsaid/xlog/extensions/activitypub/activitypub.go:218.36,220.3 1 0
github.com/emad-elsaid/xlog/extensions/activitypub/activitypub.go:222.2,222.41 1 0
github.com/emad-elsaid/xlog/extensions/activitypub/activitypub.go:222.41,224.3 1 0
github.com/emad-elsaid/xlog/extensions/activitypub/activitypub.go:226.2,231.51 4 0
github.com/emad-elsaid/xlog/extensions/activitypub/activitypub.go:231.51,233.3 1 0
github.com/emad-elsaid/xlog/extensions/activitypub/activitypub.go:235.2,236.45 2 0
github.com/emad-elsaid/xlog/extensions/activitypub/activitypub.go:236.45,237.64 1 0
github.com/emad-elsaid/xlog/extensions/activitypub/activitypub.go:237.64,239.4 1 0
github.com/emad-elsaid/xlog/extensions/activitypub/activitypub.go:241.3,241.45 1 0
github.com/emad-elsaid/xlog/extensions/activitypub/activitypub.go:244.2,278.3 6 0
github.com/emad-elsaid/xlog/extensions/autolink/autolink.go:12.13,14.2 1 1
github.com/emad-elsaid/xlog/extensions/autolink/autolink.go:18.31,18.52 1 0
github.com/emad-elsaid/xlog/extensions/autolink/autolink.go:19.24,23.2 1 0
github.com/emad-elsaid/xlog/extensions/autolink/autolink.go:27.76,29.2 1 0
github.com/emad-elsaid/xlog/extensions/autolink/autolink.go:31.100,33.15 2 0
github.com/emad-elsaid/xlog/extensions/autolink/autolink.go:33.15,35.3 1 0
github.com/emad-elsaid/xlog/extensions/autolink/autolink.go:36.2,40.24 5 0
github.com/emad-elsaid/xlog/extensions/autolink/autolink.go:40.24,42.3 1 0
github.com/emad-elsaid/xlog/extensions/autolink/autolink.go:44.2,44.100 1 0
github.com/emad-elsaid/xlog/extensions/autolink/autolink.go:44.100,46.3 1 0
github.com/emad-elsaid/xlog/extensions/autolink/autolink.go:47.2,48.27 2 0
github.com/emad-elsaid/xlog/extensions/autolink/autolink.go:48.27,51.3 2 0
github.com/emad-elsaid/xlog/extensions/autolink/autolink.go:51.8,53.3 1 0
github.com/emad-elsaid/xlog/extensions/autolink/autolink.go:54.2,56.30 3 0
github.com/emad-elsaid/xlog/extensions/autolink_pages/autolink_pages.go:29.46,29.63 1 0
github.com/emad-elsaid/xlog/extensions/autolink_pages/autolink_pages.go:30.46,30.73 1 0
github.com/emad-elsaid/xlog/extensions/autolink_pages/autolink_pages.go:31.51,33.2 1 0
github.com/emad-elsaid/xlog/extensions/autolink_pages/autolink_pages.go:38.40,42.67 3 0
github.com/emad-elsaid/xlog/extensions/autolink_pages/autolink_pages.go:42.67,47.3 1 0
github.com/emad-elsaid/xlog/extensions/autolink_pages/autolink_pages.go:48.2,50.8 3 0
github.com/emad-elsaid/xlog/extensions/autolink_pages/autolink_pages.go:53.47,56.26 3 0
github.com/emad-elsaid/xlog/extensions/autolink_pages/autolink_pages.go:56.26,58.18 2 0
github.com/emad-elsaid/xlog/extensions/autolink_pages/autolink_pages.go:58.18,60.4 1 0
github.com/emad-elsaid/xlog/extensions/autolink_pages/autolink_pages.go:63.2,63.8 1 0
github.com/emad-elsaid/xlog/extensions/autolink_pages/autolink_pages.go:66.45,67.30 1 0
github.com/emad-elsaid/xlog/extensions/autolink_pages/autolink_pages.go:67.30,69.3 1 0
github.com/emad-elsaid/xlog/extensions/autolink_pages/autolink_pages.go:71.2,71.59 1 0
github.com/emad-elsaid/xlog/extensions/autolink_pages/autolink_pages.go:71.59,73.61 2 0
github.com/emad-elsaid/xlog/extensions/autolink_pages/autolink_pages.go:73.61,75.4 1 0
github.com/emad-elsaid/xlog/extensions/autolink_pages/autolink_pages.go:77.3,77.11 1 0
github.com/emad-elsaid/xlog/extensions/autolink_pages/autolink_pages.go:80.2,80.53 1 0
github.com/emad-elsaid/xlog/extensions/autolink_pages/autolink_pages.go:85.70,86.30 1 0
github.com/emad-elsaid/xlog/extensions/autolink_pages/autolink_pages.go:86.30,88.49 2 0
github.com/emad-elsaid/xlog/extensions/autolink_pages/autolink_pages.go:88.49,90.4 1 0
github.com/emad-elsaid/xlog/extensions/autolink_pages/autolink_pages.go:92.2,92.30 1 0
github.com/emad-elsaid/xlog/extensions/autolink_pages/autolink_pages.go:92.30,97.34 3 0
github.com/emad-elsaid/xlog/extensions/autolink_pages/autolink_pages.go:97.34,99.38 2 0
github.com/emad-elsaid/xlog/extensions/autolink_pages/autolink_pages.go:99.38,101.5 1 0
github.com/emad-elsaid/xlog/extensions/autolink_pages/autolink_pages.go:102.9,108.41 4 0
github.com/emad-elsaid/xlog/extensions/autolink_pages/autolink_pages.go:108.41,110.5 1 0
github.com/emad-elsaid/xlog/extensions/autolink_pages/autolink_pages.go:114.4,114.43 1 0
github.com/emad-elsaid/xlog/extensions/autolink_pages/autolink_pages.go:114.43,116.5 1 0
github.com/emad-elsaid/xlog/extensions/autolink_pages/autolink_pages.go:120.2,120.57 1 0
github.com/emad-elsaid/xlog/extensions/autolink_pages/autolink_pages.go:120.57,121.51 1 0
github.com/emad-elsaid/xlog/extensions/autolink_pages/autolink_pages.go:121.51,123.4 1 0
github.com/emad-elsaid/xlog/extensions/autolink_pages/autolink_pages.go:125.3,125.25 1 0
github.com/emad-elsaid/xlog/extensions/autolink_pages/autolink_pages.go:125.25,126.9 1 0
github.com/emad-elsaid/xlog/extensions/autolink_pages/autolink_pages.go:130.2,130.14 1 0
github.com/emad-elsaid/xlog/extensions/autolink_pages/extension.go:10.13,12.2 1 1
github.com/emad-elsaid/xlog/extensions/autolink_pages/extension.go:16.36,16.63 1 0
github.com/emad-elsaid/xlog/extensions/autolink_pages/extension.go:17.29,18.22 1 0
github.com/emad-elsaid/xlog/extensions/autolink_pages/extension.go:18.22,21.3 2 0
github.com/emad-elsaid/xlog/extensions/autolink_pages/extension.go:23.2,30.4 4 0
github.com/emad-elsaid/xlog/extensions/autolink_pages/node.go:15.38,17.2 1 0
github.com/emad-elsaid/xlog/extensions/autolink_pages/node.go:19.51,24.2 2 0
github.com/emad-elsaid/xlog/extensions/autolink_pages/parser.go:15.41,18.2 1 0
github.com/emad-elsaid/xlog/extensions/autolink_pages/parser.go:20.96,21.24 1 0
github.com/emad-elsaid/xlog/extensions/autolink_pages/parser.go:21.24,23.3 1 0
github.com/emad-elsaid/xlog/extensions/autolink_pages/parser.go:25.2,25.26 1 0
github.com/emad-elsaid/xlog/extensions/autolink_pages/parser.go:25.26,26.46 1 0
github.com/emad-elsaid/xlog/extensions/autolink_pages/parser.go:26.46,29.4 1 0
github.com/emad-elsaid/xlog/extensions/autolink_pages/parser.go:32.2,33.17 2 0
github.com/emad-elsaid/xlog/extensions/autolink_pages/parser.go:33.17,35.3 1 0
github.com/emad-elsaid/xlog/extensions/autolink_pages/parser.go:37.2,41.62 4 0
github.com/emad-elsaid/xlog/extensions/autolink_pages/parser.go:41.62,45.3 3 0
github.com/emad-elsaid/xlog/extensions/autolink_pages/parser.go:47.2,51.34 4 0
github.com/emad-elsaid/xlog/extensions/autolink_pages/parser.go:51.34,52.40 1 0
github.com/emad-elsaid/xlog/extensions/autolink_pages/parser.go:52.40,53.12 1 0
github.com/emad-elsaid/xlog/extensions/autolink_pages/parser.go:57.3,57.58 1 0
github.com/emad-elsaid/xlog/extensions/autolink_pages/parser.go:57.58,60.9 3 0
github.com/emad-elsaid/xlog/extensions/autolink_pages/parser.go:64.2,65.51 1 0
github.com/emad-elsaid/xlog/extensions/autolink_pages/parser.go:65.51,68.3 2 0
github.com/emad-elsaid/xlog/extensions/autolink_pages/parser.go:70.2,70.19 1 0
github.com/emad-elsaid/xlog/extensions/autolink_pages/parser.go:70.19,73.3 2 0
github.com/emad-elsaid/xlog/extensions/autolink_pages/parser.go:74.2,82.13 6 0
github.com/emad-elsaid/xlog/extensions/autolink_pages/renderer.go:13.83,15.2 1 0
github.com/emad-elsaid/xlog/extensions/autolink_pages/renderer.go:17.100,18.14 1 0
github.com/emad-elsaid/xlog/extensions/autolink_pages/renderer.go:18.14,25.17 3 0
github.com/emad-elsaid/xlog/extensions/autolink_pages/renderer.go:25.17,27.4 1 0
github.com/emad-elsaid/xlog/extensions/autolink_pages/renderer.go:29.3,29.51 1 0
github.com/emad-elsaid/xlog/extensions/autolink_pages/renderer.go:29.51,31.21 2 0
github.com/emad-elsaid/xlog/extensions/autolink_pages/renderer.go:31.21,33.5 1 0
github.com/emad-elsaid/xlog/extensions/autolink_pages/renderer.go:34.4,34.114 1 0
github.com/emad-elsaid/xlog/extensions/autolink_pages/renderer.go:34.114,36.5 1 0
github.com/emad-elsaid/xlog/extensions/autolink_pages/renderer.go:38.8,39.50 1 0
github.com/emad-elsaid/xlog/extensions/autolink_pages/renderer.go:39.50,41.4 1 0
github.com/emad-elsaid/xlog/extensions/autolink_pages/renderer.go:44.2,44.30 1 0
github.com/emad-elsaid/xlog/extensions/blocks/blocks.go:20.13,22.2 1 1
github.com/emad-elsaid/xlog/extensions/blocks/blocks.go:26.29,26.48 1 0
github.com/emad-elsaid/xlog/extensions/blocks/blocks.go:27.22,33.2 5 0
github.com/emad-elsaid/xlog/extensions/blocks/blocks.go:35.27,36.91 1 0
github.com/emad-elsaid/xlog/extensions/blocks/blocks.go:36.91,37.17 1 0
github.com/emad-elsaid/xlog/extensions/blocks/blocks.go:37.17,39.4 1 0
github.com/emad-elsaid/xlog/extensions/blocks/blocks.go:41.3,41.16 1 0
github.com/emad-elsaid/xlog/extensions/blocks/blocks.go:41.16,43.4 1 0
github.com/emad-elsaid/xlog/extensions/blocks/blocks.go:45.3,50.13 4 0
github.com/emad-elsaid/xlog/extensions/blocks/blocks.go:54.27,55.80 1 0
github.com/emad-elsaid/xlog/extensions/blocks/blocks.go:55.80,56.17 1 0
github.com/emad-elsaid/xlog/extensions/blocks/blocks.go:56.17,58.4 1 0
github.com/emad-elsaid/xlog/extensions/blocks/blocks.go:60.3,60.16 1 0
github.com/emad-elsaid/xlog/extensions/blocks/blocks.go:60.16,62.4 1 0
github.com/emad-elsaid/xlog/extensions/blocks/blocks.go:64.3,66.13 2 0
github.com/emad-elsaid/xlog/extensions/blocks/blocks.go:70.37,72.2 1 0
github.com/emad-elsaid/xlog/extensions/blocks/blocks.go:74.58,75.46 1 0
github.com/emad-elsaid/xlog/extensions/blocks/blocks.go:75.46,78.56 2 0
github.com/emad-elsaid/xlog/extensions/blocks/blocks.go:78.56,80.4 1 0
github.com/emad-elsaid/xlog/extensions/blocks/blocks.go:82.3,84.31 2 0
github.com/emad-elsaid/xlog/extensions/custom_widget/main.go:14.13,20.2 4 1
github.com/emad-elsaid/xlog/extensions/custom_widget/main.go:24.35,24.61 1 0
github.com/emad-elsaid/xlog/extensions/custom_widget/main.go:25.28,26.21 1 0
github.com/emad-elsaid/xlog/extensions/custom_widget/main.go:26.21,27.58 1 0
github.com/emad-elsaid/xlog/extensions/custom_widget/main.go:27.58,29.4 1 0
github.com/emad-elsaid/xlog/extensions/custom_widget/main.go:31.2,31.28 1 0
github.com/emad-elsaid/xlog/extensions/custom_widget/main.go:31.28,32.64 1 0
github.com/emad-elsaid/xlog/extensions/custom_widget/main.go:32.64,34.4 1 0
github.com/emad-elsaid/xlog/extensions/custom_widget/main.go:36.2,36.27 1 0
github.com/emad-elsaid/xlog/extensions/custom_widget/main.go:36.27,37.63 1 0
github.com/emad-elsaid/xlog/extensions/custom_widget/main.go:37.63,39.4 1 0
github.com/emad-elsaid/xlog/extensions/custom_widget/main.go:43.57,45.16 2 0
github.com/emad-elsaid/xlog/extensions/custom_widget/main.go:45.16,46.13 1 0
github.com/emad-elsaid/xlog/extensions/custom_widget/main.go:49.2,49.25 1 0
github.com/emad-elsaid/xlog/cmd/xlog/xlog.go:13.13,15.2 1 0
github.com/emad-elsaid/xlog/extensions/date/extension.go:10.13,12.2 1 1
github.com/emad-elsaid/xlog/extensions/date/extension.go:16.27,16.44 1 0
github.com/emad-elsaid/xlog/extensions/date/extension.go:17.20,31.2 7 0
github.com/emad-elsaid/xlog/extensions/date/handlers.go:14.36,17.16 3 0
github.com/emad-elsaid/xlog/extensions/date/handlers.go:17.16,19.3 1 0
github.com/emad-elsaid/xlog/extensions/date/handlers.go:21.2,21.50 1 0
github.com/emad-elsaid/xlog/extensions/date/handlers.go:21.50,24.30 3 0
github.com/emad-elsaid/xlog/extensions/date/handlers.go:24.30,25.26 1 0
github.com/emad-elsaid/xlog/extensions/date/handlers.go:25.26,27.5 1 0
github.com/emad-elsaid/xlog/extensions/date/handlers.go:30.3,30.13 1 0
github.com/emad-elsaid/xlog/extensions/date/handlers.go:33.2,36.4 1 0
github.com/emad-elsaid/xlog/extensions/date/handlers.go:39.40,42.37 2 0
github.com/emad-elsaid/xlog/extensions/date/handlers.go:42.37,44.17 2 0
github.com/emad-elsaid/xlog/extensions/date/handlers.go:44.17,46.4 1 0
github.com/emad-elsaid/xlog/extensions/date/handlers.go:48.3,48.50 1 0
github.com/emad-elsaid/xlog/extensions/date/handlers.go:48.50,50.4 1 0
github.com/emad-elsaid/xlog/extensions/date/handlers.go:53.2,55.43 2 0
github.com/emad-elsaid/xlog/extensions/date/handlers.go:55.43,57.3 1 0
github.com/emad-elsaid/xlog/extensions/date/handlers.go:59.2,62.4 1 0
github.com/emad-elsaid/xlog/extensions/date/handlers.go:85.44,88.26 2 0
github.com/emad-elsaid/xlog/extensions/date/handlers.go:88.26,90.27 2 0
github.com/emad-elsaid/xlog/extensions/date/handlers.go:90.27,92.4 1 0
github.com/emad-elsaid/xlog/extensions/date/handlers.go:93.3,93.57 1 0
github.com/emad-elsaid/xlog/extensions/date/handlers.go:96.2,97.36 2 0
github.com/emad-elsaid/xlog/extensions/date/handlers.go:97.36,101.36 3 0
github.com/emad-elsaid/xlog/extensions/date/handlers.go:101.36,109.24 6 0
github.com/emad-elsaid/xlog/extensions/date/handlers.go:109.24,110.28 1 0
github.com/emad-elsaid/xlog/extensions/date/handlers.go:110.28,112.6 1 0
github.com/emad-elsaid/xlog/extensions/date/handlers.go:115.4,116.35 2 0
github.com/emad-elsaid/xlog/extensions/date/handlers.go:116.35,117.36 1 0
github.com/emad-elsaid/xlog/extensions/date/handlers.go:117.36,118.11 1 0
github.com/emad-elsaid/xlog/extensions/date/handlers.go:120.5,122.40 3 0
github.com/emad-elsaid/xlog/extensions/date/handlers.go:122.40,124.6 1 0
github.com/emad-elsaid/xlog/extensions/date/handlers.go:125.5,125.29 1 0
github.com/emad-elsaid/xlog/extensions/date/handlers.go:125.29,126.42 1 0
github.com/emad-elsaid/xlog/extensions/date/handlers.go:126.42,128.7 1 0
github.com/emad-elsaid/xlog/extensions/date/handlers.go:130.5,130.45 1 0
github.com/emad-elsaid/xlog/extensions/date/handlers.go:133.4,134.56 2 0
github.com/emad-elsaid/xlog/extensions/date/handlers.go:137.3,137.34 1 0
github.com/emad-elsaid/xlog/extensions/date/handlers.go:140.2,140.14 1 0
github.com/emad-elsaid/xlog/extensions/date/links.go:9.38,13.2 1 0
github.com/emad-elsaid/xlog/extensions/date/links.go:17.31,17.71 1 0
github.com/emad-elsaid/xlog/extensions/date/links.go:18.31,18.52 1 0
github.com/emad-elsaid/xlog/extensions/date/links.go:19.51,23.2 1 0
github.com/emad-elsaid/xlog/extensions/date/node.go:17.51,22.2 2 0
github.com/emad-elsaid/xlog/extensions/date/node.go:24.40,26.2 1 0
github.com/emad-elsaid/xlog/extensions/date/parser.go:14.39,16.2 1 0
github.com/emad-elsaid/xlog/extensions/date/parser.go:48.93,50.16 2 0
github.com/emad-elsaid/xlog/extensions/date/parser.go:50.16,52.3 1 0
github.com/emad-elsaid/xlog/extensions/date/parser.go:54.2,56.17 2 0
github.com/emad-elsaid/xlog/extensions/date/parser.go:56.17,59.3 2 0
github.com/emad-elsaid/xlog/extensions/date/parser.go:61.2,63.22 3 0
github.com/emad-elsaid/xlog/extensions/date/parser.go:63.22,66.14 1 0
github.com/emad-elsaid/xlog/extensions/date/parser.go:66.14,68.9 2 0
github.com/emad-elsaid/xlog/extensions/date/parser.go:72.3,72.65 1 0
github.com/emad-elsaid/xlog/extensions/date/parser.go:72.65,74.4 1 0
github.com/emad-elsaid/xlog/extensions/date/parser.go:76.3,76.21 1 0
github.com/emad-elsaid/xlog/extensions/date/parser.go:76.21,78.9 2 0
github.com/emad-elsaid/xlog/extensions/date/parser.go:82.2,85.39 3 0
github.com/emad-elsaid/xlog/extensions/date/parser.go:85.39,87.17 2 0
github.com/emad-elsaid/xlog/extensions/date/parser.go:87.17,92.4 2 0
github.com/emad-elsaid/xlog/extensions/date/parser.go:95.2,95.12 1 0
github.com/emad-elsaid/xlog/extensions/date/renderer.go:14.79,16.2 1 0
github.com/emad-elsaid/xlog/extensions/date/renderer.go:18.115,19.15 1 0
github.com/emad-elsaid/xlog/extensions/date/renderer.go:19.15,21.3 1 0
github.com/emad-elsaid/xlog/extensions/date/renderer.go:23.2,24.9 2 0
github.com/emad-elsaid/xlog/extensions/date/renderer.go:24.9,26.3 1 0
github.com/emad-elsaid/xlog/extensions/date/renderer.go:28.2,31.194 3 0
github.com/emad-elsaid/xlog/extensions/date/renderer.go:31.194,33.3 1 0
github.com/emad-elsaid/xlog/extensions/date/renderer.go:35.2,35.30 1 0
github.com/emad-elsaid/xlog/extensions/disqus/main.go:32.13,35.2 2 1
github.com/emad-elsaid/xlog/extensions/disqus/main.go:39.29,39.48 1 0
github.com/emad-elsaid/xlog/extensions/disqus/main.go:40.22,42.2 1 0
github.com/emad-elsaid/xlog/extensions/disqus/main.go:44.35,45.18 1 0
github.com/emad-elsaid/xlog/extensions/disqus/main.go:45.18,47.3 1 0
github.com/emad-elsaid/xlog/extensions/disqus/main.go:49.2,50.30 2 0
github.com/emad-elsaid/xlog/extensions/editor/extension.go:19.13,24.2 3 1
github.com/emad-elsaid/xlog/extensions/editor/extension.go:28.29,28.48 1 0
github.com/emad-elsaid/xlog/extensions/editor/extension.go:29.22,30.26 1 0
github.com/emad-elsaid/xlog/extensions/editor/extension.go:30.26,32.3 1 0
github.com/emad-elsaid/xlog/extensions/editor/extension.go:34.2,36.41 3 0
github.com/emad-elsaid/xlog/extensions/editor/extension.go:39.33,43.2 2 0
github.com/emad-elsaid/xlog/extensions/editor/extension.go:45.33,46.17 1 0
github.com/emad-elsaid/xlog/extensions/editor/extension.go:46.17,48.3 1 0
github.com/emad-elsaid/xlog/extensions/editor/extension.go:52.2,52.64 1 0
github.com/emad-elsaid/xlog/extensions/editor/extension.go:52.64,54.3 1 0
github.com/emad-elsaid/xlog/extensions/editor/extension.go:56.2,57.24 2 0
github.com/emad-elsaid/xlog/extensions/editor/extension.go:57.24,59.3 1 0
github.com/emad-elsaid/xlog/extensions/editor/extension.go:61.2,67.36 6 0
github.com/emad-elsaid/xlog/extensions/editor/extension.go:67.36,69.3 1 0
github.com/emad-elsaid/xlog/extensions/editor/extension.go:72.48,79.2 4 0
github.com/emad-elsaid/xlog/extensions/editor/extension.go:81.40,82.28 1 0
github.com/emad-elsaid/xlog/extensions/editor/extension.go:82.28,84.3 1 0
github.com/emad-elsaid/xlog/extensions/editor/extension.go:86.2,86.44 1 0
github.com/emad-elsaid/xlog/extensions/editor/extension.go:93.33,93.61 1 0
github.com/emad-elsaid/xlog/extensions/editor/extension.go:94.33,94.50 1 0
github.com/emad-elsaid/xlog/extensions/editor/extension.go:95.55,99.2 1 0
github.com/emad-elsaid/xlog/extensions/embed/embed.go:12.13,14.2 1 1
github.com/emad-elsaid/xlog/extensions/embed/embed.go:18.28,18.46 1 0
github.com/emad-elsaid/xlog/extensions/embed/embed.go:19.21,21.2 1 0
github.com/emad-elsaid/xlog/extensions/embed/embed.go:23.53,25.29 2 0
github.com/emad-elsaid/xlog/extensions/embed/embed.go:25.29,27.3 1 0
github.com/emad-elsaid/xlog/extensions/embed/embed.go:29.2,29.19 1 0
github.com/emad-elsaid/xlog/extensions/frontmatter/extension.go:7.13,9.2 1 1
github.com/emad-elsaid/xlog/extensions/frontmatter/extension.go:13.34,13.58 1 0
github.com/emad-elsaid/xlog/extensions/frontmatter/extension.go:14.27,21.2 3 0
github.com/emad-elsaid/xlog/extensions/frontmatter/extension.go:28.37,28.57 1 0
github.com/emad-elsaid/xlog/extensions/frontmatter/extension.go:29.37,29.72 1 0
github.com/emad-elsaid/xlog/extensions/frontmatter/extension.go:30.37,30.53 1 0
github.com/emad-elsaid/xlog/extensions/frontmatter/extension.go:32.50,34.16 2 0
github.com/emad-elsaid/xlog/extensions/frontmatter/extension.go:34.16,36.3 1 0
github.com/emad-elsaid/xlog/extensions/frontmatter/extension.go:38.2,39.24 2 0
github.com/emad-elsaid/xlog/extensions/frontmatter/extension.go:39.24,41.3 1 0
github.com/emad-elsaid/xlog/extensions/frontmatter/extension.go:43.2,44.29 2 0
github.com/emad-elsaid/xlog/extensions/frontmatter/extension.go:44.29,49.3 1 0
github.com/emad-elsaid/xlog/extensions/frontmatter/extension.go:51.2,51.11 1 0
github.com/emad-elsaid/xlog/extensions/frontmatter/meta.go:36.44,38.14 2 0
github.com/emad-elsaid/xlog/extensions/frontmatter/meta.go:38.14,40.3 1 0
github.com/emad-elsaid/xlog/extensions/frontmatter/meta.go:41.2,42.14 2 0
github.com/emad-elsaid/xlog/extensions/frontmatter/meta.go:47.56,49.17 2 0
github.com/emad-elsaid/xlog/extensions/frontmatter/meta.go:49.17,51.3 1 0
github.com/emad-elsaid/xlog/extensions/frontmatter/meta.go:52.2,53.20 2 0
github.com/emad-elsaid/xlog/extensions/frontmatter/meta.go:53.20,55.3 1 0
github.com/emad-elsaid/xlog/extensions/frontmatter/meta.go:56.2,56.19 1 0
github.com/emad-elsaid/xlog/extensions/frontmatter/meta.go:61.48,63.14 2 0
github.com/emad-elsaid/xlog/extensions/frontmatter/meta.go:63.14,65.3 1 0
github.com/emad-elsaid/xlog/extensions/frontmatter/meta.go:66.2,67.16 2 0
github.com/emad-elsaid/xlog/extensions/frontmatter/meta.go:73.60,75.17 2 0
github.com/emad-elsaid/xlog/extensions/frontmatter/meta.go:75.17,77.3 1 0
github.com/emad-elsaid/xlog/extensions/frontmatter/meta.go:78.2,79.20 2 0
github.com/emad-elsaid/xlog/extensions/frontmatter/meta.go:79.20,81.3 1 0
github.com/emad-elsaid/xlog/extensions/frontmatter/meta.go:82.2,82.21 1 0
github.com/emad-elsaid/xlog/extensions/frontmatter/meta.go:91.37,93.2 1 0
github.com/emad-elsaid/xlog/extensions/frontmatter/meta.go:95.36,97.33 2 0
github.com/emad-elsaid/xlog/extensions/frontmatter/meta.go:97.33,98.21 1 0
github.com/emad-elsaid/xlog/extensions/frontmatter/meta.go:98.21,100.4 1 0
github.com/emad-elsaid/xlog/extensions/frontmatter/meta.go:102.2,102.13 1 0
github.com/emad-elsaid/xlog/extensions/frontmatter/meta.go:105.39,107.2 1 0
github.com/emad-elsaid/xlog/extensions/frontmatter/meta.go:109.110,111.18 2 0
github.com/emad-elsaid/xlog/extensions/frontmatter/meta.go:111.18,113.3 1 0
github.com/emad-elsaid/xlog/extensions/frontmatter/meta.go:114.2,115.23 2 0
github.com/emad-elsaid/xlog/extensions/frontmatter/meta.go:115.23,117.3 1 0
github.com/emad-elsaid/xlog/extensions/frontmatter/meta.go:118.2,118.31 1 0
github.com/emad-elsaid/xlog/extensions/frontmatter/meta.go:121.99,123.46 2 0
github.com/emad-elsaid/xlog/extensions/frontmatter/meta.go:123.46,126.3 2 0
github.com/emad-elsaid/xlog/extensions/frontmatter/meta.go:127.2,128.44 2 0
github.com/emad-elsaid/xlog/extensions/frontmatter/meta.go:131.83,134.35 3 0
github.com/emad-elsaid/xlog/extensions/frontmatter/meta.go:134.35,137.3 2 0
github.com/emad-elsaid/xlog/extensions/frontmatter/meta.go:138.2,141.59 4 0
github.com/emad-elsaid/xlog/extensions/frontmatter/meta.go:141.59,143.3 1 0
github.com/emad-elsaid/xlog/extensions/frontmatter/meta.go:143.8,145.3 1 0
github.com/emad-elsaid/xlog/extensions/frontmatter/meta.go:147.2,148.67 2 0
github.com/emad-elsaid/xlog/extensions/frontmatter/meta.go:148.67,150.3 1 0
github.com/emad-elsaid/xlog/extensions/frontmatter/meta.go:150.8,152.3 1 0
github.com/emad-elsaid/xlog/extensions/frontmatter/meta.go:154.2,156.20 2 0
github.com/emad-elsaid/xlog/extensions/frontmatter/meta.go:156.20,158.3 1 0
github.com/emad-elsaid/xlog/extensions/frontmatter/meta.go:161.51,163.2 1 0
github.com/emad-elsaid/xlog/extensions/frontmatter/meta.go:165.51,167.2 1 0
github.com/emad-elsaid/xlog/extensions/frontmatter/meta.go:194.35,194.36 0 0
github.com/emad-elsaid/xlog/extensions/frontmatter/meta.go:196.57,198.2 1 0
github.com/emad-elsaid/xlog/extensions/frontmatter/meta.go:201.25,205.2 1 0
github.com/emad-elsaid/xlog/extensions/frontmatter/meta.go:213.46,213.47 0 0
github.com/emad-elsaid/xlog/extensions/frontmatter/meta.go:215.68,217.2 1 0
github.com/emad-elsaid/xlog/extensions/frontmatter/meta.go:220.36,224.2 1 0
github.com/emad-elsaid/xlog/extensions/frontmatter/meta.go:226.70,233.25 2 0
github.com/emad-elsaid/xlog/extensions/frontmatter/meta.go:233.25,235.3 1 0
github.com/emad-elsaid/xlog/extensions/frontmatter/meta.go:236.2,236.10 1 0
github.com/emad-elsaid/xlog/extensions/frontmatter/meta.go:239.96,241.17 2 0
github.com/emad-elsaid/xlog/extensions/frontmatter/meta.go:241.17,243.3 1 0
github.com/emad-elsaid/xlog/extensions/frontmatter/meta.go:244.2,245.20 2 0
github.com/emad-elsaid/xlog/extensions/frontmatter/meta.go:245.20,250.3 4 0
github.com/emad-elsaid/xlog/extensions/frontmatter/meta.go:252.2,252.13 1 0
github.com/emad-elsaid/xlog/extensions/frontmatter/meta.go:252.13,254.18 2 0
github.com/emad-elsaid/xlog/extensions/frontmatter/meta.go:254.18,256.4 1 0
github.com/emad-elsaid/xlog/extensions/frontmatter/meta.go:257.3,259.18 3 0
github.com/emad-elsaid/xlog/extensions/frontmatter/meta.go:259.18,261.4 1 0
github.com/emad-elsaid/xlog/extensions/frontmatter/meta.go:262.3,263.29 2 0
github.com/emad-elsaid/xlog/extensions/frontmatter/meta.go:263.29,267.4 3 0
github.com/emad-elsaid/xlog/extensions/frontmatter/meta.go:268.3,271.29 3 0
github.com/emad-elsaid/xlog/extensions/frontmatter/meta.go:271.29,275.4 3 0
github.com/emad-elsaid/xlog/extensions/frontmatter/meta.go:276.3,277.52 2 0
github.com/emad-elsaid/xlog/extensions/frontmatter/meta.go:280.2,280.24 1 0
github.com/emad-elsaid/xlog/extensions/frontmatter/meta.go:280.24,281.27 1 0
github.com/emad-elsaid/xlog/extensions/frontmatter/meta.go:281.27,283.4 1 0
github.com/emad-elsaid/xlog/extensions/frontmatter/meta.go:295.44,300.2 2 0
github.com/emad-elsaid/xlog/extensions/frontmatter/meta.go:303.44,305.32 2 0
github.com/emad-elsaid/xlog/extensions/frontmatter/meta.go:305.32,306.46 1 0
github.com/emad-elsaid/xlog/extensions/frontmatter/meta.go:306.46,308.4 1 0
github.com/emad-elsaid/xlog/extensions/frontmatter/meta.go:310.2,319.3 2 0
github.com/emad-elsaid/xlog/extensions/hashtags/hashtags.go:27.13,33.2 2 1
github.com/emad-elsaid/xlog/extensions/hashtags/hashtags.go:40.32,40.53 1 0
github.com/emad-elsaid/xlog/extensions/hashtags/hashtags.go:41.27,60.2 12 0
github.com/emad-elsaid/xlog/extensions/hashtags/hashtags.go:62.46,66.2 2 0
github.com/emad-elsaid/xlog/extensions/hashtags/hashtags.go:68.46,70.2 1 0
github.com/emad-elsaid/xlog/extensions/hashtags/hashtags.go:72.51,76.32 3 0
github.com/emad-elsaid/xlog/extensions/hashtags/hashtags.go:76.32,78.3 1 0
github.com/emad-elsaid/xlog/extensions/hashtags/hashtags.go:80.2,84.13 4 0
github.com/emad-elsaid/xlog/extensions/hashtags/hashtags.go:87.50,91.37 3 0
github.com/emad-elsaid/xlog/extensions/hashtags/hashtags.go:91.37,95.28 4 0
github.com/emad-elsaid/xlog/extensions/hashtags/hashtags.go:95.28,99.29 2 0
github.com/emad-elsaid/xlog/extensions/hashtags/hashtags.go:99.29,100.13 1 0
github.com/emad-elsaid/xlog/extensions/hashtags/hashtags.go:103.4,106.31 3 0
github.com/emad-elsaid/xlog/extensions/hashtags/hashtags.go:106.31,108.5 1 0
github.com/emad-elsaid/xlog/extensions/hashtags/hashtags.go:108.10,110.5 1 0
github.com/emad-elsaid/xlog/extensions/hashtags/hashtags.go:111.4,111.16 1 0
github.com/emad-elsaid/xlog/extensions/hashtags/hashtags.go:115.2,118.4 1 0
github.com/emad-elsaid/xlog/extensions/hashtags/hashtags.go:121.49,128.2 2 0
github.com/emad-elsaid/xlog/extensions/hashtags/hashtags.go:130.73,133.40 2 0
github.com/emad-elsaid/xlog/extensions/hashtags/hashtags.go:133.40,134.31 1 0
github.com/emad-elsaid/xlog/extensions/hashtags/hashtags.go:134.31,136.4 1 0
github.com/emad-elsaid/xlog/extensions/hashtags/hashtags.go:138.3,139.26 2 0
github.com/emad-elsaid/xlog/extensions/hashtags/hashtags.go:139.26,140.30 1 0
github.com/emad-elsaid/xlog/extensions/hashtags/hashtags.go:140.30,142.5 1 0
github.com/emad-elsaid/xlog/extensions/hashtags/hashtags.go:145.3,145.13 1 0
github.com/emad-elsaid/xlog/extensions/hashtags/hashtags.go:149.55,150.30 1 0
github.com/emad-elsaid/xlog/extensions/hashtags/hashtags.go:150.30,152.3 1 0
github.com/emad-elsaid/xlog/extensions/hashtags/hashtags.go:154.2,157.35 4 0
github.com/emad-elsaid/xlog/extensions/hashtags/hashtags.go:157.35,159.3 1 0
github.com/emad-elsaid/xlog/extensions/hashtags/hashtags.go:161.2,161.60 1 0
github.com/emad-elsaid/xlog/extensions/hashtags/hashtags.go:161.60,162.28 1 0
github.com/emad-elsaid/xlog/extensions/hashtags/hashtags.go:162.28,164.4 1 0
github.com/emad-elsaid/xlog/extensions/hashtags/hashtags.go:166.3,168.35 3 0
github.com/emad-elsaid/xlog/extensions/hashtags/hashtags.go:168.35,169.39 1 0
github.com/emad-elsaid/xlog/extensions/hashtags/hashtags.go:169.39,171.5 1 0
github.com/emad-elsaid/xlog/extensions/hashtags/hashtags.go:174.3,174.13 1 0
github.com/emad-elsaid/xlog/extensions/hashtags/hashtags.go:177.2,179.4 1 0
github.com/emad-elsaid/xlog/extensions/hashtags/hashtags.go:182.65,186.45 3 0
github.com/emad-elsaid/xlog/extensions/hashtags/hashtags.go:186.45,187.64 1 0
github.com/emad-elsaid/xlog/extensions/hashtags/hashtags.go:187.64,189.4 1 0
github.com/emad-elsaid/xlog/extensions/hashtags/hashtags.go:191.3,191.45 1 0
github.com/emad-elsaid/xlog/extensions/hashtags/hashtags.go:194.2,195.30 2 0
github.com/emad-elsaid/xlog/extensions/hashtags/hashtags.go:198.69,202.45 3 0
github.com/emad-elsaid/xlog/extensions/hashtags/hashtags.go:202.45,203.64 1 0
github.com/emad-elsaid/xlog/extensions/hashtags/hashtags.go:203.64,205.4 1 0
github.com/emad-elsaid/xlog/extensions/hashtags/hashtags.go:207.3,207.45 1 0
github.com/emad-elsaid/xlog/extensions/hashtags/hashtags.go:210.2,211.30 2 0
github.com/emad-elsaid/xlog/extensions/hashtags/hashtags.go:214.28,216.2 1 0
github.com/emad-elsaid/xlog/extensions/hashtags/hashtags.go:220.29,220.58 1 0
github.com/emad-elsaid/xlog/extensions/hashtags/hashtags.go:221.29,221.50 1 0
github.com/emad-elsaid/xlog/extensions/hashtags/hashtags.go:222.49,226.2 1 0
github.com/emad-elsaid/xlog/extensions/hashtags/hashtags.go:234.74,236.2 1 0
github.com/emad-elsaid/xlog/extensions/hashtags/hashtags.go:238.36,240.2 1 0
github.com/emad-elsaid/xlog/extensions/hashtags/hashtags.go:242.89,244.16 2 0
github.com/emad-elsaid/xlog/extensions/hashtags/hashtags.go:244.16,246.3 1 0
github.com/emad-elsaid/xlog/extensions/hashtags/hashtags.go:248.2,251.26 3 0
github.com/emad-elsaid/xlog/extensions/hashtags/hashtags.go:251.26,252.14 1 0
github.com/emad-elsaid/xlog/extensions/hashtags/hashtags.go:252.14,254.12 2 0
github.com/emad-elsaid/xlog/extensions/hashtags/hashtags.go:257.3,257.103 1 0
github.com/emad-elsaid/xlog/extensions/hashtags/hashtags.go:257.103,258.9 1 0
github.com/emad-elsaid/xlog/extensions/hashtags/hashtags.go:261.3,261.23 1 0
github.com/emad-elsaid/xlog/extensions/hashtags/hashtags.go:263.2,263.29 1 0
github.com/emad-elsaid/xlog/extensions/hashtags/hashtags.go:263.29,265.3 1 0
github.com/emad-elsaid/xlog/extensions/hashtags/hashtags.go:266.2,271.3 3 0
github.com/emad-elsaid/xlog/extensions/hashtags/hashtags.go:274.50,279.2 2 0
github.com/emad-elsaid/xlog/extensions/hashtags/hashtags.go:283.39,285.2 1 0
github.com/emad-elsaid/xlog/extensions/hashtags/hashtags.go:287.109,288.42 1 0
github.com/emad-elsaid/xlog/extensions/hashtags/hashtags.go:288.42,290.3 1 0
github.com/emad-elsaid/xlog/extensions/hashtags/hashtags.go:292.2,293.181 2 0
github.com/emad-elsaid/xlog/extensions/hashtags/hashtags.go:293.181,295.3 1 0
github.com/emad-elsaid/xlog/extensions/hashtags/hashtags.go:296.2,298.30 3 0
github.com/emad-elsaid/xlog/extensions/file_operations/delete.go:15.33,15.63 1 0
github.com/emad-elsaid/xlog/extensions/file_operations/delete.go:16.33,16.52 1 0
github.com/emad-elsaid/xlog/extensions/file_operations/delete.go:17.55,23.2 1 0
github.com/emad-elsaid/xlog/extensions/file_operations/delete.go:25.47,28.35 3 0
github.com/emad-elsaid/xlog/extensions/file_operations/delete.go:28.35,30.3 1 0
github.com/emad-elsaid/xlog/extensions/file_operations/delete.go:30.8,32.3 1 0
github.com/emad-elsaid/xlog/extensions/file_operations/delete.go:34.2,34.37 1 0
github.com/emad-elsaid/xlog/extensions/file_operations/delete.go:34.37,36.3 1 0
github.com/emad-elsaid/xlog/extensions/file_operations/file_operations.go:14.13,16.2 1 0
github.com/emad-elsaid/xlog/extensions/file_operations/file_operations.go:20.30,20.58 1 0
github.com/emad-elsaid/xlog/extensions/file_operations/file_operations.go:21.23,22.21 1 0
github.com/emad-elsaid/xlog/extensions/file_operations/file_operations.go:22.21,24.3 1 0
github.com/emad-elsaid/xlog/extensions/file_operations/file_operations.go:26.2,32.48 7 0
github.com/emad-elsaid/xlog/extensions/file_operations/file_operations.go:35.33,36.28 1 0
github.com/emad-elsaid/xlog/extensions/file_operations/file_operations.go:36.28,38.3 1 0
github.com/emad-elsaid/xlog/extensions/file_operations/file_operations.go:40.2,40.48 1 0
github.com/emad-elsaid/xlog/extensions/file_operations/rename.go:17.33,17.66 1 0
github.com/emad-elsaid/xlog/extensions/file_operations/rename.go:18.33,18.52 1 0
github.com/emad-elsaid/xlog/extensions/file_operations/rename.go:19.55,26.2 1 0
github.com/emad-elsaid/xlog/extensions/file_operations/rename.go:28.44,35.2 3 0
github.com/emad-elsaid/xlog/extensions/file_operations/rename.go:37.47,39.33 2 0
github.com/emad-elsaid/xlog/extensions/file_operations/rename.go:39.33,41.3 1 0
github.com/emad-elsaid/xlog/extensions/file_operations/rename.go:43.2,47.59 4 0
github.com/emad-elsaid/xlog/extensions/file_operations/rename.go:47.59,49.3 1 0
github.com/emad-elsaid/xlog/extensions/file_operations/rename.go:50.2,52.37 2 0
github.com/emad-elsaid/xlog/extensions/file_operations/rename.go:52.37,54.3 1 0
github.com/emad-elsaid/xlog/extensions/heading/renderer.go:13.13,15.2 1 1
github.com/emad-elsaid/xlog/extensions/heading/renderer.go:19.30,19.50 1 0
github.com/emad-elsaid/xlog/extensions/heading/renderer.go:20.23,24.2 1 0
github.com/emad-elsaid/xlog/extensions/heading/renderer.go:28.82,30.2 1 0
github.com/emad-elsaid/xlog/extensions/heading/renderer.go:32.121,34.14 2 0
github.com/emad-elsaid/xlog/extensions/heading/renderer.go:34.14,37.28 3 0
github.com/emad-elsaid/xlog/extensions/heading/renderer.go:37.28,39.4 1 0
github.com/emad-elsaid/xlog/extensions/heading/renderer.go:40.3,40.23 1 0
github.com/emad-elsaid/xlog/extensions/heading/renderer.go:41.8,43.47 1 0
github.com/emad-elsaid/xlog/extensions/heading/renderer.go:43.47,44.138 1 0
github.com/emad-elsaid/xlog/extensions/heading/renderer.go:44.138,46.5 1 0
github.com/emad-elsaid/xlog/extensions/heading/renderer.go:49.3,51.30 3 0
github.com/emad-elsaid/xlog/extensions/heading/renderer.go:53.2,53.30 1 0
github.com/emad-elsaid/xlog/extensions/github/api.go:21.13,23.2 1 0
github.com/emad-elsaid/xlog/extensions/github/api.go:25.59,27.2 1 0
github.com/emad-elsaid/xlog/extensions/github/api.go:29.30,30.49 1 0
github.com/emad-elsaid/xlog/extensions/github/api.go:30.49,32.21 2 0
github.com/emad-elsaid/xlog/extensions/github/api.go:32.21,34.4 1 0
github.com/emad-elsaid/xlog/extensions/github/api.go:37.2,37.30 1 0
github.com/emad-elsaid/xlog/extensions/github/api.go:40.39,42.16 2 0
github.com/emad-elsaid/xlog/extensions/github/api.go:42.16,44.3 1 0
github.com/emad-elsaid/xlog/extensions/github/api.go:46.2,52.34 4 0
github.com/emad-elsaid/xlog/extensions/github/api.go:55.55,57.16 2 0
github.com/emad-elsaid/xlog/extensions/github/api.go:57.16,59.3 1 0
github.com/emad-elsaid/xlog/extensions/github/api.go:61.2,66.16 2 0
github.com/emad-elsaid/xlog/extensions/github/api.go:66.16,68.3 1 0
github.com/emad-elsaid/xlog/extensions/github/api.go:70.2,70.29 1 0
github.com/emad-elsaid/xlog/extensions/github/api.go:70.29,72.3 1 0
github.com/emad-elsaid/xlog/extensions/github/api.go:74.2,75.34 2 0
github.com/emad-elsaid/xlog/extensions/github/api.go:75.34,86.3 2 0
github.com/emad-elsaid/xlog/extensions/github/api.go:87.2,89.15 2 0
github.com/emad-elsaid/xlog/extensions/github/main.go:13.13,16.2 2 0
github.com/emad-elsaid/xlog/extensions/github/main.go:20.29,20.48 1 0
github.com/emad-elsaid/xlog/extensions/github/main.go:21.22,22.23 1 0
github.com/emad-elsaid/xlog/extensions/github/main.go:22.23,24.3 1 0
github.com/emad-elsaid/xlog/extensions/github/main.go:26.2,26.37 1 0
github.com/emad-elsaid/xlog/extensions/github/main.go:29.38,30.28 1 0
github.com/emad-elsaid/xlog/extensions/github/main.go:30.28,32.3 1 0
github.com/emad-elsaid/xlog/extensions/github/main.go:34.2,34.41 1 0
github.com/emad-elsaid/xlog/extensions/github/main.go:41.37,41.69 1 0
github.com/emad-elsaid/xlog/extensions/github/main.go:42.37,42.64 1 0
github.com/emad-elsaid/xlog/extensions/github/main.go:43.57,47.2 1 0
github.com/emad-elsaid/xlog/extensions/html/html.go:23.13,26.2 2 1
github.com/emad-elsaid/xlog/extensions/html/html.go:30.27,30.44 1 0
github.com/emad-elsaid/xlog/extensions/html/html.go:31.20,32.18 1 0
github.com/emad-elsaid/xlog/extensions/html/html.go:32.18,34.3 1 0
github.com/emad-elsaid/xlog/extensions/html/html.go:39.50,40.36 1 0
github.com/emad-elsaid/xlog/extensions/html/html.go:40.36,45.18 2 0
github.com/emad-elsaid/xlog/extensions/html/html.go:45.18,47.4 1 0
github.com/emad-elsaid/xlog/extensions/html/html.go:50.2,50.12 1 0
github.com/emad-elsaid/xlog/extensions/html/html.go:53.67,54.84 1 0
github.com/emad-elsaid/xlog/extensions/html/html.go:54.84,55.10 1 0
github.com/emad-elsaid/xlog/extensions/html/html.go:57.21,58.40 1 0
github.com/emad-elsaid/xlog/extensions/html/html.go:60.11,64.48 3 0
github.com/emad-elsaid/xlog/extensions/html/html.go:64.48,65.29 1 0
github.com/emad-elsaid/xlog/extensions/html/html.go:65.29,70.11 2 0
github.com/emad-elsaid/xlog/extensions/html/html.go:76.3,76.13 1 0
github.com/emad-elsaid/xlog/extensions/html/html.go:77.17,79.3 1 0
github.com/emad-elsaid/xlog/extensions/html/html.go:87.30,89.2 1 0
github.com/emad-elsaid/xlog/extensions/html/html.go:91.34,93.2 1 0
github.com/emad-elsaid/xlog/extensions/html/html.go:95.30,98.2 2 0
github.com/emad-elsaid/xlog/extensions/html/html.go:100.39,102.2 1 0
github.com/emad-elsaid/xlog/extensions/html/html.go:104.40,106.16 2 0
github.com/emad-elsaid/xlog/extensions/html/html.go:106.16,108.3 1 0
github.com/emad-elsaid/xlog/extensions/html/html.go:109.2,109.27 1 0
github.com/emad-elsaid/xlog/extensions/html/html.go:112.36,114.16 2 0
github.com/emad-elsaid/xlog/extensions/html/html.go:114.16,116.3 1 0
github.com/emad-elsaid/xlog/extensions/html/html.go:118.2,118.20 1 0
github.com/emad-elsaid/xlog/extensions/html/html.go:121.30,124.16 2 0
github.com/emad-elsaid/xlog/extensions/html/html.go:124.16,126.17 2 0
github.com/emad-elsaid/xlog/extensions/html/html.go:126.17,129.4 2 0
github.com/emad-elsaid/xlog/extensions/html/html.go:131.2,131.13 1 0
github.com/emad-elsaid/xlog/extensions/html/html.go:134.50,138.62 3 0
github.com/emad-elsaid/xlog/extensions/html/html.go:138.62,141.3 2 0
github.com/emad-elsaid/xlog/extensions/html/html.go:143.2,144.66 2 0
github.com/emad-elsaid/xlog/extensions/html/html.go:144.66,147.3 2 0
github.com/emad-elsaid/xlog/extensions/html/html.go:148.2,148.13 1 0
github.com/emad-elsaid/xlog/extensions/html/html.go:151.41,151.79 1 0
github.com/emad-elsaid/xlog/extensions/images/columnize.go:11.103,14.79 2 0
github.com/emad-elsaid/xlog/extensions/images/columnize.go:14.79,15.16 1 0
github.com/emad-elsaid/xlog/extensions/images/columnize.go:15.16,17.4 1 0
github.com/emad-elsaid/xlog/extensions/images/columnize.go:19.3,19.61 1 0
github.com/emad-elsaid/xlog/extensions/images/columnize.go:19.61,21.11 2 0
github.com/emad-elsaid/xlog/extensions/images/columnize.go:21.11,22.13 1 0
github.com/emad-elsaid/xlog/extensions/images/columnize.go:25.4,25.29 1 0
github.com/emad-elsaid/xlog/extensions/images/columnize.go:25.29,27.5 1 0
github.com/emad-elsaid/xlog/extensions/images/columnize.go:30.3,30.31 1 0
github.com/emad-elsaid/xlog/extensions/images/columnize.go:33.2,33.31 1 0
github.com/emad-elsaid/xlog/extensions/images/columnize.go:33.31,36.3 2 0
github.com/emad-elsaid/xlog/extensions/images/columnize.go:39.48,40.24 1 0
github.com/emad-elsaid/xlog/extensions/images/columnize.go:40.24,42.3 1 0
github.com/emad-elsaid/xlog/extensions/images/columnize.go:44.2,44.57 1 0
github.com/emad-elsaid/xlog/extensions/images/columnize.go:44.57,45.60 1 0
github.com/emad-elsaid/xlog/extensions/images/columnize.go:45.60,47.4 1 0
github.com/emad-elsaid/xlog/extensions/images/columnize.go:47.9,47.62 1 0
github.com/emad-elsaid/xlog/extensions/images/columnize.go:47.62,49.4 1 0
github.com/emad-elsaid/xlog/extensions/images/columnize.go:52.2,52.13 1 0
github.com/emad-elsaid/xlog/extensions/images/columnize.go:55.37,58.57 2 0
github.com/emad-elsaid/xlog/extensions/images/columnize.go:58.57,59.33 1 0
github.com/emad-elsaid/xlog/extensions/images/columnize.go:59.33,61.4 1 0
github.com/emad-elsaid/xlog/extensions/images/columnize.go:64.2,64.27 1 0
github.com/emad-elsaid/xlog/extensions/images/columnize.go:64.27,66.3 1 0
github.com/emad-elsaid/xlog/extensions/images/columnize.go:69.43,72.2 2 0
github.com/emad-elsaid/xlog/extensions/images/extension.go:10.13,12.2 1 1
github.com/emad-elsaid/xlog/extensions/images/extension.go:16.29,16.48 1 0
github.com/emad-elsaid/xlog/extensions/images/extension.go:17.22,26.2 2 0
github.com/emad-elsaid/xlog/extensions/images/node.go:11.45,11.67 1 0
github.com/emad-elsaid/xlog/extensions/images/renderer.go:12.88,14.2 1 0
github.com/emad-elsaid/xlog/extensions/images/renderer.go:16.124,17.14 1 0
github.com/emad-elsaid/xlog/extensions/images/renderer.go:17.14,20.58 2 0
github.com/emad-elsaid/xlog/extensions/images/renderer.go:20.58,24.4 3 0
github.com/emad-elsaid/xlog/extensions/images/renderer.go:26.8,28.3 1 0
github.com/emad-elsaid/xlog/extensions/images/renderer.go:30.2,30.34 1 0
github.com/emad-elsaid/xlog/extensions/gpg/commands.go:13.43,14.17 1 0
github.com/emad-elsaid/xlog/extensions/gpg/commands.go:14.17,16.3 1 0
github.com/emad-elsaid/xlog/extensions/gpg/commands.go:18.2,18.21 1 0
github.com/emad-elsaid/xlog/extensions/gpg/commands.go:18.21,20.3 1 0
github.com/emad-elsaid/xlog/extensions/gpg/commands.go:22.2,22.46 1 0
github.com/emad-elsaid/xlog/extensions/gpg/commands.go:22.46,26.3 1 0
github.com/emad-elsaid/xlog/extensions/gpg/commands.go:26.8,30.3 1 0
github.com/emad-elsaid/xlog/extensions/gpg/commands.go:37.40,37.69 1 0
github.com/emad-elsaid/xlog/extensions/gpg/commands.go:38.40,38.65 1 0
github.com/emad-elsaid/xlog/extensions/gpg/commands.go:39.60,43.2 1 0
github.com/emad-elsaid/xlog/extensions/gpg/commands.go:49.40,49.90 1 0
github.com/emad-elsaid/xlog/extensions/gpg/commands.go:50.40,50.64 1 0
github.com/emad-elsaid/xlog/extensions/gpg/commands.go:51.60,55.2 1 0
github.com/emad-elsaid/xlog/extensions/gpg/gpg.go:13.13,16.2 2 0
github.com/emad-elsaid/xlog/extensions/gpg/gpg.go:20.26,20.42 1 0
github.com/emad-elsaid/xlog/extensions/gpg/gpg.go:21.19,24.27 2 0
github.com/emad-elsaid/xlog/extensions/gpg/gpg.go:24.27,29.3 4 0
github.com/emad-elsaid/xlog/extensions/gpg/handlers.go:15.49,17.29 2 0
github.com/emad-elsaid/xlog/extensions/gpg/handlers.go:17.29,19.3 1 0
github.com/emad-elsaid/xlog/extensions/gpg/handlers.go:21.2,22.39 2 0
github.com/emad-elsaid/xlog/extensions/gpg/handlers.go:22.39,24.3 1 0
github.com/emad-elsaid/xlog/extensions/gpg/handlers.go:26.2,26.17 1 0
github.com/emad-elsaid/xlog/extensions/gpg/handlers.go:26.17,28.3 1 0
github.com/emad-elsaid/xlog/extensions/gpg/handlers.go:30.2,30.47 1 0
github.com/emad-elsaid/xlog/extensions/gpg/handlers.go:30.47,33.3 2 0
github.com/emad-elsaid/xlog/extensions/gpg/handlers.go:36.49,38.29 2 0
github.com/emad-elsaid/xlog/extensions/gpg/handlers.go:38.29,40.3 1 0
github.com/emad-elsaid/xlog/extensions/gpg/handlers.go:42.2,43.17 2 0
github.com/emad-elsaid/xlog/extensions/gpg/handlers.go:43.17,45.3 1 0
github.com/emad-elsaid/xlog/extensions/gpg/handlers.go:47.2,48.59 2 0
github.com/emad-elsaid/xlog/extensions/gpg/handlers.go:48.59,50.3 1 0
github.com/emad-elsaid/xlog/extensions/gpg/handlers.go:52.2,52.47 1 0
github.com/emad-elsaid/xlog/extensions/gpg/handlers.go:52.47,55.3 2 0
github.com/emad-elsaid/xlog/extensions/gpg/page.go:23.34,23.51 1 0
github.com/emad-elsaid/xlog/extensions/gpg/page.go:24.34,24.77 1 0
github.com/emad-elsaid/xlog/extensions/gpg/page.go:26.30,29.2 2 0
github.com/emad-elsaid/xlog/extensions/gpg/page.go:31.39,35.80 4 0
github.com/emad-elsaid/xlog/extensions/gpg/page.go:35.80,37.3 1 0
github.com/emad-elsaid/xlog/extensions/gpg/page.go:39.2,39.36 1 0
github.com/emad-elsaid/xlog/extensions/gpg/page.go:42.40,45.16 3 0
github.com/emad-elsaid/xlog/extensions/gpg/page.go:45.16,47.3 1 0
github.com/emad-elsaid/xlog/extensions/gpg/page.go:49.2,49.27 1 0
github.com/emad-elsaid/xlog/extensions/gpg/page.go:52.36,54.16 2 0
github.com/emad-elsaid/xlog/extensions/gpg/page.go:54.16,56.3 1 0
github.com/emad-elsaid/xlog/extensions/gpg/page.go:58.2,58.20 1 0
github.com/emad-elsaid/xlog/extensions/gpg/page.go:61.30,64.16 2 0
github.com/emad-elsaid/xlog/extensions/gpg/page.go:64.16,66.17 2 0
github.com/emad-elsaid/xlog/extensions/gpg/page.go:66.17,69.4 2 0
github.com/emad-elsaid/xlog/extensions/gpg/page.go:71.2,71.13 1 0
github.com/emad-elsaid/xlog/extensions/gpg/page.go:74.50,78.62 3 0
github.com/emad-elsaid/xlog/extensions/gpg/page.go:78.62,81.3 2 0
github.com/emad-elsaid/xlog/extensions/gpg/page.go:83.2,88.16 5 0
github.com/emad-elsaid/xlog/extensions/gpg/page.go:88.16,91.3 2 0
github.com/emad-elsaid/xlog/extensions/gpg/page.go:93.2,93.13 1 0
github.com/emad-elsaid/xlog/extensions/gpg/page.go:96.41,98.18 2 0
github.com/emad-elsaid/xlog/extensions/gpg/page.go:98.18,100.3 1 0
github.com/emad-elsaid/xlog/extensions/gpg/page.go:102.2,102.27 1 0
github.com/emad-elsaid/xlog/extensions/gpg/page_source.go:15.54,16.21 1 0
github.com/emad-elsaid/xlog/extensions/gpg/page_source.go:16.21,18.3 1 0
github.com/emad-elsaid/xlog/extensions/gpg/page_source.go:20.2,23.17 2 0
github.com/emad-elsaid/xlog/extensions/gpg/page_source.go:23.17,25.3 1 0
github.com/emad-elsaid/xlog/extensions/gpg/page_source.go:27.2,27.12 1 0
github.com/emad-elsaid/xlog/extensions/gpg/page_source.go:30.71,31.21 1 0
github.com/emad-elsaid/xlog/extensions/gpg/page_source.go:31.21,33.3 1 0
github.com/emad-elsaid/xlog/extensions/gpg/page_source.go:35.2,35.78 1 0
github.com/emad-elsaid/xlog/extensions/gpg/page_source.go:35.78,36.10 1 0
github.com/emad-elsaid/xlog/extensions/gpg/page_source.go:38.21,39.40 1 0
github.com/emad-elsaid/xlog/extensions/gpg/page_source.go:41.11,48.18 6 0
github.com/emad-elsaid/xlog/extensions/gpg/page_source.go:48.18,52.10 2 0
github.com/emad-elsaid/xlog/extensions/gpg/page_source.go:57.3,57.13 1 0
github.com/emad-elsaid/xlog/extensions/manifest/manifest.go:13.13,15.2 1 1
github.com/emad-elsaid/xlog/extensions/manifest/manifest.go:19.31,19.52 1 0
github.com/emad-elsaid/xlog/extensions/manifest/manifest.go:20.24,25.2 4 0
github.com/emad-elsaid/xlog/extensions/manifest/manifest.go:27.33,29.2 1 0
github.com/emad-elsaid/xlog/extensions/manifest/manifest.go:31.31,33.2 1 0
github.com/emad-elsaid/xlog/extensions/mermaid/main.go:13.13,15.2 1 1
github.com/emad-elsaid/xlog/extensions/mermaid/main.go:19.30,19.50 1 0
github.com/emad-elsaid/xlog/extensions/mermaid/main.go:20.23,22.2 1 0
github.com/emad-elsaid/xlog/extensions/mermaid/main.go:29.42,33.2 2 0
github.com/emad-elsaid/xlog/extensions/opengraph/opengraph.go:20.13,25.2 3 1
github.com/emad-elsaid/xlog/extensions/opengraph/opengraph.go:29.32,29.54 1 0
github.com/emad-elsaid/xlog/extensions/opengraph/opengraph.go:30.25,32.2 1 0
github.com/emad-elsaid/xlog/extensions/opengraph/opengraph.go:34.42,38.30 3 0
github.com/emad-elsaid/xlog/extensions/opengraph/opengraph.go:38.30,40.3 1 0
github.com/emad-elsaid/xlog/extensions/opengraph/opengraph.go:42.2,51.72 8 0
github.com/emad-elsaid/xlog/extensions/opengraph/opengraph.go:51.72,53.3 1 0
github.com/emad-elsaid/xlog/extensions/opengraph/opengraph.go:55.2,95.55 5 0
github.com/emad-elsaid/xlog/extensions/opengraph/opengraph.go:98.59,99.31 1 0
github.com/emad-elsaid/xlog/extensions/opengraph/opengraph.go:99.31,101.3 1 0
github.com/emad-elsaid/xlog/extensions/opengraph/opengraph.go:103.2,104.74 2 0
github.com/emad-elsaid/xlog/extensions/opengraph/opengraph.go:104.74,105.16 1 0
github.com/emad-elsaid/xlog/extensions/opengraph/opengraph.go:105.16,107.4 1 0
github.com/emad-elsaid/xlog/extensions/opengraph/opengraph.go:109.3,109.31 1 0
github.com/emad-elsaid/xlog/extensions/opengraph/opengraph.go:109.31,111.4 1 0
github.com/emad-elsaid/xlog/extensions/opengraph/opengraph.go:113.3,113.23 1 0
github.com/emad-elsaid/xlog/extensions/opengraph/opengraph.go:113.23,116.4 2 0
github.com/emad-elsaid/xlog/extensions/opengraph/opengraph.go:118.3,118.31 1 0
github.com/emad-elsaid/xlog/extensions/opengraph/opengraph.go:121.2,121.31 1 0
github.com/emad-elsaid/xlog/extensions/hotreload/hotreload.go:21.13,23.2 1 0
github.com/emad-elsaid/xlog/extensions/hotreload/hotreload.go:27.32,27.54 1 0
github.com/emad-elsaid/xlog/extensions/hotreload/hotreload.go:28.25,29.21 1 0
github.com/emad-elsaid/xlog/extensions/hotreload/hotreload.go:29.21,31.3 1 0
github.com/emad-elsaid/xlog/extensions/hotreload/hotreload.go:33.2,35.50 3 0
github.com/emad-elsaid/xlog/extensions/hotreload/hotreload.go:38.37,39.17 1 0
github.com/emad-elsaid/xlog/extensions/hotreload/hotreload.go:39.17,41.3 1 0
github.com/emad-elsaid/xlog/extensions/hotreload/hotreload.go:43.2,48.30 4 0
github.com/emad-elsaid/xlog/extensions/hotreload/hotreload.go:48.30,50.17 2 0
github.com/emad-elsaid/xlog/extensions/hotreload/hotreload.go:50.17,51.41 1 0
github.com/emad-elsaid/xlog/extensions/hotreload/hotreload.go:51.41,53.5 1 0
github.com/emad-elsaid/xlog/extensions/hotreload/hotreload.go:54.4,54.27 1 0
github.com/emad-elsaid/xlog/extensions/hotreload/hotreload.go:57.2,57.12 1 0
github.com/emad-elsaid/xlog/extensions/hotreload/hotreload.go:60.40,61.37 1 0
github.com/emad-elsaid/xlog/extensions/hotreload/hotreload.go:61.37,63.17 2 0
github.com/emad-elsaid/xlog/extensions/hotreload/hotreload.go:63.17,66.4 2 0
github.com/emad-elsaid/xlog/extensions/hotreload/hotreload.go:69.3,69.13 1 0
github.com/emad-elsaid/xlog/extensions/hotreload/hotreload.go:69.13,70.17 1 0
github.com/emad-elsaid/xlog/extensions/hotreload/hotreload.go:70.17,74.40 4 0
github.com/emad-elsaid/xlog/extensions/hotreload/hotreload.go:74.40,76.6 1 0
github.com/emad-elsaid/xlog/extensions/hotreload/hotreload.go:79.4,79.8 1 0
github.com/emad-elsaid/xlog/extensions/hotreload/hotreload.go:79.8,81.51 2 0
github.com/emad-elsaid/xlog/extensions/hotreload/hotreload.go:81.51,82.11 1 0
github.com/emad-elsaid/xlog/extensions/hotreload/hotreload.go:87.3,89.24 3 0
github.com/emad-elsaid/xlog/extensions/hotreload/hotreload.go:96.41,98.2 1 0
github.com/emad-elsaid/xlog/extensions/mathjax/extension.go:10.13,12.2 1 0
github.com/emad-elsaid/xlog/extensions/mathjax/extension.go:16.30,16.50 1 0
github.com/emad-elsaid/xlog/extensions/mathjax/extension.go:17.23,32.2 4 0
github.com/emad-elsaid/xlog/extensions/mathjax/nodes.go:12.50,13.57 1 0
github.com/emad-elsaid/xlog/extensions/mathjax/nodes.go:13.57,15.40 2 0
github.com/emad-elsaid/xlog/extensions/mathjax/nodes.go:15.40,17.4 1 0
github.com/emad-elsaid/xlog/extensions/mathjax/nodes.go:19.2,19.13 1 0
github.com/emad-elsaid/xlog/extensions/mathjax/nodes.go:22.53,24.2 1 0
github.com/emad-elsaid/xlog/extensions/mathjax/nodes.go:28.42,28.67 1 0
github.com/emad-elsaid/xlog/extensions/mathjax/nodes.go:36.52,38.2 1 0
github.com/emad-elsaid/xlog/extensions/mathjax/nodes.go:40.41,40.65 1 0
github.com/emad-elsaid/xlog/extensions/mathjax/nodes.go:41.41,41.56 1 0
github.com/emad-elsaid/xlog/extensions/mathjax/parser.go:15.45,15.67 1 0
github.com/emad-elsaid/xlog/extensions/mathjax/parser.go:17.98,20.60 3 0
github.com/emad-elsaid/xlog/extensions/mathjax/parser.go:20.61,21.3 0 0
github.com/emad-elsaid/xlog/extensions/mathjax/parser.go:22.2,25.6 4 0
github.com/emad-elsaid/xlog/extensions/mathjax/parser.go:25.6,27.18 2 0
github.com/emad-elsaid/xlog/extensions/mathjax/parser.go:27.18,30.4 2 0
github.com/emad-elsaid/xlog/extensions/mathjax/parser.go:31.3,31.34 1 0
github.com/emad-elsaid/xlog/extensions/mathjax/parser.go:31.34,33.16 2 0
github.com/emad-elsaid/xlog/extensions/mathjax/parser.go:33.16,35.48 2 0
github.com/emad-elsaid/xlog/extensions/mathjax/parser.go:35.49,36.6 0 0
github.com/emad-elsaid/xlog/extensions/mathjax/parser.go:37.5,38.68 2 0
github.com/emad-elsaid/xlog/extensions/mathjax/parser.go:38.68,40.28 2 0
github.com/emad-elsaid/xlog/extensions/mathjax/parser.go:40.28,42.7 1 0
github.com/emad-elsaid/xlog/extensions/mathjax/parser.go:43.6,44.14 2 0
github.com/emad-elsaid/xlog/extensions/mathjax/parser.go:48.3,48.26 1 0
github.com/emad-elsaid/xlog/extensions/mathjax/parser.go:48.26,50.4 1 0
github.com/emad-elsaid/xlog/extensions/mathjax/parser.go:51.3,51.22 1 0
github.com/emad-elsaid/xlog/extensions/mathjax/parser.go:55.2,55.35 1 0
github.com/emad-elsaid/xlog/extensions/mathjax/parser.go:55.35,59.68 3 0
github.com/emad-elsaid/xlog/extensions/mathjax/parser.go:59.68,61.4 1 0
github.com/emad-elsaid/xlog/extensions/mathjax/parser.go:62.3,63.69 2 0
github.com/emad-elsaid/xlog/extensions/mathjax/parser.go:63.69,65.4 1 0
github.com/emad-elsaid/xlog/extensions/mathjax/parser.go:66.3,66.20 1 0
github.com/emad-elsaid/xlog/extensions/mathjax/parser.go:66.20,73.4 6 0
github.com/emad-elsaid/xlog/extensions/mathjax/parser.go:76.2,76.13 1 0
github.com/emad-elsaid/xlog/extensions/mathjax/parser.go:87.116,89.17 2 0
github.com/emad-elsaid/xlog/extensions/mathjax/parser.go:89.17,91.3 1 0
github.com/emad-elsaid/xlog/extensions/mathjax/parser.go:93.2,94.15 2 0
github.com/emad-elsaid/xlog/extensions/mathjax/parser.go:94.15,96.3 1 0
github.com/emad-elsaid/xlog/extensions/mathjax/parser.go:97.2,97.22 1 0
github.com/emad-elsaid/xlog/extensions/mathjax/parser.go:97.22,99.3 1 0
github.com/emad-elsaid/xlog/extensions/mathjax/parser.go:100.2,101.45 2 0
github.com/emad-elsaid/xlog/extensions/mathjax/parser.go:101.46,102.3 0 0
github.com/emad-elsaid/xlog/extensions/mathjax/parser.go:103.2,103.15 1 0
github.com/emad-elsaid/xlog/extensions/mathjax/parser.go:103.15,105.3 1 0
github.com/emad-elsaid/xlog/extensions/mathjax/parser.go:106.2,108.32 3 0
github.com/emad-elsaid/xlog/extensions/mathjax/parser.go:111.106,113.17 2 0
github.com/emad-elsaid/xlog/extensions/mathjax/parser.go:113.17,115.3 1 0
github.com/emad-elsaid/xlog/extensions/mathjax/parser.go:117.2,119.11 3 0
github.com/emad-elsaid/xlog/extensions/mathjax/parser.go:119.11,121.46 2 0
github.com/emad-elsaid/xlog/extensions/mathjax/parser.go:121.47,122.4 0 0
github.com/emad-elsaid/xlog/extensions/mathjax/parser.go:123.3,124.44 2 0
github.com/emad-elsaid/xlog/extensions/mathjax/parser.go:124.44,127.4 2 0
github.com/emad-elsaid/xlog/extensions/mathjax/parser.go:130.2,134.44 5 0
github.com/emad-elsaid/xlog/extensions/mathjax/parser.go:137.90,139.2 1 0
github.com/emad-elsaid/xlog/extensions/mathjax/parser.go:141.59,141.74 1 0
github.com/emad-elsaid/xlog/extensions/mathjax/parser.go:142.59,142.75 1 0
github.com/emad-elsaid/xlog/extensions/mathjax/parser.go:143.59,143.73 1 0
github.com/emad-elsaid/xlog/extensions/mathjax/renderer.go:29.27,30.76 1 0
github.com/emad-elsaid/xlog/extensions/mathjax/renderer.go:30.76,31.17 1 0
github.com/emad-elsaid/xlog/extensions/mathjax/renderer.go:31.17,33.4 1 0
github.com/emad-elsaid/xlog/extensions/mathjax/renderer.go:35.3,35.16 1 0
github.com/emad-elsaid/xlog/extensions/mathjax/renderer.go:35.16,37.4 1 0
github.com/emad-elsaid/xlog/extensions/mathjax/renderer.go:39.3,41.13 2 0
github.com/emad-elsaid/xlog/extensions/mathjax/renderer.go:50.85,52.2 1 0
github.com/emad-elsaid/xlog/extensions/mathjax/renderer.go:54.131,55.14 1 0
github.com/emad-elsaid/xlog/extensions/mathjax/renderer.go:55.14,57.58 2 0
github.com/emad-elsaid/xlog/extensions/mathjax/renderer.go:57.58,60.44 3 0
github.com/emad-elsaid/xlog/extensions/mathjax/renderer.go:60.44,62.27 2 0
github.com/emad-elsaid/xlog/extensions/mathjax/renderer.go:62.27,64.6 1 0
github.com/emad-elsaid/xlog/extensions/mathjax/renderer.go:65.10,67.5 1 0
github.com/emad-elsaid/xlog/extensions/mathjax/renderer.go:69.3,69.35 1 0
github.com/emad-elsaid/xlog/extensions/mathjax/renderer.go:71.2,72.30 2 0
github.com/emad-elsaid/xlog/extensions/mathjax/renderer.go:80.84,82.2 1 0
github.com/emad-elsaid/xlog/extensions/mathjax/renderer.go:84.132,86.14 2 0
github.com/emad-elsaid/xlog/extensions/mathjax/renderer.go:86.14,89.26 3 0
github.com/emad-elsaid/xlog/extensions/mathjax/renderer.go:89.26,92.4 2 0
github.com/emad-elsaid/xlog/extensions/mathjax/renderer.go:93.8,95.3 1 0
github.com/emad-elsaid/xlog/extensions/mathjax/renderer.go:96.2,96.30 1 0
github.com/emad-elsaid/xlog/extensions/photos/photos.go:37.13,39.2 1 1
github.com/emad-elsaid/xlog/extensions/photos/photos.go:43.29,43.48 1 0
github.com/emad-elsaid/xlog/extensions/photos/photos.go:44.22,51.2 6 0
github.com/emad-elsaid/xlog/extensions/photos/photos.go:61.31,65.2 3 0
github.com/emad-elsaid/xlog/extensions/photos/photos.go:67.41,67.54 1 0
github.com/emad-elsaid/xlog/extensions/photos/photos.go:68.41,68.57 1 0
github.com/emad-elsaid/xlog/extensions/photos/photos.go:69.41,69.54 1 0
github.com/emad-elsaid/xlog/extensions/photos/photos.go:70.41,70.57 1 0
github.com/emad-elsaid/xlog/extensions/photos/photos.go:71.41,71.57 1 0
github.com/emad-elsaid/xlog/extensions/photos/photos.go:72.41,72.63 1 0
github.com/emad-elsaid/xlog/extensions/photos/photos.go:73.41,73.60 1 0
github.com/emad-elsaid/xlog/extensions/photos/photos.go:74.40,76.2 1 0
github.com/emad-elsaid/xlog/extensions/photos/photos.go:78.44,80.16 2 0
github.com/emad-elsaid/xlog/extensions/photos/photos.go:80.16,82.3 1 0
github.com/emad-elsaid/xlog/extensions/photos/photos.go:84.2,85.16 2 0
github.com/emad-elsaid/xlog/extensions/photos/photos.go:85.16,87.3 1 0
github.com/emad-elsaid/xlog/extensions/photos/photos.go:88.2,88.15 1 0
github.com/emad-elsaid/xlog/extensions/photos/photos.go:88.15,89.59 1 0
github.com/emad-elsaid/xlog/extensions/photos/photos.go:89.59,91.4 1 0
github.com/emad-elsaid/xlog/extensions/photos/photos.go:94.2,97.21 3 0
github.com/emad-elsaid/xlog/extensions/photos/photos.go:97.21,99.17 2 0
github.com/emad-elsaid/xlog/extensions/photos/photos.go:99.17,101.4 1 0
github.com/emad-elsaid/xlog/extensions/photos/photos.go:104.2,110.8 1 0
github.com/emad-elsaid/xlog/extensions/photos/photos.go:113.68,114.49 1 0
github.com/emad-elsaid/xlog/extensions/photos/photos.go:114.49,119.80 3 0
github.com/emad-elsaid/xlog/extensions/photos/photos.go:119.80,120.18 1 0
github.com/emad-elsaid/xlog/extensions/photos/photos.go:120.18,122.5 1 0
github.com/emad-elsaid/xlog/extensions/photos/photos.go:124.4,124.85 1 0
github.com/emad-elsaid/xlog/extensions/photos/photos.go:124.85,126.19 2 0
github.com/emad-elsaid/xlog/extensions/photos/photos.go:126.19,128.6 1 0
github.com/emad-elsaid/xlog/extensions/photos/photos.go:130.5,132.35 3 0
github.com/emad-elsaid/xlog/extensions/photos/photos.go:135.4,135.14 1 0
github.com/emad-elsaid/xlog/extensions/photos/photos.go:138.3,138.17 1 0
github.com/emad-elsaid/xlog/extensions/photos/photos.go:138.17,140.4 1 0
github.com/emad-elsaid/xlog/extensions/photos/photos.go:142.3,142.49 1 0
github.com/emad-elsaid/xlog/extensions/photos/photos.go:142.49,144.4 1 0
github.com/emad-elsaid/xlog/extensions/photos/photos.go:146.3,148.5 1 0
github.com/emad-elsaid/xlog/extensions/photos/photos.go:152.48,156.69 3 0
github.com/emad-elsaid/xlog/extensions/photos/photos.go:156.69,158.3 1 0
github.com/emad-elsaid/xlog/extensions/photos/photos.go:160.2,162.16 3 0
github.com/emad-elsaid/xlog/extensions/photos/photos.go:162.16,163.48 1 0
github.com/emad-elsaid/xlog/extensions/photos/photos.go:163.48,164.54 1 0
github.com/emad-elsaid/xlog/extensions/photos/photos.go:164.54,167.5 1 0
github.com/emad-elsaid/xlog/extensions/photos/photos.go:171.2,171.47 1 0
github.com/emad-elsaid/xlog/extensions/photos/photos.go:171.47,173.17 2 0
github.com/emad-elsaid/xlog/extensions/photos/photos.go:173.17,174.66 1 0
github.com/emad-elsaid/xlog/extensions/photos/photos.go:174.66,176.5 1 0
github.com/emad-elsaid/xlog/extensions/photos/photos.go:177.4,177.10 1 0
github.com/emad-elsaid/xlog/extensions/photos/photos.go:179.3,179.16 1 0
github.com/emad-elsaid/xlog/extensions/photos/photos.go:179.16,180.55 1 0
github.com/emad-elsaid/xlog/extensions/photos/photos.go:180.55,182.5 1 0
github.com/emad-elsaid/xlog/extensions/photos/photos.go:185.3,197.47 9 0
github.com/emad-elsaid/xlog/extensions/photos/photos.go:197.47,198.89 1 0
github.com/emad-elsaid/xlog/extensions/photos/photos.go:198.89,200.5 1 0
github.com/emad-elsaid/xlog/extensions/photos/photos.go:201.4,201.10 1 0
github.com/emad-elsaid/xlog/extensions/photos/photos.go:204.3,204.68 1 0
github.com/emad-elsaid/xlog/extensions/photos/photos.go:204.68,207.4 1 0
github.com/emad-elsaid/xlog/extensions/photos/photos.go:209.3,209.49 1 0
github.com/emad-elsaid/xlog/extensions/photos/photos.go:209.49,211.4 1 0
github.com/emad-elsaid/xlog/extensions/photos/photos.go:215.47,218.16 3 0
github.com/emad-elsaid/xlog/extensions/photos/photos.go:218.16,220.3 1 0
github.com/emad-elsaid/xlog/extensions/photos/photos.go:222.2,224.4 1 0
github.com/emad-elsaid/xlog/extensions/photos/properties.go:18.33,18.53 1 0
github.com/emad-elsaid/xlog/extensions/photos/properties.go:19.33,19.53 1 0
github.com/emad-elsaid/xlog/extensions/photos/properties.go:20.33,20.49 1 0
github.com/emad-elsaid/xlog/extensions/photos/properties.go:22.46,26.9 3 0
github.com/emad-elsaid/xlog/extensions/photos/properties.go:26.9,28.3 1 0
github.com/emad-elsaid/xlog/extensions/photos/properties.go:30.2,31.14 2 0
github.com/emad-elsaid/xlog/extensions/photos/properties.go:31.14,33.3 1 0
github.com/emad-elsaid/xlog/extensions/photos/properties.go:35.2,35.34 1 0
github.com/emad-elsaid/xlog/extensions/photos/properties.go:35.34,38.3 2 0
github.com/emad-elsaid/xlog/extensions/photos/properties.go:40.2,41.17 2 0
github.com/emad-elsaid/xlog/extensions/photos/properties.go:41.17,47.3 1 0
github.com/emad-elsaid/xlog/extensions/photos/properties.go:49.2,49.44 1 0
github.com/emad-elsaid/xlog/extensions/photos/properties.go:49.44,55.3 1 0
github.com/emad-elsaid/xlog/extensions/photos/properties.go:57.2,57.45 1 0
github.com/emad-elsaid/xlog/extensions/photos/properties.go:57.45,63.3 1 0
github.com/emad-elsaid/xlog/extensions/photos/properties.go:65.2,65.48 1 0
github.com/emad-elsaid/xlog/extensions/photos/properties.go:65.48,71.3 1 0
github.com/emad-elsaid/xlog/extensions/photos/properties.go:73.2,73.49 1 0
github.com/emad-elsaid/xlog/extensions/photos/properties.go:73.49,79.3 1 0
github.com/emad-elsaid/xlog/extensions/photos/properties.go:81.2,81.55 1 0
github.com/emad-elsaid/xlog/extensions/photos/properties.go:81.55,83.17 2 0
github.com/emad-elsaid/xlog/extensions/photos/properties.go:83.17,89.4 1 0
github.com/emad-elsaid/xlog/extensions/photos/properties.go:92.2,92.60 1 0
github.com/emad-elsaid/xlog/extensions/photos/properties.go:92.60,94.17 2 0
github.com/emad-elsaid/xlog/extensions/photos/properties.go:94.17,100.4 1 0
github.com/emad-elsaid/xlog/extensions/photos/properties.go:103.2,103.57 1 0
github.com/emad-elsaid/xlog/extensions/photos/properties.go:103.57,109.3 1 0
github.com/emad-elsaid/xlog/extensions/photos/properties.go:111.2,111.63 1 0
github.com/emad-elsaid/xlog/extensions/photos/properties.go:111.63,113.17 2 0
github.com/emad-elsaid/xlog/extensions/photos/properties.go:113.17,119.4 1 0
github.com/emad-elsaid/xlog/extensions/photos/properties.go:122.2,122.14 1 0
github.com/emad-elsaid/xlog/extensions/link_preview/link_preview.go:22.13,24.2 1 0
github.com/emad-elsaid/xlog/extensions/link_preview/link_preview.go:28.34,28.59 1 0
github.com/emad-elsaid/xlog/extensions/link_preview/link_preview.go:29.27,37.2 7 0
github.com/emad-elsaid/xlog/extensions/link_preview/link_preview.go:41.46,43.2 1 0
github.com/emad-elsaid/xlog/extensions/link_preview/link_preview.go:47.48,54.2 1 0
github.com/emad-elsaid/xlog/extensions/link_preview/link_preview.go:59.50,68.2 4 0
github.com/emad-elsaid/xlog/extensions/link_preview/link_preview.go:72.45,74.66 1 0
github.com/emad-elsaid/xlog/extensions/link_preview/link_preview.go:74.66,77.4 1 0
github.com/emad-elsaid/xlog/extensions/link_preview/link_preview.go:83.48,85.2 1 0
github.com/emad-elsaid/xlog/extensions/link_preview/link_preview.go:95.51,96.81 1 0
github.com/emad-elsaid/xlog/extensions/link_preview/link_preview.go:96.81,100.17 3 0
github.com/emad-elsaid/xlog/extensions/link_preview/link_preview.go:100.17,102.4 1 0
github.com/emad-elsaid/xlog/extensions/link_preview/link_preview.go:104.3,105.26 2 0
github.com/emad-elsaid/xlog/extensions/link_preview/link_preview.go:105.26,107.4 1 0
github.com/emad-elsaid/xlog/extensions/link_preview/link_preview.go:107.9,109.4 1 0
github.com/emad-elsaid/xlog/extensions/link_preview/link_preview.go:111.3,114.40 3 0
github.com/emad-elsaid/xlog/extensions/link_preview/link_preview.go:114.40,116.4 1 0
github.com/emad-elsaid/xlog/extensions/link_preview/link_preview.go:118.3,127.44 2 0
github.com/emad-elsaid/xlog/extensions/link_preview/link_preview.go:130.2,130.25 1 0
github.com/emad-elsaid/xlog/extensions/link_preview/link_preview.go:140.44,142.69 2 0
github.com/emad-elsaid/xlog/extensions/link_preview/link_preview.go:142.69,144.3 1 0
github.com/emad-elsaid/xlog/extensions/link_preview/link_preview.go:146.2,149.16 4 0
github.com/emad-elsaid/xlog/extensions/link_preview/link_preview.go:149.16,150.54 1 0
github.com/emad-elsaid/xlog/extensions/link_preview/link_preview.go:150.54,152.4 1 0
github.com/emad-elsaid/xlog/extensions/link_preview/link_preview.go:155.2,156.31 2 0
github.com/emad-elsaid/xlog/extensions/link_preview/link_preview.go:156.31,158.3 1 0
github.com/emad-elsaid/xlog/extensions/link_preview/link_preview.go:159.2,159.15 1 0
github.com/emad-elsaid/xlog/extensions/link_preview/link_preview.go:159.15,161.3 1 0
github.com/emad-elsaid/xlog/extensions/link_preview/link_preview.go:163.2,164.16 2 0
github.com/emad-elsaid/xlog/extensions/link_preview/link_preview.go:164.16,166.3 1 0
github.com/emad-elsaid/xlog/extensions/link_preview/link_preview.go:168.2,172.28 4 0
github.com/emad-elsaid/xlog/extensions/link_preview/link_preview.go:172.28,174.3 1 0
github.com/emad-elsaid/xlog/extensions/link_preview/link_preview.go:176.2,182.32 3 0
github.com/emad-elsaid/xlog/extensions/link_preview/link_preview.go:182.32,184.17 2 0
github.com/emad-elsaid/xlog/extensions/link_preview/link_preview.go:184.17,185.12 1 0
github.com/emad-elsaid/xlog/extensions/link_preview/link_preview.go:188.3,189.17 2 0
github.com/emad-elsaid/xlog/extensions/link_preview/link_preview.go:189.17,190.12 1 0
github.com/emad-elsaid/xlog/extensions/link_preview/link_preview.go:193.3,196.56 3 0
github.com/emad-elsaid/xlog/extensions/link_preview/link_preview.go:196.56,198.4 1 0
github.com/emad-elsaid/xlog/extensions/link_preview/link_preview.go:198.9,198.32 1 0
github.com/emad-elsaid/xlog/extensions/link_preview/link_preview.go:198.32,200.4 1 0
github.com/emad-elsaid/xlog/extensions/link_preview/link_preview.go:203.2,203.47 1 0
github.com/emad-elsaid/xlog/extensions/link_preview/link_preview.go:203.47,205.3 1 0
github.com/emad-elsaid/xlog/extensions/link_preview/link_preview.go:207.2,207.19 1 0
github.com/emad-elsaid/xlog/extensions/pandoc/pandoc.go:25.13,29.2 2 0
github.com/emad-elsaid/xlog/extensions/pandoc/pandoc.go:33.29,33.48 1 0
github.com/emad-elsaid/xlog/extensions/pandoc/pandoc.go:34.24,35.20 1 0
github.com/emad-elsaid/xlog/extensions/pandoc/pandoc.go:35.20,37.3 1 0
github.com/emad-elsaid/xlog/extensions/pandoc/pandoc.go:40.46,41.36 1 0
github.com/emad-elsaid/xlog/extensions/pandoc/pandoc.go:41.36,46.18 2 0
github.com/emad-elsaid/xlog/extensions/pandoc/pandoc.go:46.18,48.4 1 0
github.com/emad-elsaid/xlog/extensions/pandoc/pandoc.go:51.2,51.12 1 0
github.com/emad-elsaid/xlog/extensions/pandoc/pandoc.go:54.63,55.78 1 0
github.com/emad-elsaid/xlog/extensions/pandoc/pandoc.go:55.78,56.10 1 0
github.com/emad-elsaid/xlog/extensions/pandoc/pandoc.go:58.21,59.40 1 0
github.com/emad-elsaid/xlog/extensions/pandoc/pandoc.go:61.11,65.48 3 0
github.com/emad-elsaid/xlog/extensions/pandoc/pandoc.go:65.48,66.29 1 0
github.com/emad-elsaid/xlog/extensions/pandoc/pandoc.go:66.29,71.11 2 0
github.com/emad-elsaid/xlog/extensions/pandoc/pandoc.go:77.3,77.13 1 0
github.com/emad-elsaid/xlog/extensions/pandoc/pandoc.go:86.30,88.2 1 0
github.com/emad-elsaid/xlog/extensions/pandoc/pandoc.go:90.34,92.2 1 0
github.com/emad-elsaid/xlog/extensions/pandoc/pandoc.go:94.30,97.2 2 0
github.com/emad-elsaid/xlog/extensions/pandoc/pandoc.go:99.39,102.16 3 0
github.com/emad-elsaid/xlog/extensions/pandoc/pandoc.go:102.16,104.3 1 0
github.com/emad-elsaid/xlog/extensions/pandoc/pandoc.go:106.2,106.28 1 0
github.com/emad-elsaid/xlog/extensions/pandoc/pandoc.go:109.40,111.16 2 0
github.com/emad-elsaid/xlog/extensions/pandoc/pandoc.go:111.16,113.3 1 0
github.com/emad-elsaid/xlog/extensions/pandoc/pandoc.go:114.2,114.27 1 0
github.com/emad-elsaid/xlog/extensions/pandoc/pandoc.go:117.36,119.16 2 0
github.com/emad-elsaid/xlog/extensions/pandoc/pandoc.go:119.16,121.3 1 0
github.com/emad-elsaid/xlog/extensions/pandoc/pandoc.go:123.2,123.20 1 0
github.com/emad-elsaid/xlog/extensions/pandoc/pandoc.go:126.30,129.16 2 0
github.com/emad-elsaid/xlog/extensions/pandoc/pandoc.go:129.16,131.17 2 0
github.com/emad-elsaid/xlog/extensions/pandoc/pandoc.go:131.17,134.4 2 0
github.com/emad-elsaid/xlog/extensions/pandoc/pandoc.go:136.2,136.13 1 0
github.com/emad-elsaid/xlog/extensions/pandoc/pandoc.go:139.50,140.26 1 0
github.com/emad-elsaid/xlog/extensions/pandoc/pandoc.go:140.26,142.3 1 0
github.com/emad-elsaid/xlog/extensions/pandoc/pandoc.go:144.2,147.62 3 0
github.com/emad-elsaid/xlog/extensions/pandoc/pandoc.go:147.62,150.3 2 0
github.com/emad-elsaid/xlog/extensions/pandoc/pandoc.go:152.2,153.66 2 0
github.com/emad-elsaid/xlog/extensions/pandoc/pandoc.go:153.66,156.3 2 0
github.com/emad-elsaid/xlog/extensions/pandoc/pandoc.go:157.2,157.13 1 0
github.com/emad-elsaid/xlog/extensions/pandoc/pandoc.go:160.41,160.79 1 0
github.com/emad-elsaid/xlog/extensions/recent/recent.go:17.13,19.2 1 1
github.com/emad-elsaid/xlog/extensions/recent/recent.go:23.29,23.48 1 0
github.com/emad-elsaid/xlog/extensions/recent/recent.go:24.22,28.36 4 0
github.com/emad-elsaid/xlog/extensions/recent/recent.go:28.36,28.65 1 0
github.com/emad-elsaid/xlog/extensions/recent/recent.go:31.38,33.42 2 0
github.com/emad-elsaid/xlog/extensions/recent/recent.go:33.42,34.64 1 0
github.com/emad-elsaid/xlog/extensions/recent/recent.go:34.64,36.4 1 0
github.com/emad-elsaid/xlog/extensions/recent/recent.go:38.3,38.45 1 0
github.com/emad-elsaid/xlog/extensions/recent/recent.go:41.2,44.4 1 0
github.com/emad-elsaid/xlog/extensions/recent/recent.go:49.30,49.72 1 0
github.com/emad-elsaid/xlog/extensions/recent/recent.go:50.30,50.49 1 0
github.com/emad-elsaid/xlog/extensions/recent/recent.go:51.50,55.2 1 0
github.com/emad-elsaid/xlog/extensions/rss/main.go:20.13,26.2 4 1
github.com/emad-elsaid/xlog/extensions/rss/main.go:30.26,30.42 1 0
github.com/emad-elsaid/xlog/extensions/rss/main.go:31.19,36.2 4 0
github.com/emad-elsaid/xlog/extensions/rss/main.go:40.30,40.58 1 0
github.com/emad-elsaid/xlog/extensions/rss/main.go:41.30,41.46 1 0
github.com/emad-elsaid/xlog/extensions/rss/main.go:42.50,46.2 1 0
github.com/emad-elsaid/xlog/extensions/rss/main.go:48.30,50.2 1 0
github.com/emad-elsaid/xlog/extensions/rss/main.go:52.36,55.2 2 0
github.com/emad-elsaid/xlog/extensions/rss/main.go:78.29,95.45 3 0
github.com/emad-elsaid/xlog/extensions/rss/main.go:95.45,96.64 1 0
github.com/emad-elsaid/xlog/extensions/rss/main.go:96.64,98.4 1 0
github.com/emad-elsaid/xlog/extensions/rss/main.go:100.3,100.45 1 0
github.com/emad-elsaid/xlog/extensions/rss/main.go:103.2,103.24 1 0
github.com/emad-elsaid/xlog/extensions/rss/main.go:103.24,105.3 1 0
github.com/emad-elsaid/xlog/extensions/rss/main.go:107.2,107.26 1 0
github.com/emad-elsaid/xlog/extensions/rss/main.go:107.26,119.3 1 0
github.com/emad-elsaid/xlog/extensions/rss/main.go:121.2,122.16 2 0
github.com/emad-elsaid/xlog/extensions/rss/main.go:122.16,124.3 1 0
github.com/emad-elsaid/xlog/extensions/rss/main.go:126.2,126.45 1 0
github.com/emad-elsaid/xlog/extensions/rtl/rtl.go:11.13,13.2 1 1
github.com/emad-elsaid/xlog/extensions/rtl/rtl.go:17.26,17.42 1 0
github.com/emad-elsaid/xlog/extensions/rtl/rtl.go:18.19,24.2 1 0
github.com/emad-elsaid/xlog/extensions/rtl/rtl.go:28.89,31.79 2 0
github.com/emad-elsaid/xlog/extensions/rtl/rtl.go:31.79,36.31 2 0
github.com/emad-elsaid/xlog/extensions/rtl/rtl.go:36.31,38.4 1 0
github.com/emad-elsaid/xlog/extensions/rtl/rtl.go:40.3,40.31 1 0
github.com/emad-elsaid/xlog/extensions/rtl/rtl.go:43.2,43.25 1 0
github.com/emad-elsaid/xlog/extensions/rtl/rtl.go:43.25,45.3 1 0
github.com/emad-elsaid/xlog/extensions/shortcode/extension.go:11.13,13.2 1 1
github.com/emad-elsaid/xlog/extensions/shortcode/extension.go:17.36,17.58 1 0
github.com/emad-elsaid/xlog/extensions/shortcode/extension.go:18.29,20.2 1 0
github.com/emad-elsaid/xlog/extensions/shortcode/extension.go:22.51,34.2 3 0
github.com/emad-elsaid/xlog/extensions/shortcode/node.go:18.56,23.2 2 0
github.com/emad-elsaid/xlog/extensions/shortcode/node.go:25.45,27.2 1 0
github.com/emad-elsaid/xlog/extensions/shortcode/node.go:36.46,38.2 1 0
github.com/emad-elsaid/xlog/extensions/shortcode/parser.go:15.44,17.2 1 0
github.com/emad-elsaid/xlog/extensions/shortcode/parser.go:19.113,22.42 3 0
github.com/emad-elsaid/xlog/extensions/shortcode/parser.go:22.42,24.3 1 0
github.com/emad-elsaid/xlog/extensions/shortcode/parser.go:26.2,27.26 2 0
github.com/emad-elsaid/xlog/extensions/shortcode/parser.go:27.26,29.3 1 0
github.com/emad-elsaid/xlog/extensions/shortcode/parser.go:31.2,38.9 7 0
github.com/emad-elsaid/xlog/extensions/shortcode/parser.go:38.9,40.3 1 0
github.com/emad-elsaid/xlog/extensions/shortcode/parser.go:42.2,45.22 3 0
github.com/emad-elsaid/xlog/extensions/shortcode/parser.go:45.22,51.3 1 0
github.com/emad-elsaid/xlog/extensions/shortcode/parser.go:53.2,57.17 1 0
github.com/emad-elsaid/xlog/extensions/shortcode/parser.go:60.103,62.2 1 0
github.com/emad-elsaid/xlog/extensions/shortcode/parser.go:64.88,64.89 0 0
github.com/emad-elsaid/xlog/extensions/shortcode/parser.go:65.87,65.102 1 0
github.com/emad-elsaid/xlog/extensions/shortcode/parser.go:66.87,66.103 1 0
github.com/emad-elsaid/xlog/extensions/shortcode/renderer.go:12.84,15.2 2 0
github.com/emad-elsaid/xlog/extensions/shortcode/renderer.go:17.120,18.15 1 0
github.com/emad-elsaid/xlog/extensions/shortcode/renderer.go:18.15,20.3 1 0
github.com/emad-elsaid/xlog/extensions/shortcode/renderer.go:22.2,23.9 2 0
github.com/emad-elsaid/xlog/extensions/shortcode/renderer.go:23.9,25.3 1 0
github.com/emad-elsaid/xlog/extensions/shortcode/renderer.go:27.2,29.51 3 0
github.com/emad-elsaid/xlog/extensions/shortcode/renderer.go:29.51,31.3 1 0
github.com/emad-elsaid/xlog/extensions/shortcode/renderer.go:33.2,33.30 1 0
github.com/emad-elsaid/xlog/extensions/shortcode/renderer.go:36.125,37.15 1 0
github.com/emad-elsaid/xlog/extensions/shortcode/renderer.go:37.15,39.3 1 0
github.com/emad-elsaid/xlog/extensions/shortcode/renderer.go:41.2,42.9 2 0
github.com/emad-elsaid/xlog/extensions/shortcode/renderer.go:42.9,44.3 1 0
github.com/emad-elsaid/xlog/extensions/shortcode/renderer.go:46.2,48.35 3 0
github.com/emad-elsaid/xlog/extensions/shortcode/renderer.go:48.35,51.3 2 0
github.com/emad-elsaid/xlog/extensions/shortcode/renderer.go:53.2,54.51 2 0
github.com/emad-elsaid/xlog/extensions/shortcode/renderer.go:54.51,56.3 1 0
github.com/emad-elsaid/xlog/extensions/shortcode/renderer.go:58.2,58.30 1 0
github.com/emad-elsaid/xlog/extensions/shortcode/shortcode.go:17.32,22.2 3 0
github.com/emad-elsaid/xlog/extensions/shortcode/shortcode.go:24.60,27.2 2 0
github.com/emad-elsaid/xlog/extensions/shortcode/shortcode.go:31.54,31.88 1 0
github.com/emad-elsaid/xlog/extensions/shortcode/shortcode.go:32.54,32.91 1 0
github.com/emad-elsaid/xlog/extensions/shortcode/shortcode.go:33.54,33.91 1 0
github.com/emad-elsaid/xlog/extensions/shortcode/shortcode.go:34.54,34.90 1 0
github.com/emad-elsaid/xlog/extensions/shortcode/shortcode.go:39.58,43.2 3 0
github.com/emad-elsaid/xlog/extensions/shortcode/transformer.go:11.103,16.79 3 0
github.com/emad-elsaid/xlog/extensions/shortcode/transformer.go:16.79,17.16 1 0
github.com/emad-elsaid/xlog/extensions/shortcode/transformer.go:17.16,19.4 1 0
github.com/emad-elsaid/xlog/extensions/shortcode/transformer.go:21.3,21.61 1 0
github.com/emad-elsaid/xlog/extensions/shortcode/transformer.go:21.61,23.11 2 0
github.com/emad-elsaid/xlog/extensions/shortcode/transformer.go:23.11,24.13 1 0
github.com/emad-elsaid/xlog/extensions/shortcode/transformer.go:27.4,31.15 4 0
github.com/emad-elsaid/xlog/extensions/shortcode/transformer.go:31.15,32.13 1 0
github.com/emad-elsaid/xlog/extensions/shortcode/transformer.go:35.4,35.30 1 0
github.com/emad-elsaid/xlog/extensions/shortcode/transformer.go:38.3,38.31 1 0
github.com/emad-elsaid/xlog/extensions/shortcode/transformer.go:41.2,41.27 1 0
github.com/emad-elsaid/xlog/extensions/shortcode/transformer.go:41.27,53.3 6 0
github.com/emad-elsaid/xlog/extensions/sitemap/sitemap.go:14.13,17.2 2 1
github.com/emad-elsaid/xlog/extensions/sitemap/sitemap.go:21.30,21.50 1 0
github.com/emad-elsaid/xlog/extensions/sitemap/sitemap.go:22.23,25.2 2 0
github.com/emad-elsaid/xlog/extensions/sitemap/sitemap.go:27.32,30.67 2 0
github.com/emad-elsaid/xlog/extensions/sitemap/sitemap.go:30.67,32.3 1 0
github.com/emad-elsaid/xlog/extensions/sitemap/sitemap.go:34.2,36.46 2 0
github.com/emad-elsaid/xlog/extensions/star/star.go:19.13,21.2 1 1
github.com/emad-elsaid/xlog/extensions/star/star.go:25.27,25.44 1 0
github.com/emad-elsaid/xlog/extensions/star/star.go:26.20,30.22 3 0
github.com/emad-elsaid/xlog/extensions/star/star.go:30.22,36.3 5 0
github.com/emad-elsaid/xlog/extensions/star/star.go:43.36,44.28 1 0
github.com/emad-elsaid/xlog/extensions/star/star.go:44.28,46.3 1 0
github.com/emad-elsaid/xlog/extensions/star/star.go:46.8,48.3 1 0
github.com/emad-elsaid/xlog/extensions/star/star.go:51.56,55.2 1 0
github.com/emad-elsaid/xlog/extensions/star/star.go:57.36,59.2 1 0
github.com/emad-elsaid/xlog/extensions/star/star.go:61.37,63.18 2 0
github.com/emad-elsaid/xlog/extensions/star/star.go:63.18,65.3 1 0
github.com/emad-elsaid/xlog/extensions/star/star.go:67.2,68.19 2 0
github.com/emad-elsaid/xlog/extensions/star/star.go:68.19,70.3 1 0
github.com/emad-elsaid/xlog/extensions/star/star.go:72.2,74.25 3 0
github.com/emad-elsaid/xlog/extensions/star/star.go:74.25,77.3 2 0
github.com/emad-elsaid/xlog/extensions/star/star.go:79.2,79.11 1 0
github.com/emad-elsaid/xlog/extensions/star/star.go:87.31,88.15 1 0
github.com/emad-elsaid/xlog/extensions/star/star.go:88.15,90.3 1 0
github.com/emad-elsaid/xlog/extensions/star/star.go:90.8,92.3 1 0
github.com/emad-elsaid/xlog/extensions/star/star.go:94.31,95.15 1 0
github.com/emad-elsaid/xlog/extensions/star/star.go:95.15,97.3 1 0
github.com/emad-elsaid/xlog/extensions/star/star.go:97.8,99.3 1 0
github.com/emad-elsaid/xlog/extensions/star/star.go:101.51,103.15 2 0
github.com/emad-elsaid/xlog/extensions/star/star.go:103.15,105.3 1 0
github.com/emad-elsaid/xlog/extensions/star/star.go:107.2,110.3 1 0
github.com/emad-elsaid/xlog/extensions/star/star.go:113.35,114.17 1 0
github.com/emad-elsaid/xlog/extensions/star/star.go:114.17,116.3 1 0
github.com/emad-elsaid/xlog/extensions/star/star.go:118.2,119.53 2 0
github.com/emad-elsaid/xlog/extensions/star/star.go:122.36,125.35 2 0
github.com/emad-elsaid/xlog/extensions/star/star.go:125.35,127.3 1 0
github.com/emad-elsaid/xlog/extensions/star/star.go:129.2,130.26 2 0
github.com/emad-elsaid/xlog/extensions/star/star.go:130.26,132.3 1 0
github.com/emad-elsaid/xlog/extensions/star/star.go:134.2,137.37 3 0
github.com/emad-elsaid/xlog/extensions/star/star.go:137.37,140.3 2 0
github.com/emad-elsaid/xlog/extensions/star/star.go:143.38,145.35 2 0
github.com/emad-elsaid/xlog/extensions/star/star.go:145.35,147.3 1 0
github.com/emad-elsaid/xlog/extensions/star/star.go:149.2,150.26 2 0
github.com/emad-elsaid/xlog/extensions/star/star.go:150.26,152.3 1 0
github.com/emad-elsaid/xlog/extensions/star/star.go:154.2,156.28 3 0
github.com/emad-elsaid/xlog/extensions/star/star.go:156.28,157.23 1 0
github.com/emad-elsaid/xlog/extensions/star/star.go:157.23,159.4 1 0
github.com/emad-elsaid/xlog/extensions/star/star.go:161.2,163.37 2 0
github.com/emad-elsaid/xlog/extensions/star/star.go:163.37,166.3 2 0
github.com/emad-elsaid/xlog/extensions/star/star.go:169.29,171.25 2 0
github.com/emad-elsaid/xlog/extensions/star/star.go:171.25,173.3 1 0
github.com/emad-elsaid/xlog/extensions/star/star.go:175.2,175.72 1 0
github.com/emad-elsaid/xlog/extensions/star/star.go:175.72,176.39 1 0
github.com/emad-elsaid/xlog/extensions/star/star.go:176.39,178.4 1 0
github.com/emad-elsaid/xlog/extensions/star/star.go:181.2,181.14 1 0
github.com/emad-elsaid/xlog/extensions/search/search.go:19.13,21.2 1 0
github.com/emad-elsaid/xlog/extensions/search/search.go:25.29,25.48 1 0
github.com/emad-elsaid/xlog/extensions/search/search.go:26.22,27.21 1 0
github.com/emad-elsaid/xlog/extensions/search/search.go:27.21,29.3 1 0
github.com/emad-elsaid/xlog/extensions/search/search.go:31.2,35.42 5 0
github.com/emad-elsaid/xlog/extensions/search/search.go:38.39,40.2 1 0
github.com/emad-elsaid/xlog/extensions/search/search.go:42.42,47.2 1 0
github.com/emad-elsaid/xlog/extensions/search/search.go:49.44,53.2 1 0
github.com/emad-elsaid/xlog/extensions/search/search.go:60.66,62.39 2 0
github.com/emad-elsaid/xlog/extensions/search/search.go:62.39,64.3 1 0
github.com/emad-elsaid/xlog/extensions/search/search.go:66.2,68.49 2 0
github.com/emad-elsaid/xlog/extensions/search/search.go:68.49,70.21 2 0
github.com/emad-elsaid/xlog/extensions/search/search.go:70.21,75.4 1 0
github.com/emad-elsaid/xlog/extensions/search/search.go:77.3,78.21 2 0
github.com/emad-elsaid/xlog/extensions/search/search.go:78.21,83.4 1 0
github.com/emad-elsaid/xlog/extensions/search/search.go:85.3,85.13 1 0
github.com/emad-elsaid/xlog/extensions/toc/extend.go:72.49,86.2 1 0
github.com/emad-elsaid/xlog/extensions/toc/extension.go:13.13,15.2 1 1
github.com/emad-elsaid/xlog/extensions/toc/extension.go:19.32,19.48 1 0
github.com/emad-elsaid/xlog/extensions/toc/extension.go:20.25,23.2 2 0
github.com/emad-elsaid/xlog/extensions/toc/extension.go:25.43,26.14 1 0
github.com/emad-elsaid/xlog/extensions/toc/extension.go:26.14,28.3 1 0
github.com/emad-elsaid/xlog/extensions/toc/extension.go:30.2,31.30 2 0
github.com/emad-elsaid/xlog/extensions/toc/extension.go:31.30,33.3 1 0
github.com/emad-elsaid/xlog/extensions/toc/extension.go:35.2,36.16 2 0
github.com/emad-elsaid/xlog/extensions/toc/extension.go:36.16,38.3 1 0
github.com/emad-elsaid/xlog/extensions/toc/extension.go:40.2,40.26 1 0
github.com/emad-elsaid/xlog/extensions/toc/extension.go:40.26,42.3 1 0
github.com/emad-elsaid/xlog/extensions/toc/extension.go:44.2,44.55 1 0
github.com/emad-elsaid/xlog/extensions/toc/inspect.go:53.40,55.2 1 0
github.com/emad-elsaid/xlog/extensions/toc/inspect.go:59.53,61.2 1 0
github.com/emad-elsaid/xlog/extensions/toc/inspect.go:63.41,65.2 1 0
github.com/emad-elsaid/xlog/extensions/toc/inspect.go:101.40,103.2 1 0
github.com/emad-elsaid/xlog/extensions/toc/inspect.go:107.53,109.2 1 0
github.com/emad-elsaid/xlog/extensions/toc/inspect.go:111.41,113.2 1 0
github.com/emad-elsaid/xlog/extensions/toc/inspect.go:162.42,164.2 1 0
github.com/emad-elsaid/xlog/extensions/toc/inspect.go:168.52,170.2 1 0
github.com/emad-elsaid/xlog/extensions/toc/inspect.go:172.40,174.2 1 0
github.com/emad-elsaid/xlog/extensions/toc/inspect.go:208.78,210.30 2 0
github.com/emad-elsaid/xlog/extensions/toc/inspect.go:210.30,212.3 1 0
github.com/emad-elsaid/xlog/extensions/toc/inspect.go:216.2,216.37 1 0
github.com/emad-elsaid/xlog/extensions/toc/inspect.go:216.37,220.3 3 0
github.com/emad-elsaid/xlog/extensions/toc/inspect.go:224.2,224.35 1 0
github.com/emad-elsaid/xlog/extensions/toc/inspect.go:224.35,225.23 1 0
github.com/emad-elsaid/xlog/extensions/toc/inspect.go:225.23,227.4 1 0
github.com/emad-elsaid/xlog/extensions/toc/inspect.go:228.3,228.24 1 0
github.com/emad-elsaid/xlog/extensions/toc/inspect.go:231.2,234.77 3 0
github.com/emad-elsaid/xlog/extensions/toc/inspect.go:234.77,235.16 1 0
github.com/emad-elsaid/xlog/extensions/toc/inspect.go:235.16,237.4 1 0
github.com/emad-elsaid/xlog/extensions/toc/inspect.go:239.3,240.10 2 0
github.com/emad-elsaid/xlog/extensions/toc/inspect.go:240.10,242.4 1 0
github.com/emad-elsaid/xlog/extensions/toc/inspect.go:243.3,243.57 1 0
github.com/emad-elsaid/xlog/extensions/toc/inspect.go:243.57,245.4 1 0
github.com/emad-elsaid/xlog/extensions/toc/inspect.go:247.3,247.57 1 0
github.com/emad-elsaid/xlog/extensions/toc/inspect.go:247.57,249.4 1 0
github.com/emad-elsaid/xlog/extensions/toc/inspect.go:253.3,253.34 1 0
github.com/emad-elsaid/xlog/extensions/toc/inspect.go:253.34,256.4 2 0
github.com/emad-elsaid/xlog/extensions/toc/inspect.go:260.3,260.33 1 0
github.com/emad-elsaid/xlog/extensions/toc/inspect.go:260.33,262.4 1 0
github.com/emad-elsaid/xlog/extensions/toc/inspect.go:264.3,266.53 3 0
github.com/emad-elsaid/xlog/extensions/toc/inspect.go:266.53,268.4 1 0
github.com/emad-elsaid/xlog/extensions/toc/inspect.go:270.3,271.44 2 0
github.com/emad-elsaid/xlog/extensions/toc/inspect.go:271.44,273.4 1 0
github.com/emad-elsaid/xlog/extensions/toc/inspect.go:275.3,275.35 1 0
github.com/emad-elsaid/xlog/extensions/toc/inspect.go:278.2,278.18 1 0
github.com/emad-elsaid/xlog/extensions/toc/inspect.go:278.18,280.3 1 0
github.com/emad-elsaid/xlog/extensions/toc/inspect.go:282.2,282.37 1 0
github.com/emad-elsaid/xlog/extensions/toc/inspect.go:289.33,290.35 1 0
github.com/emad-elsaid/xlog/extensions/toc/inspect.go:290.35,292.26 2 0
github.com/emad-elsaid/xlog/extensions/toc/inspect.go:292.26,294.12 2 0
github.com/emad-elsaid/xlog/extensions/toc/inspect.go:297.3,303.6 7 0
github.com/emad-elsaid/xlog/extensions/toc/inspect.go:307.46,311.2 3 0
github.com/emad-elsaid/xlog/extensions/toc/inspect.go:313.59,314.23 1 0
github.com/emad-elsaid/xlog/extensions/toc/inspect.go:315.17,316.41 1 0
github.com/emad-elsaid/xlog/extensions/toc/inspect.go:317.19,318.28 1 0
github.com/emad-elsaid/xlog/extensions/toc/inspect.go:319.10,320.58 1 0
github.com/emad-elsaid/xlog/extensions/toc/inspect.go:320.58,322.4 1 0
github.com/emad-elsaid/xlog/extensions/toc/render.go:12.36,14.2 1 0
github.com/emad-elsaid/xlog/extensions/toc/render.go:21.43,24.2 2 0
github.com/emad-elsaid/xlog/extensions/toc/render.go:52.50,53.16 1 0
github.com/emad-elsaid/xlog/extensions/toc/render.go:53.16,55.3 1 0
github.com/emad-elsaid/xlog/extensions/toc/render.go:56.2,56.33 1 0
github.com/emad-elsaid/xlog/extensions/toc/render.go:59.58,60.21 1 0
github.com/emad-elsaid/xlog/extensions/toc/render.go:60.21,62.3 1 0
github.com/emad-elsaid/xlog/extensions/toc/render.go:64.2,65.14 2 0
github.com/emad-elsaid/xlog/extensions/toc/render.go:65.14,67.3 1 0
github.com/emad-elsaid/xlog/extensions/toc/render.go:69.2,70.22 2 0
github.com/emad-elsaid/xlog/extensions/toc/render.go:70.22,72.3 1 0
github.com/emad-elsaid/xlog/extensions/toc/render.go:73.2,73.29 1 0
github.com/emad-elsaid/xlog/extensions/toc/render.go:73.29,75.3 1 0
github.com/emad-elsaid/xlog/extensions/toc/render.go:76.2,76.13 1 0
github.com/emad-elsaid/xlog/extensions/toc/render.go:79.53,82.30 2 0
github.com/emad-elsaid/xlog/extensions/toc/render.go:82.30,85.20 3 0
github.com/emad-elsaid/xlog/extensions/toc/render.go:85.20,90.4 4 0
github.com/emad-elsaid/xlog/extensions/toc/render.go:90.9,92.4 1 0
github.com/emad-elsaid/xlog/extensions/toc/render.go:95.2,95.51 1 0
github.com/emad-elsaid/xlog/extensions/toc/render.go:95.51,97.3 1 0
github.com/emad-elsaid/xlog/extensions/toc/render.go:99.2,99.13 1 0
github.com/emad-elsaid/xlog/extensions/toc/transform.go:86.92,88.16 2 0
github.com/emad-elsaid/xlog/extensions/toc/transform.go:88.16,92.3 1 0
github.com/emad-elsaid/xlog/extensions/toc/transform.go:95.2,95.25 1 0
github.com/emad-elsaid/xlog/extensions/toc/transform.go:95.25,97.3 1 0
github.com/emad-elsaid/xlog/extensions/toc/transform.go:99.2,100.33 2 0
github.com/emad-elsaid/xlog/extensions/toc/transform.go:100.33,102.3 1 0
github.com/emad-elsaid/xlog/extensions/toc/transform.go:104.2,107.21 3 0
github.com/emad-elsaid/xlog/extensions/toc/transform.go:107.21,109.3 1 0
github.com/emad-elsaid/xlog/extensions/toc/transform.go:111.2,112.20 2 0
github.com/emad-elsaid/xlog/extensions/toc/transform.go:112.20,114.3 1 0
github.com/emad-elsaid/xlog/extensions/toc/transform.go:115.2,115.33 1 0
github.com/emad-elsaid/xlog/extensions/toc/transform.go:115.33,117.3 1 0
github.com/emad-elsaid/xlog/extensions/toc/transform.go:119.2,122.34 4 0
github.com/emad-elsaid/xlog/extensions/toc/transform.go:122.34,124.3 1 0
github.com/emad-elsaid/xlog/extensions/toc/transform.go:124.8,124.41 1 0
github.com/emad-elsaid/xlog/extensions/toc/transform.go:124.41,127.3 2 0
github.com/emad-elsaid/xlog/extensions/toc/transform.go:129.2,129.50 1 0
github.com/emad-elsaid/xlog/extensions/sql_table/extension.go:19.13,22.2 2 0
github.com/emad-elsaid/xlog/extensions/sql_table/extension.go:26.32,28.2 1 0
github.com/emad-elsaid/xlog/extensions/sql_table/extension.go:30.25,32.2 1 0
github.com/emad-elsaid/xlog/extensions/sql_table/extension.go:34.40,35.14 1 0
github.com/emad-elsaid/xlog/extensions/sql_table/extension.go:35.14,37.3 1 0
github.com/emad-elsaid/xlog/extensions/sql_table/extension.go:39.2,40.14 2 0
github.com/emad-elsaid/xlog/extensions/sql_table/extension.go:40.14,42.3 1 0
github.com/emad-elsaid/xlog/extensions/sql_table/extension.go:44.2,45.22 2 0
github.com/emad-elsaid/xlog/extensions/sql_table/extension.go:45.22,47.3 1 0
github.com/emad-elsaid/xlog/extensions/sql_table/extension.go:49.2,49.83 1 0
github.com/emad-elsaid/xlog/extensions/sql_table/extension.go:49.83,51.3 1 0
github.com/emad-elsaid/xlog/extensions/sql_table/extension.go:52.2,52.22 1 0
github.com/emad-elsaid/xlog/extensions/sql_table/extension.go:52.22,54.3 1 0
github.com/emad-elsaid/xlog/extensions/sql_table/extension.go:56.2,59.25 3 0
github.com/emad-elsaid/xlog/markdown/markdown.go:15.36,20.2 1 1
github.com/emad-elsaid/xlog/markdown/markdown.go:23.42,25.2 1 1
github.com/emad-elsaid/xlog/markdown/markdown.go:31.76,33.2 1 0
github.com/emad-elsaid/xlog/markdown/markdown.go:59.45,60.27 1 0
github.com/emad-elsaid/xlog/markdown/markdown.go:60.27,62.3 1 0
github.com/emad-elsaid/xlog/markdown/markdown.go:66.41,67.27 1 0
github.com/emad-elsaid/xlog/markdown/markdown.go:67.27,69.3 1 0
github.com/emad-elsaid/xlog/markdown/markdown.go:73.54,74.27 1 0
github.com/emad-elsaid/xlog/markdown/markdown.go:74.27,76.3 1 0
github.com/emad-elsaid/xlog/markdown/markdown.go:80.47,81.27 1 0
github.com/emad-elsaid/xlog/markdown/markdown.go:81.27,83.3 1 0
github.com/emad-elsaid/xlog/markdown/markdown.go:87.58,88.27 1 0
github.com/emad-elsaid/xlog/markdown/markdown.go:88.27,90.3 1 0
github.com/emad-elsaid/xlog/markdown/markdown.go:100.38,106.30 2 1
github.com/emad-elsaid/xlog/markdown/markdown.go:106.30,108.3 1 0
github.com/emad-elsaid/xlog/markdown/markdown.go:109.2,109.34 1 1
github.com/emad-elsaid/xlog/markdown/markdown.go:109.34,111.3 1 0
github.com/emad-elsaid/xlog/markdown/markdown.go:112.2,112.11 1 1
github.com/emad-elsaid/xlog/markdown/markdown.go:115.95,119.2 3 0
github.com/emad-elsaid/xlog/markdown/markdown.go:121.43,123.2 1 0
github.com/emad-elsaid/xlog/markdown/markdown.go:125.47,127.2 1 0
github.com/emad-elsaid/xlog/markdown/markdown.go:129.49,131.2 1 0
github.com/emad-elsaid/xlog/markdown/markdown.go:133.53,135.2 1 0
github.com/emad-elsaid/xlog/markdown/emoji/emoji.go:33.69,34.23 1 0
github.com/emad-elsaid/xlog/markdown/emoji/emoji.go:34.23,36.3 1 0
github.com/emad-elsaid/xlog/markdown/emoji/emoji.go:53.37,53.38 0 0
github.com/emad-elsaid/xlog/markdown/emoji/emoji.go:55.56,57.2 1 0
github.com/emad-elsaid/xlog/markdown/emoji/emoji.go:59.54,61.2 1 0
github.com/emad-elsaid/xlog/markdown/emoji/emoji.go:64.49,68.2 1 0
github.com/emad-elsaid/xlog/markdown/emoji/emoji.go:114.73,115.14 1 0
github.com/emad-elsaid/xlog/markdown/emoji/emoji.go:116.26,117.37 1 0
github.com/emad-elsaid/xlog/markdown/emoji/emoji.go:118.26,119.37 1 0
github.com/emad-elsaid/xlog/markdown/emoji/emoji.go:120.23,121.40 1 0
github.com/emad-elsaid/xlog/markdown/emoji/emoji.go:122.10,123.34 1 0
github.com/emad-elsaid/xlog/markdown/emoji/emoji.go:141.46,142.2 0 0
github.com/emad-elsaid/xlog/markdown/emoji/emoji.go:145.61,147.2 1 0
github.com/emad-elsaid/xlog/markdown/emoji/emoji.go:150.65,152.2 1 0
github.com/emad-elsaid/xlog/markdown/emoji/emoji.go:157.52,159.2 1 0
github.com/emad-elsaid/xlog/markdown/emoji/emoji.go:165.46,166.2 0 0
github.com/emad-elsaid/xlog/markdown/emoji/emoji.go:169.61,171.2 1 0
github.com/emad-elsaid/xlog/markdown/emoji/emoji.go:174.65,176.2 1 0
github.com/emad-elsaid/xlog/markdown/emoji/emoji.go:181.43,183.2 1 0
github.com/emad-elsaid/xlog/markdown/emoji/emoji.go:191.43,192.2 0 0
github.com/emad-elsaid/xlog/markdown/emoji/emoji.go:195.58,197.2 1 0
github.com/emad-elsaid/xlog/markdown/emoji/emoji.go:200.62,202.2 1 0
github.com/emad-elsaid/xlog/markdown/emoji/emoji.go:207.46,209.2 1 0
github.com/emad-elsaid/xlog/markdown/emoji/emoji.go:216.58,222.25 2 0
github.com/emad-elsaid/xlog/markdown/emoji/emoji.go:222.25,224.3 1 0
github.com/emad-elsaid/xlog/markdown/emoji/emoji.go:225.2,225.10 1 0
github.com/emad-elsaid/xlog/markdown/emoji/emoji.go:228.45,230.2 1 0
github.com/emad-elsaid/xlog/markdown/emoji/emoji.go:232.98,234.19 2 0
github.com/emad-elsaid/xlog/markdown/emoji/emoji.go:234.19,236.3 1 0
github.com/emad-elsaid/xlog/markdown/emoji/emoji.go:237.2,238.27 2 0
github.com/emad-elsaid/xlog/markdown/emoji/emoji.go:238.27,240.68 2 0
github.com/emad-elsaid/xlog/markdown/emoji/emoji.go:240.68,241.9 1 0
github.com/emad-elsaid/xlog/markdown/emoji/emoji.go:244.2,244.38 1 0
github.com/emad-elsaid/xlog/markdown/emoji/emoji.go:244.38,246.3 1 0
github.com/emad-elsaid/xlog/markdown/emoji/emoji.go:247.2,250.9 4 0
github.com/emad-elsaid/xlog/markdown/emoji/emoji.go:250.9,252.3 1 0
github.com/emad-elsaid/xlog/markdown/emoji/emoji.go:253.2,253.40 1 0
github.com/emad-elsaid/xlog/markdown/emoji/emoji.go:261.68,270.27 2 0
github.com/emad-elsaid/xlog/markdown/emoji/emoji.go:270.27,272.3 1 0
github.com/emad-elsaid/xlog/markdown/emoji/emoji.go:273.2,273.10 1 0
github.com/emad-elsaid/xlog/markdown/emoji/emoji.go:277.84,279.2 1 0
github.com/emad-elsaid/xlog/markdown/emoji/emoji.go:284.125,285.15 1 0
github.com/emad-elsaid/xlog/markdown/emoji/emoji.go:285.15,287.3 1 0
github.com/emad-elsaid/xlog/markdown/emoji/emoji.go:288.2,289.49 2 0
github.com/emad-elsaid/xlog/markdown/emoji/emoji.go:289.49,290.153 1 0
github.com/emad-elsaid/xlog/markdown/emoji/emoji.go:290.153,292.4 1 0
github.com/emad-elsaid/xlog/markdown/emoji/emoji.go:293.3,293.31 1 0
github.com/emad-elsaid/xlog/markdown/emoji/emoji.go:296.2,296.18 1 0
github.com/emad-elsaid/xlog/markdown/emoji/emoji.go:297.14,298.40 1 0
github.com/emad-elsaid/xlog/markdown/emoji/emoji.go:298.40,299.19 1 0
github.com/emad-elsaid/xlog/markdown/emoji/emoji.go:299.19,301.13 2 0
github.com/emad-elsaid/xlog/markdown/emoji/emoji.go:303.4,303.57 1 0
github.com/emad-elsaid/xlog/markdown/emoji/emoji.go:303.57,305.5 1 0
github.com/emad-elsaid/xlog/markdown/emoji/emoji.go:307.15,308.77 1 0
github.com/emad-elsaid/xlog/markdown/emoji/emoji.go:308.77,310.4 1 0
github.com/emad-elsaid/xlog/markdown/emoji/emoji.go:311.15,313.15 2 0
github.com/emad-elsaid/xlog/markdown/emoji/emoji.go:313.15,315.4 1 0
github.com/emad-elsaid/xlog/markdown/emoji/emoji.go:316.3,317.40 2 0
github.com/emad-elsaid/xlog/markdown/emoji/emoji.go:317.40,319.4 1 0
github.com/emad-elsaid/xlog/markdown/emoji/emoji.go:320.3,320.154 1 0
github.com/emad-elsaid/xlog/markdown/emoji/emoji.go:320.154,322.4 1 0
github.com/emad-elsaid/xlog/markdown/emoji/emoji.go:323.12,324.53 1 0
github.com/emad-elsaid/xlog/markdown/emoji/emoji.go:326.2,326.30 1 0
github.com/emad-elsaid/xlog/markdown/emoji/emoji.go:339.44,343.2 1 0
github.com/emad-elsaid/xlog/markdown/emoji/emoji.go:346.45,349.30 3 0
github.com/emad-elsaid/xlog/markdown/emoji/emoji.go:349.30,350.37 1 0
github.com/emad-elsaid/xlog/markdown/emoji/emoji.go:350.37,352.12 2 0
github.com/emad-elsaid/xlog/markdown/emoji/emoji.go:354.3,354.39 1 0
github.com/emad-elsaid/xlog/markdown/emoji/emoji.go:354.39,356.4 1 0
github.com/emad-elsaid/xlog/markdown/emoji/emoji.go:359.2,365.4 2 0
github.com/emad-elsaid/xlog/markdown/ast/ast.go:28.35,30.2 1 0
github.com/emad-elsaid/xlog/markdown/ast/ast.go:36.40,40.2 3 1
github.com/emad-elsaid/xlog/markdown/ast/ast.go:189.29,190.31 1 0
github.com/emad-elsaid/xlog/markdown/ast/ast.go:190.31,192.3 1 0
github.com/emad-elsaid/xlog/markdown/ast/ast.go:196.39,198.2 1 0
github.com/emad-elsaid/xlog/markdown/ast/ast.go:201.47,203.2 1 0
github.com/emad-elsaid/xlog/markdown/ast/ast.go:206.43,208.2 1 0
github.com/emad-elsaid/xlog/markdown/ast/ast.go:211.43,213.2 1 0
github.com/emad-elsaid/xlog/markdown/ast/ast.go:216.39,218.2 1 0
github.com/emad-elsaid/xlog/markdown/ast/ast.go:221.46,222.24 1 0
github.com/emad-elsaid/xlog/markdown/ast/ast.go:222.24,224.3 1 0
github.com/emad-elsaid/xlog/markdown/ast/ast.go:225.2,228.17 4 0
github.com/emad-elsaid/xlog/markdown/ast/ast.go:228.17,230.3 1 0
github.com/emad-elsaid/xlog/markdown/ast/ast.go:230.8,232.3 1 0
github.com/emad-elsaid/xlog/markdown/ast/ast.go:233.2,233.17 1 0
github.com/emad-elsaid/xlog/markdown/ast/ast.go:233.17,235.3 1 0
github.com/emad-elsaid/xlog/markdown/ast/ast.go:235.8,237.3 1 0
github.com/emad-elsaid/xlog/markdown/ast/ast.go:238.2,240.23 3 0
github.com/emad-elsaid/xlog/markdown/ast/ast.go:244.46,245.35 1 0
github.com/emad-elsaid/xlog/markdown/ast/ast.go:245.35,251.3 5 0
github.com/emad-elsaid/xlog/markdown/ast/ast.go:252.2,254.18 3 0
github.com/emad-elsaid/xlog/markdown/ast/ast.go:258.67,261.21 3 0
github.com/emad-elsaid/xlog/markdown/ast/ast.go:261.21,263.56 2 0
github.com/emad-elsaid/xlog/markdown/ast/ast.go:263.56,265.21 2 0
github.com/emad-elsaid/xlog/markdown/ast/ast.go:265.21,267.5 1 0
github.com/emad-elsaid/xlog/markdown/ast/ast.go:268.4,269.34 2 0
github.com/emad-elsaid/xlog/markdown/ast/ast.go:270.9,272.75 2 0
github.com/emad-elsaid/xlog/markdown/ast/ast.go:272.75,274.5 1 0
github.com/emad-elsaid/xlog/markdown/ast/ast.go:275.4,277.30 3 0
github.com/emad-elsaid/xlog/markdown/ast/ast.go:277.30,279.5 1 0
github.com/emad-elsaid/xlog/markdown/ast/ast.go:280.4,280.29 1 0
github.com/emad-elsaid/xlog/markdown/ast/ast.go:282.3,282.17 1 0
github.com/emad-elsaid/xlog/markdown/ast/ast.go:284.2,285.55 2 0
github.com/emad-elsaid/xlog/markdown/ast/ast.go:285.55,287.3 1 0
github.com/emad-elsaid/xlog/markdown/ast/ast.go:291.38,293.2 1 0
github.com/emad-elsaid/xlog/markdown/ast/ast.go:296.37,298.2 1 0
github.com/emad-elsaid/xlog/markdown/ast/ast.go:301.37,303.2 1 0
github.com/emad-elsaid/xlog/markdown/ast/ast.go:306.34,308.2 1 0
github.com/emad-elsaid/xlog/markdown/ast/ast.go:311.38,313.2 1 0
github.com/emad-elsaid/xlog/markdown/ast/ast.go:316.46,318.25 2 0
github.com/emad-elsaid/xlog/markdown/ast/ast.go:318.25,322.3 3 0
github.com/emad-elsaid/xlog/markdown/ast/ast.go:322.8,326.3 3 0
github.com/emad-elsaid/xlog/markdown/ast/ast.go:327.2,329.16 3 0
github.com/emad-elsaid/xlog/markdown/ast/ast.go:333.58,336.2 2 0
github.com/emad-elsaid/xlog/markdown/ast/ast.go:339.57,341.2 1 0
github.com/emad-elsaid/xlog/markdown/ast/ast.go:344.58,346.15 2 0
github.com/emad-elsaid/xlog/markdown/ast/ast.go:346.15,349.3 2 0
github.com/emad-elsaid/xlog/markdown/ast/ast.go:350.2,351.25 2 0
github.com/emad-elsaid/xlog/markdown/ast/ast.go:351.25,354.18 3 0
github.com/emad-elsaid/xlog/markdown/ast/ast.go:354.18,357.4 2 0
github.com/emad-elsaid/xlog/markdown/ast/ast.go:357.9,360.4 2 0
github.com/emad-elsaid/xlog/markdown/ast/ast.go:361.3,363.27 3 0
github.com/emad-elsaid/xlog/markdown/ast/ast.go:368.46,370.6 2 0
github.com/emad-elsaid/xlog/markdown/ast/ast.go:370.6,372.15 2 0
github.com/emad-elsaid/xlog/markdown/ast/ast.go:372.15,373.34 1 0
github.com/emad-elsaid/xlog/markdown/ast/ast.go:373.34,375.5 1 0
github.com/emad-elsaid/xlog/markdown/ast/ast.go:376.4,376.9 1 0
github.com/emad-elsaid/xlog/markdown/ast/ast.go:378.3,378.8 1 0
github.com/emad-elsaid/xlog/markdown/ast/ast.go:380.2,380.12 1 0
github.com/emad-elsaid/xlog/markdown/ast/ast.go:386.47,388.55 2 0
github.com/emad-elsaid/xlog/markdown/ast/ast.go:388.55,392.32 2 0
github.com/emad-elsaid/xlog/markdown/ast/ast.go:392.32,394.4 1 0
github.com/emad-elsaid/xlog/markdown/ast/ast.go:396.2,396.20 1 0
github.com/emad-elsaid/xlog/markdown/ast/ast.go:400.57,401.25 1 0
github.com/emad-elsaid/xlog/markdown/ast/ast.go:401.25,403.3 1 0
github.com/emad-elsaid/xlog/markdown/ast/ast.go:403.8,404.34 1 0
github.com/emad-elsaid/xlog/markdown/ast/ast.go:404.34,405.33 1 0
github.com/emad-elsaid/xlog/markdown/ast/ast.go:405.33,409.5 3 0
github.com/emad-elsaid/xlog/markdown/ast/ast.go:412.2,412.61 1 0
github.com/emad-elsaid/xlog/markdown/ast/ast.go:416.63,418.2 1 0
github.com/emad-elsaid/xlog/markdown/ast/ast.go:421.55,422.25 1 0
github.com/emad-elsaid/xlog/markdown/ast/ast.go:422.25,424.3 1 0
github.com/emad-elsaid/xlog/markdown/ast/ast.go:425.2,425.33 1 0
github.com/emad-elsaid/xlog/markdown/ast/ast.go:425.33,426.32 1 0
github.com/emad-elsaid/xlog/markdown/ast/ast.go:426.32,428.4 1 0
github.com/emad-elsaid/xlog/markdown/ast/ast.go:430.2,430.19 1 0
github.com/emad-elsaid/xlog/markdown/ast/ast.go:434.58,436.2 1 0
github.com/emad-elsaid/xlog/markdown/ast/ast.go:439.45,441.2 1 0
github.com/emad-elsaid/xlog/markdown/ast/ast.go:444.39,446.2 1 0
github.com/emad-elsaid/xlog/markdown/ast/ast.go:451.87,456.27 5 0
github.com/emad-elsaid/xlog/markdown/ast/ast.go:456.27,458.40 2 0
github.com/emad-elsaid/xlog/markdown/ast/ast.go:458.40,461.4 2 0
github.com/emad-elsaid/xlog/markdown/ast/ast.go:462.3,463.82 2 0
github.com/emad-elsaid/xlog/markdown/ast/ast.go:465.2,465.30 1 0
github.com/emad-elsaid/xlog/markdown/ast/ast.go:465.30,467.3 1 0
github.com/emad-elsaid/xlog/markdown/ast/ast.go:468.2,468.15 1 0
github.com/emad-elsaid/xlog/markdown/ast/ast.go:468.15,470.3 1 0
github.com/emad-elsaid/xlog/markdown/ast/ast.go:471.2,471.57 1 0
github.com/emad-elsaid/xlog/markdown/ast/ast.go:471.57,473.3 1 0
github.com/emad-elsaid/xlog/markdown/ast/ast.go:474.2,474.29 1 0
github.com/emad-elsaid/xlog/markdown/ast/ast.go:499.40,502.2 2 0
github.com/emad-elsaid/xlog/markdown/ast/ast.go:504.60,506.38 2 0
github.com/emad-elsaid/xlog/markdown/ast/ast.go:506.38,508.3 1 0
github.com/emad-elsaid/xlog/markdown/ast/ast.go:509.2,509.32 1 0
github.com/emad-elsaid/xlog/markdown/ast/ast.go:509.32,510.58 1 0
github.com/emad-elsaid/xlog/markdown/ast/ast.go:510.58,511.70 1 0
github.com/emad-elsaid/xlog/markdown/ast/ast.go:511.70,513.5 1 0
github.com/emad-elsaid/xlog/markdown/ast/ast.go:516.2,517.38 2 0
github.com/emad-elsaid/xlog/markdown/ast/ast.go:517.38,519.3 1 0
github.com/emad-elsaid/xlog/markdown/ast/ast.go:520.2,520.26 1 0
github.com/emad-elsaid/xlog/markdown/ast/block.go:18.37,20.2 1 0
github.com/emad-elsaid/xlog/markdown/ast/block.go:23.34,25.2 1 0
github.com/emad-elsaid/xlog/markdown/ast/block.go:28.50,30.2 1 0
github.com/emad-elsaid/xlog/markdown/ast/block.go:33.51,35.2 1 0
github.com/emad-elsaid/xlog/markdown/ast/block.go:38.45,40.2 1 0
github.com/emad-elsaid/xlog/markdown/ast/block.go:43.49,45.2 1 0
github.com/emad-elsaid/xlog/markdown/ast/block.go:58.51,60.2 1 0
github.com/emad-elsaid/xlog/markdown/ast/block.go:63.36,65.2 1 0
github.com/emad-elsaid/xlog/markdown/ast/block.go:68.36,70.2 1 0
github.com/emad-elsaid/xlog/markdown/ast/block.go:73.46,75.2 1 0
github.com/emad-elsaid/xlog/markdown/ast/block.go:78.42,79.19 1 0
github.com/emad-elsaid/xlog/markdown/ast/block.go:79.19,81.3 1 0
github.com/emad-elsaid/xlog/markdown/ast/block.go:82.2,82.15 1 0
github.com/emad-elsaid/xlog/markdown/ast/block.go:86.49,87.19 1 0
github.com/emad-elsaid/xlog/markdown/ast/block.go:87.19,89.3 1 0
github.com/emad-elsaid/xlog/markdown/ast/block.go:90.2,90.25 1 0
github.com/emad-elsaid/xlog/markdown/ast/block.go:90.25,92.3 1 0
github.com/emad-elsaid/xlog/markdown/ast/block.go:96.51,97.19 1 0
github.com/emad-elsaid/xlog/markdown/ast/block.go:97.19,99.3 1 0
github.com/emad-elsaid/xlog/markdown/ast/block.go:100.2,100.21 1 0
github.com/emad-elsaid/xlog/markdown/ast/block.go:104.30,109.2 1 0
github.com/emad-elsaid/xlog/markdown/ast/block.go:118.52,120.2 1 0
github.com/emad-elsaid/xlog/markdown/ast/block.go:126.37,128.2 1 0
github.com/emad-elsaid/xlog/markdown/ast/block.go:133.48,135.2 1 0
github.com/emad-elsaid/xlog/markdown/ast/block.go:138.32,142.2 1 0
github.com/emad-elsaid/xlog/markdown/ast/block.go:150.52,152.2 1 0
github.com/emad-elsaid/xlog/markdown/ast/block.go:158.37,160.2 1 0
github.com/emad-elsaid/xlog/markdown/ast/block.go:165.48,167.2 1 0
github.com/emad-elsaid/xlog/markdown/ast/block.go:170.32,174.2 1 0
github.com/emad-elsaid/xlog/markdown/ast/block.go:178.34,181.2 2 0
github.com/emad-elsaid/xlog/markdown/ast/block.go:192.50,197.2 2 0
github.com/emad-elsaid/xlog/markdown/ast/block.go:203.35,205.2 1 0
github.com/emad-elsaid/xlog/markdown/ast/block.go:208.37,213.2 1 0
github.com/emad-elsaid/xlog/markdown/ast/block.go:221.56,223.2 1 0
github.com/emad-elsaid/xlog/markdown/ast/block.go:229.41,231.2 1 0
github.com/emad-elsaid/xlog/markdown/ast/block.go:234.40,238.2 1 0
github.com/emad-elsaid/xlog/markdown/ast/block.go:246.34,248.2 1 0
github.com/emad-elsaid/xlog/markdown/ast/block.go:251.52,253.2 1 0
github.com/emad-elsaid/xlog/markdown/ast/block.go:259.37,261.2 1 0
github.com/emad-elsaid/xlog/markdown/ast/block.go:266.48,268.2 1 0
github.com/emad-elsaid/xlog/markdown/ast/block.go:271.32,275.2 1 0
github.com/emad-elsaid/xlog/markdown/ast/block.go:288.58,289.40 1 0
github.com/emad-elsaid/xlog/markdown/ast/block.go:289.40,293.28 4 0
github.com/emad-elsaid/xlog/markdown/ast/block.go:293.28,294.22 1 0
github.com/emad-elsaid/xlog/markdown/ast/block.go:294.22,295.10 1 0
github.com/emad-elsaid/xlog/markdown/ast/block.go:298.3,298.24 1 0
github.com/emad-elsaid/xlog/markdown/ast/block.go:300.2,300.19 1 0
github.com/emad-elsaid/xlog/markdown/ast/block.go:304.40,306.2 1 0
github.com/emad-elsaid/xlog/markdown/ast/block.go:309.58,311.19 2 0
github.com/emad-elsaid/xlog/markdown/ast/block.go:311.19,313.3 1 0
github.com/emad-elsaid/xlog/markdown/ast/block.go:314.2,314.38 1 0
github.com/emad-elsaid/xlog/markdown/ast/block.go:321.43,323.2 1 0
github.com/emad-elsaid/xlog/markdown/ast/block.go:328.54,330.2 1 0
github.com/emad-elsaid/xlog/markdown/ast/block.go:333.54,338.2 1 0
github.com/emad-elsaid/xlog/markdown/ast/block.go:346.53,348.2 1 0
github.com/emad-elsaid/xlog/markdown/ast/block.go:354.38,356.2 1 0
github.com/emad-elsaid/xlog/markdown/ast/block.go:359.34,363.2 1 0
github.com/emad-elsaid/xlog/markdown/ast/block.go:382.33,384.2 1 0
github.com/emad-elsaid/xlog/markdown/ast/block.go:388.62,390.2 1 0
github.com/emad-elsaid/xlog/markdown/ast/block.go:393.47,399.19 2 0
github.com/emad-elsaid/xlog/markdown/ast/block.go:399.19,401.3 1 0
github.com/emad-elsaid/xlog/markdown/ast/block.go:402.2,402.38 1 0
github.com/emad-elsaid/xlog/markdown/ast/block.go:409.32,411.2 1 0
github.com/emad-elsaid/xlog/markdown/ast/block.go:414.33,420.2 1 0
github.com/emad-elsaid/xlog/markdown/ast/block.go:431.51,436.2 2 0
github.com/emad-elsaid/xlog/markdown/ast/block.go:442.36,444.2 1 0
github.com/emad-elsaid/xlog/markdown/ast/block.go:447.40,452.2 1 0
github.com/emad-elsaid/xlog/markdown/ast/block.go:487.34,489.2 1 0
github.com/emad-elsaid/xlog/markdown/ast/block.go:493.39,495.2 1 0
github.com/emad-elsaid/xlog/markdown/ast/block.go:498.52,503.39 5 0
github.com/emad-elsaid/xlog/markdown/ast/block.go:503.39,506.3 2 0
github.com/emad-elsaid/xlog/markdown/ast/block.go:507.2,508.57 2 0
github.com/emad-elsaid/xlog/markdown/ast/block.go:508.57,510.3 1 0
github.com/emad-elsaid/xlog/markdown/ast/block.go:511.2,511.20 1 0
github.com/emad-elsaid/xlog/markdown/ast/block.go:511.20,514.3 2 0
github.com/emad-elsaid/xlog/markdown/ast/block.go:515.2,516.29 2 0
github.com/emad-elsaid/xlog/markdown/ast/block.go:523.37,525.2 1 0
github.com/emad-elsaid/xlog/markdown/ast/block.go:530.48,532.20 2 0
github.com/emad-elsaid/xlog/markdown/ast/block.go:532.20,534.3 1 0
github.com/emad-elsaid/xlog/markdown/ast/block.go:535.2,535.12 1 0
github.com/emad-elsaid/xlog/markdown/ast/block.go:539.49,545.2 1 0
github.com/emad-elsaid/xlog/markdown/ast/inline.go:17.38,19.2 1 0
github.com/emad-elsaid/xlog/markdown/ast/inline.go:22.35,24.2 1 0
github.com/emad-elsaid/xlog/markdown/ast/inline.go:27.51,28.42 1 0
github.com/emad-elsaid/xlog/markdown/ast/inline.go:32.52,33.42 1 0
github.com/emad-elsaid/xlog/markdown/ast/inline.go:37.46,38.42 1 0
github.com/emad-elsaid/xlog/markdown/ast/inline.go:42.50,43.42 1 0
github.com/emad-elsaid/xlog/markdown/ast/inline.go:62.42,64.34 2 0
github.com/emad-elsaid/xlog/markdown/ast/inline.go:64.34,66.3 1 0
github.com/emad-elsaid/xlog/markdown/ast/inline.go:67.2,67.34 1 0
github.com/emad-elsaid/xlog/markdown/ast/inline.go:67.34,69.3 1 0
github.com/emad-elsaid/xlog/markdown/ast/inline.go:70.2,70.24 1 0
github.com/emad-elsaid/xlog/markdown/ast/inline.go:70.24,72.3 1 0
github.com/emad-elsaid/xlog/markdown/ast/inline.go:73.2,73.25 1 0
github.com/emad-elsaid/xlog/markdown/ast/inline.go:73.25,75.3 1 0
github.com/emad-elsaid/xlog/markdown/ast/inline.go:76.2,76.32 1 0
github.com/emad-elsaid/xlog/markdown/ast/inline.go:80.26,81.2 0 0
github.com/emad-elsaid/xlog/markdown/ast/inline.go:85.37,87.2 1 0
github.com/emad-elsaid/xlog/markdown/ast/inline.go:90.41,91.7 1 0
github.com/emad-elsaid/xlog/markdown/ast/inline.go:91.7,93.3 1 0
github.com/emad-elsaid/xlog/markdown/ast/inline.go:93.8,95.3 1 0
github.com/emad-elsaid/xlog/markdown/ast/inline.go:100.29,102.2 1 0
github.com/emad-elsaid/xlog/markdown/ast/inline.go:105.31,106.7 1 0
github.com/emad-elsaid/xlog/markdown/ast/inline.go:106.7,108.3 1 0
github.com/emad-elsaid/xlog/markdown/ast/inline.go:108.8,110.3 1 0
github.com/emad-elsaid/xlog/markdown/ast/inline.go:115.37,117.2 1 0
github.com/emad-elsaid/xlog/markdown/ast/inline.go:120.41,121.7 1 0
github.com/emad-elsaid/xlog/markdown/ast/inline.go:121.7,123.3 1 0
github.com/emad-elsaid/xlog/markdown/ast/inline.go:123.8,125.3 1 0
github.com/emad-elsaid/xlog/markdown/ast/inline.go:130.53,132.9 2 0
github.com/emad-elsaid/xlog/markdown/ast/inline.go:132.9,134.3 1 0
github.com/emad-elsaid/xlog/markdown/ast/inline.go:135.2,136.62 1 0
github.com/emad-elsaid/xlog/markdown/ast/inline.go:136.62,138.3 1 0
github.com/emad-elsaid/xlog/markdown/ast/inline.go:139.2,142.13 4 0
github.com/emad-elsaid/xlog/markdown/ast/inline.go:148.43,150.2 1 0
github.com/emad-elsaid/xlog/markdown/ast/inline.go:154.44,156.2 1 0
github.com/emad-elsaid/xlog/markdown/ast/inline.go:159.47,161.18 2 0
github.com/emad-elsaid/xlog/markdown/ast/inline.go:161.18,163.3 1 0
github.com/emad-elsaid/xlog/markdown/ast/inline.go:164.2,164.119 1 0
github.com/emad-elsaid/xlog/markdown/ast/inline.go:171.32,173.2 1 0
github.com/emad-elsaid/xlog/markdown/ast/inline.go:176.22,180.2 1 0
github.com/emad-elsaid/xlog/markdown/ast/inline.go:183.44,188.2 1 0
github.com/emad-elsaid/xlog/markdown/ast/inline.go:192.47,199.2 3 0
github.com/emad-elsaid/xlog/markdown/ast/inline.go:204.61,207.59 3 0
github.com/emad-elsaid/xlog/markdown/ast/inline.go:207.59,209.3 1 0
github.com/emad-elsaid/xlog/markdown/ast/inline.go:209.8,211.3 1 0
github.com/emad-elsaid/xlog/markdown/ast/inline.go:216.70,218.82 2 0
github.com/emad-elsaid/xlog/markdown/ast/inline.go:218.82,221.3 2 0
github.com/emad-elsaid/xlog/markdown/ast/inline.go:221.8,223.3 1 0
github.com/emad-elsaid/xlog/markdown/ast/inline.go:235.28,236.2 0 0
github.com/emad-elsaid/xlog/markdown/ast/inline.go:240.31,242.2 1 0
github.com/emad-elsaid/xlog/markdown/ast/inline.go:245.33,246.7 1 0
github.com/emad-elsaid/xlog/markdown/ast/inline.go:246.7,248.3 1 0
github.com/emad-elsaid/xlog/markdown/ast/inline.go:248.8,250.3 1 0
github.com/emad-elsaid/xlog/markdown/ast/inline.go:255.32,257.2 1 0
github.com/emad-elsaid/xlog/markdown/ast/inline.go:260.34,261.7 1 0
github.com/emad-elsaid/xlog/markdown/ast/inline.go:261.7,263.3 1 0
github.com/emad-elsaid/xlog/markdown/ast/inline.go:263.8,265.3 1 0
github.com/emad-elsaid/xlog/markdown/ast/inline.go:271.45,273.2 1 0
github.com/emad-elsaid/xlog/markdown/ast/inline.go:276.49,278.18 2 0
github.com/emad-elsaid/xlog/markdown/ast/inline.go:278.18,280.3 1 0
github.com/emad-elsaid/xlog/markdown/ast/inline.go:281.2,281.113 1 0
github.com/emad-elsaid/xlog/markdown/ast/inline.go:288.34,290.2 1 0
github.com/emad-elsaid/xlog/markdown/ast/inline.go:293.34,297.2 1 0
github.com/emad-elsaid/xlog/markdown/ast/inline.go:305.30,306.2 0 0
github.com/emad-elsaid/xlog/markdown/ast/inline.go:309.48,310.57 1 0
github.com/emad-elsaid/xlog/markdown/ast/inline.go:310.57,312.40 2 0
github.com/emad-elsaid/xlog/markdown/ast/inline.go:312.40,314.4 1 0
github.com/emad-elsaid/xlog/markdown/ast/inline.go:316.2,316.13 1 0
github.com/emad-elsaid/xlog/markdown/ast/inline.go:320.51,322.2 1 0
github.com/emad-elsaid/xlog/markdown/ast/inline.go:328.36,330.2 1 0
github.com/emad-elsaid/xlog/markdown/ast/inline.go:333.30,337.2 1 0
github.com/emad-elsaid/xlog/markdown/ast/inline.go:348.51,353.2 2 0
github.com/emad-elsaid/xlog/markdown/ast/inline.go:359.36,361.2 1 0
github.com/emad-elsaid/xlog/markdown/ast/inline.go:364.39,369.2 1 0
github.com/emad-elsaid/xlog/markdown/ast/inline.go:382.30,383.2 0 0
github.com/emad-elsaid/xlog/markdown/ast/inline.go:391.47,396.2 4 0
github.com/emad-elsaid/xlog/markdown/ast/inline.go:402.32,404.2 1 0
github.com/emad-elsaid/xlog/markdown/ast/inline.go:407.22,414.2 2 0
github.com/emad-elsaid/xlog/markdown/ast/inline.go:422.48,427.2 4 0
github.com/emad-elsaid/xlog/markdown/ast/inline.go:433.33,435.2 1 0
github.com/emad-elsaid/xlog/markdown/ast/inline.go:438.34,446.40 4 0
github.com/emad-elsaid/xlog/markdown/ast/inline.go:446.40,451.3 4 0
github.com/emad-elsaid/xlog/markdown/ast/inline.go:453.2,453.10 1 0
github.com/emad-elsaid/xlog/markdown/ast/inline.go:479.30,479.31 0 0
github.com/emad-elsaid/xlog/markdown/ast/inline.go:482.51,488.2 3 0
github.com/emad-elsaid/xlog/markdown/ast/inline.go:494.36,496.2 1 0
github.com/emad-elsaid/xlog/markdown/ast/inline.go:499.46,500.23 1 0
github.com/emad-elsaid/xlog/markdown/ast/inline.go:500.23,507.3 6 0
github.com/emad-elsaid/xlog/markdown/ast/inline.go:508.2,508.30 1 0
github.com/emad-elsaid/xlog/markdown/ast/inline.go:512.48,514.2 1 0
github.com/emad-elsaid/xlog/markdown/ast/inline.go:519.47,521.2 1 0
github.com/emad-elsaid/xlog/markdown/ast/inline.go:524.59,530.2 1 0
github.com/emad-elsaid/xlog/markdown/ast/inline.go:539.29,539.30 0 0
github.com/emad-elsaid/xlog/markdown/ast/inline.go:542.50,545.40 3 0
github.com/emad-elsaid/xlog/markdown/ast/inline.go:545.40,548.3 2 0
github.com/emad-elsaid/xlog/markdown/ast/inline.go:549.2,550.38 2 0
github.com/emad-elsaid/xlog/markdown/ast/inline.go:557.35,559.2 1 0
github.com/emad-elsaid/xlog/markdown/ast/inline.go:564.46,566.2 1 0
github.com/emad-elsaid/xlog/markdown/ast/inline.go:569.28,573.2 1 0
github.com/emad-elsaid/xlog/markdown/extension/cjk.go:29.70,30.22 1 1
github.com/emad-elsaid/xlog/markdown/extension/cjk.go:30.22,31.22 1 1
github.com/emad-elsaid/xlog/markdown/extension/cjk.go:31.22,34.4 2 1
github.com/emad-elsaid/xlog/markdown/extension/cjk.go:35.3,35.35 1 0
github.com/emad-elsaid/xlog/markdown/extension/cjk.go:40.35,41.22 1 1
github.com/emad-elsaid/xlog/markdown/extension/cjk.go:41.22,43.3 1 1
github.com/emad-elsaid/xlog/markdown/extension/cjk.go:55.50,59.27 2 1
github.com/emad-elsaid/xlog/markdown/extension/cjk.go:59.27,61.3 1 1
github.com/emad-elsaid/xlog/markdown/extension/cjk.go:62.2,62.10 1 1
github.com/emad-elsaid/xlog/markdown/extension/cjk.go:65.43,68.20 2 0
github.com/emad-elsaid/xlog/markdown/extension/cjk.go:68.20,71.3 2 0
github.com/emad-elsaid/xlog/markdown/extension/definition_list.go:21.51,23.2 1 0
github.com/emad-elsaid/xlog/markdown/extension/definition_list.go:25.49,27.2 1 0
github.com/emad-elsaid/xlog/markdown/extension/definition_list.go:29.120,30.47 1 0
github.com/emad-elsaid/xlog/markdown/extension/definition_list.go:30.47,32.3 1 0
github.com/emad-elsaid/xlog/markdown/extension/definition_list.go:33.2,36.48 4 0
github.com/emad-elsaid/xlog/markdown/extension/definition_list.go:36.48,38.3 1 0
github.com/emad-elsaid/xlog/markdown/extension/definition_list.go:40.2,43.11 3 0
github.com/emad-elsaid/xlog/markdown/extension/definition_list.go:43.11,45.3 1 0
github.com/emad-elsaid/xlog/markdown/extension/definition_list.go:46.2,46.12 1 0
github.com/emad-elsaid/xlog/markdown/extension/definition_list.go:46.12,48.3 1 0
github.com/emad-elsaid/xlog/markdown/extension/definition_list.go:49.2,55.21 6 0
github.com/emad-elsaid/xlog/markdown/extension/definition_list.go:55.21,57.9 2 0
github.com/emad-elsaid/xlog/markdown/extension/definition_list.go:57.9,60.4 2 0
github.com/emad-elsaid/xlog/markdown/extension/definition_list.go:60.9,63.4 2 0
github.com/emad-elsaid/xlog/markdown/extension/definition_list.go:64.8,64.54 1 0
github.com/emad-elsaid/xlog/markdown/extension/definition_list.go:64.54,67.3 2 0
github.com/emad-elsaid/xlog/markdown/extension/definition_list.go:67.8,69.3 1 0
github.com/emad-elsaid/xlog/markdown/extension/definition_list.go:71.2,71.21 1 0
github.com/emad-elsaid/xlog/markdown/extension/definition_list.go:74.109,76.24 2 0
github.com/emad-elsaid/xlog/markdown/extension/definition_list.go:76.24,78.3 1 0
github.com/emad-elsaid/xlog/markdown/extension/definition_list.go:79.2,81.21 3 0
github.com/emad-elsaid/xlog/markdown/extension/definition_list.go:81.21,83.3 1 0
github.com/emad-elsaid/xlog/markdown/extension/definition_list.go:84.2,86.45 3 0
github.com/emad-elsaid/xlog/markdown/extension/definition_list.go:89.94,91.2 0 0
github.com/emad-elsaid/xlog/markdown/extension/definition_list.go:93.61,95.2 1 0
github.com/emad-elsaid/xlog/markdown/extension/definition_list.go:97.61,99.2 1 0
github.com/emad-elsaid/xlog/markdown/extension/definition_list.go:108.58,110.2 1 0
github.com/emad-elsaid/xlog/markdown/extension/definition_list.go:112.56,114.2 1 0
github.com/emad-elsaid/xlog/markdown/extension/definition_list.go:117.85,121.48 4 0
github.com/emad-elsaid/xlog/markdown/extension/definition_list.go:121.48,123.3 1 0
github.com/emad-elsaid/xlog/markdown/extension/definition_list.go:124.2,125.17 2 0
github.com/emad-elsaid/xlog/markdown/extension/definition_list.go:125.17,127.3 1 0
github.com/emad-elsaid/xlog/markdown/extension/definition_list.go:128.2,130.17 3 0
github.com/emad-elsaid/xlog/markdown/extension/definition_list.go:130.17,133.26 3 0
github.com/emad-elsaid/xlog/markdown/extension/definition_list.go:133.26,138.4 4 0
github.com/emad-elsaid/xlog/markdown/extension/definition_list.go:139.3,139.49 1 0
github.com/emad-elsaid/xlog/markdown/extension/definition_list.go:141.2,144.59 3 0
github.com/emad-elsaid/xlog/markdown/extension/definition_list.go:147.116,151.2 1 0
github.com/emad-elsaid/xlog/markdown/extension/definition_list.go:153.100,156.18 3 0
github.com/emad-elsaid/xlog/markdown/extension/definition_list.go:156.18,157.65 1 0
github.com/emad-elsaid/xlog/markdown/extension/definition_list.go:157.65,159.10 2 0
github.com/emad-elsaid/xlog/markdown/extension/definition_list.go:159.10,163.5 3 0
github.com/emad-elsaid/xlog/markdown/extension/definition_list.go:168.68,170.2 1 0
github.com/emad-elsaid/xlog/markdown/extension/definition_list.go:172.68,174.2 1 0
github.com/emad-elsaid/xlog/markdown/extension/definition_list.go:183.79,187.27 2 0
github.com/emad-elsaid/xlog/markdown/extension/definition_list.go:187.27,189.3 1 0
github.com/emad-elsaid/xlog/markdown/extension/definition_list.go:190.2,190.10 1 0
github.com/emad-elsaid/xlog/markdown/extension/definition_list.go:194.93,198.2 3 0
github.com/emad-elsaid/xlog/markdown/extension/definition_list.go:204.88,205.14 1 0
github.com/emad-elsaid/xlog/markdown/extension/definition_list.go:205.14,206.28 1 0
github.com/emad-elsaid/xlog/markdown/extension/definition_list.go:206.28,210.4 3 0
github.com/emad-elsaid/xlog/markdown/extension/definition_list.go:210.9,212.4 1 0
github.com/emad-elsaid/xlog/markdown/extension/definition_list.go:213.8,215.3 1 0
github.com/emad-elsaid/xlog/markdown/extension/definition_list.go:216.2,216.31 1 0
github.com/emad-elsaid/xlog/markdown/extension/definition_list.go:223.88,224.14 1 0
github.com/emad-elsaid/xlog/markdown/extension/definition_list.go:224.14,225.28 1 0
github.com/emad-elsaid/xlog/markdown/extension/definition_list.go:225.28,229.4 3 0
github.com/emad-elsaid/xlog/markdown/extension/definition_list.go:229.9,231.4 1 0
github.com/emad-elsaid/xlog/markdown/extension/definition_list.go:232.8,234.3 1 0
github.com/emad-elsaid/xlog/markdown/extension/definition_list.go:235.2,235.31 1 0
github.com/emad-elsaid/xlog/markdown/extension/definition_list.go:242.91,243.14 1 0
github.com/emad-elsaid/xlog/markdown/extension/definition_list.go:243.14,246.28 3 0
github.com/emad-elsaid/xlog/markdown/extension/definition_list.go:246.28,248.4 1 0
github.com/emad-elsaid/xlog/markdown/extension/definition_list.go:249.3,249.16 1 0
github.com/emad-elsaid/xlog/markdown/extension/definition_list.go:249.16,251.4 1 0
github.com/emad-elsaid/xlog/markdown/extension/definition_list.go:251.9,253.4 1 0
github.com/emad-elsaid/xlog/markdown/extension/definition_list.go:254.8,256.3 1 0
github.com/emad-elsaid/xlog/markdown/extension/definition_list.go:257.2,257.31 1 0
github.com/emad-elsaid/xlog/markdown/extension/definition_list.go:266.54,274.2 2 0
github.com/emad-elsaid/xlog/markdown/extension/footnote.go:28.50,30.2 1 0
github.com/emad-elsaid/xlog/markdown/extension/footnote.go:32.48,34.2 1 0
github.com/emad-elsaid/xlog/markdown/extension/footnote.go:36.119,39.33 3 0
github.com/emad-elsaid/xlog/markdown/extension/footnote.go:39.33,41.3 1 0
github.com/emad-elsaid/xlog/markdown/extension/footnote.go:42.2,43.43 2 0
github.com/emad-elsaid/xlog/markdown/extension/footnote.go:43.43,45.3 1 0
github.com/emad-elsaid/xlog/markdown/extension/footnote.go:46.2,51.18 6 0
github.com/emad-elsaid/xlog/markdown/extension/footnote.go:51.18,52.45 1 0
github.com/emad-elsaid/xlog/markdown/extension/footnote.go:52.45,54.4 1 0
github.com/emad-elsaid/xlog/markdown/extension/footnote.go:55.8,57.3 1 0
github.com/emad-elsaid/xlog/markdown/extension/footnote.go:58.2,60.25 3 0
github.com/emad-elsaid/xlog/markdown/extension/footnote.go:60.25,62.3 1 0
github.com/emad-elsaid/xlog/markdown/extension/footnote.go:63.2,66.22 3 0
github.com/emad-elsaid/xlog/markdown/extension/footnote.go:66.22,69.3 2 0
github.com/emad-elsaid/xlog/markdown/extension/footnote.go:70.2,71.33 2 0
github.com/emad-elsaid/xlog/markdown/extension/footnote.go:74.108,76.24 2 0
github.com/emad-elsaid/xlog/markdown/extension/footnote.go:76.24,78.3 1 0
github.com/emad-elsaid/xlog/markdown/extension/footnote.go:79.2,80.18 2 0
github.com/emad-elsaid/xlog/markdown/extension/footnote.go:80.18,82.3 1 0
github.com/emad-elsaid/xlog/markdown/extension/footnote.go:83.2,84.45 2 0
github.com/emad-elsaid/xlog/markdown/extension/footnote.go:87.92,89.52 2 0
github.com/emad-elsaid/xlog/markdown/extension/footnote.go:89.52,91.3 1 0
github.com/emad-elsaid/xlog/markdown/extension/footnote.go:91.8,95.3 3 0
github.com/emad-elsaid/xlog/markdown/extension/footnote.go:96.2,97.30 2 0
github.com/emad-elsaid/xlog/markdown/extension/footnote.go:100.60,102.2 1 0
github.com/emad-elsaid/xlog/markdown/extension/footnote.go:104.60,106.2 1 0
github.com/emad-elsaid/xlog/markdown/extension/footnote.go:115.46,117.2 1 0
github.com/emad-elsaid/xlog/markdown/extension/footnote.go:119.43,123.2 1 0
github.com/emad-elsaid/xlog/markdown/extension/footnote.go:125.98,128.37 3 0
github.com/emad-elsaid/xlog/markdown/extension/footnote.go:128.37,130.3 1 0
github.com/emad-elsaid/xlog/markdown/extension/footnote.go:131.2,131.42 1 0
github.com/emad-elsaid/xlog/markdown/extension/footnote.go:131.42,133.3 1 0
github.com/emad-elsaid/xlog/markdown/extension/footnote.go:134.2,135.22 2 0
github.com/emad-elsaid/xlog/markdown/extension/footnote.go:135.22,137.3 1 0
github.com/emad-elsaid/xlog/markdown/extension/footnote.go:138.2,140.17 3 0
github.com/emad-elsaid/xlog/markdown/extension/footnote.go:140.17,142.3 1 0
github.com/emad-elsaid/xlog/markdown/extension/footnote.go:143.2,148.52 5 0
github.com/emad-elsaid/xlog/markdown/extension/footnote.go:148.52,150.3 1 0
github.com/emad-elsaid/xlog/markdown/extension/footnote.go:151.2,151.17 1 0
github.com/emad-elsaid/xlog/markdown/extension/footnote.go:151.17,153.3 1 0
github.com/emad-elsaid/xlog/markdown/extension/footnote.go:154.2,155.68 2 0
github.com/emad-elsaid/xlog/markdown/extension/footnote.go:155.68,157.32 2 0
github.com/emad-elsaid/xlog/markdown/extension/footnote.go:157.32,158.19 1 0
github.com/emad-elsaid/xlog/markdown/extension/footnote.go:158.19,161.5 2 0
github.com/emad-elsaid/xlog/markdown/extension/footnote.go:162.4,163.9 2 0
github.com/emad-elsaid/xlog/markdown/extension/footnote.go:166.2,166.16 1 0
github.com/emad-elsaid/xlog/markdown/extension/footnote.go:166.16,168.3 1 0
github.com/emad-elsaid/xlog/markdown/extension/footnote.go:170.2,172.52 3 0
github.com/emad-elsaid/xlog/markdown/extension/footnote.go:172.52,174.3 1 0
github.com/emad-elsaid/xlog/markdown/extension/footnote.go:174.8,177.3 2 0
github.com/emad-elsaid/xlog/markdown/extension/footnote.go:178.2,179.20 2 0
github.com/emad-elsaid/xlog/markdown/extension/footnote.go:179.20,181.3 1 0
github.com/emad-elsaid/xlog/markdown/extension/footnote.go:183.2,183.15 1 0
github.com/emad-elsaid/xlog/markdown/extension/footnote.go:193.56,195.2 1 0
github.com/emad-elsaid/xlog/markdown/extension/footnote.go:197.104,200.48 3 0
github.com/emad-elsaid/xlog/markdown/extension/footnote.go:200.48,202.3 1 0
github.com/emad-elsaid/xlog/markdown/extension/footnote.go:203.2,203.52 1 0
github.com/emad-elsaid/xlog/markdown/extension/footnote.go:203.52,205.3 1 0
github.com/emad-elsaid/xlog/markdown/extension/footnote.go:207.2,210.17 3 0
github.com/emad-elsaid/xlog/markdown/extension/footnote.go:210.17,212.3 1 0
github.com/emad-elsaid/xlog/markdown/extension/footnote.go:214.2,215.19 2 0
github.com/emad-elsaid/xlog/markdown/extension/footnote.go:215.19,216.33 1 0
github.com/emad-elsaid/xlog/markdown/extension/footnote.go:216.33,217.25 1 0
github.com/emad-elsaid/xlog/markdown/extension/footnote.go:217.25,219.5 1 0
github.com/emad-elsaid/xlog/markdown/extension/footnote.go:221.3,222.33 2 0
github.com/emad-elsaid/xlog/markdown/extension/footnote.go:222.33,224.46 2 0
github.com/emad-elsaid/xlog/markdown/extension/footnote.go:224.46,226.5 1 0
github.com/emad-elsaid/xlog/markdown/extension/footnote.go:227.4,228.30 2 0
github.com/emad-elsaid/xlog/markdown/extension/footnote.go:231.2,231.54 1 0
github.com/emad-elsaid/xlog/markdown/extension/footnote.go:231.54,234.69 3 0
github.com/emad-elsaid/xlog/markdown/extension/footnote.go:234.69,236.4 1 0
github.com/emad-elsaid/xlog/markdown/extension/footnote.go:237.3,239.16 3 0
github.com/emad-elsaid/xlog/markdown/extension/footnote.go:239.16,241.4 1 0
github.com/emad-elsaid/xlog/markdown/extension/footnote.go:241.9,247.20 6 0
github.com/emad-elsaid/xlog/markdown/extension/footnote.go:247.20,248.35 1 0
github.com/emad-elsaid/xlog/markdown/extension/footnote.go:248.35,253.6 4 0
github.com/emad-elsaid/xlog/markdown/extension/footnote.go:256.3,256.18 1 0
github.com/emad-elsaid/xlog/markdown/extension/footnote.go:258.2,258.47 1 0
github.com/emad-elsaid/xlog/markdown/extension/footnote.go:258.47,259.58 1 0
github.com/emad-elsaid/xlog/markdown/extension/footnote.go:259.58,261.4 1 0
github.com/emad-elsaid/xlog/markdown/extension/footnote.go:262.3,262.11 1 0
github.com/emad-elsaid/xlog/markdown/extension/footnote.go:264.2,264.21 1 0
github.com/emad-elsaid/xlog/markdown/extension/footnote.go:264.21,267.3 2 0
github.com/emad-elsaid/xlog/markdown/extension/footnote.go:269.2,269.30 1 0
github.com/emad-elsaid/xlog/markdown/extension/footnote.go:312.41,321.2 1 0
github.com/emad-elsaid/xlog/markdown/extension/footnote.go:324.73,325.14 1 0
github.com/emad-elsaid/xlog/markdown/extension/footnote.go:326.35,327.54 1 0
github.com/emad-elsaid/xlog/markdown/extension/footnote.go:328.27,329.30 1 0
github.com/emad-elsaid/xlog/markdown/extension/footnote.go:330.28,331.31 1 0
github.com/emad-elsaid/xlog/markdown/extension/footnote.go:332.32,333.35 1 0
github.com/emad-elsaid/xlog/markdown/extension/footnote.go:334.28,335.31 1 0
github.com/emad-elsaid/xlog/markdown/extension/footnote.go:336.32,337.35 1 0
github.com/emad-elsaid/xlog/markdown/extension/footnote.go:338.31,339.34 1 0
github.com/emad-elsaid/xlog/markdown/extension/footnote.go:340.10,341.34 1 0
github.com/emad-elsaid/xlog/markdown/extension/footnote.go:349.65,350.20 1 0
github.com/emad-elsaid/xlog/markdown/extension/footnote.go:350.20,351.29 1 0
github.com/emad-elsaid/xlog/markdown/extension/footnote.go:351.29,353.4 1 0
github.com/emad-elsaid/xlog/markdown/extension/footnote.go:357.72,358.20 1 0
github.com/emad-elsaid/xlog/markdown/extension/footnote.go:358.20,359.29 1 0
github.com/emad-elsaid/xlog/markdown/extension/footnote.go:359.29,361.4 1 0
github.com/emad-elsaid/xlog/markdown/extension/footnote.go:366.66,368.2 1 0
github.com/emad-elsaid/xlog/markdown/extension/footnote.go:376.62,378.2 1 0
github.com/emad-elsaid/xlog/markdown/extension/footnote.go:380.69,382.2 1 0
github.com/emad-elsaid/xlog/markdown/extension/footnote.go:385.66,387.2 1 0
github.com/emad-elsaid/xlog/markdown/extension/footnote.go:395.70,397.2 1 0
github.com/emad-elsaid/xlog/markdown/extension/footnote.go:399.77,401.2 1 0
github.com/emad-elsaid/xlog/markdown/extension/footnote.go:404.76,406.2 1 0
github.com/emad-elsaid/xlog/markdown/extension/footnote.go:414.63,416.2 1 0
github.com/emad-elsaid/xlog/markdown/extension/footnote.go:418.70,420.2 1 0
github.com/emad-elsaid/xlog/markdown/extension/footnote.go:423.67,425.2 1 0
github.com/emad-elsaid/xlog/markdown/extension/footnote.go:433.67,435.2 1 0
github.com/emad-elsaid/xlog/markdown/extension/footnote.go:437.74,439.2 1 0
github.com/emad-elsaid/xlog/markdown/extension/footnote.go:442.71,444.2 1 0
github.com/emad-elsaid/xlog/markdown/extension/footnote.go:452.63,454.2 1 0
github.com/emad-elsaid/xlog/markdown/extension/footnote.go:456.70,458.2 1 0
github.com/emad-elsaid/xlog/markdown/extension/footnote.go:461.67,463.2 1 0
github.com/emad-elsaid/xlog/markdown/extension/footnote.go:471.67,473.2 1 0
github.com/emad-elsaid/xlog/markdown/extension/footnote.go:475.74,477.2 1 0
github.com/emad-elsaid/xlog/markdown/extension/footnote.go:480.71,482.2 1 0
github.com/emad-elsaid/xlog/markdown/extension/footnote.go:490.66,492.2 1 0
github.com/emad-elsaid/xlog/markdown/extension/footnote.go:494.73,496.2 1 0
github.com/emad-elsaid/xlog/markdown/extension/footnote.go:499.70,501.2 1 0
github.com/emad-elsaid/xlog/markdown/extension/footnote.go:510.76,514.27 2 0
github.com/emad-elsaid/xlog/markdown/extension/footnote.go:514.27,516.3 1 0
github.com/emad-elsaid/xlog/markdown/extension/footnote.go:517.2,517.10 1 0
github.com/emad-elsaid/xlog/markdown/extension/footnote.go:521.87,526.2 4 0
github.com/emad-elsaid/xlog/markdown/extension/footnote.go:529.91,530.14 1 0
github.com/emad-elsaid/xlog/markdown/extension/footnote.go:530.14,536.21 6 0
github.com/emad-elsaid/xlog/markdown/extension/footnote.go:536.21,538.4 1 0
github.com/emad-elsaid/xlog/markdown/extension/footnote.go:539.3,548.42 9 0
github.com/emad-elsaid/xlog/markdown/extension/footnote.go:548.42,551.4 2 0
github.com/emad-elsaid/xlog/markdown/extension/footnote.go:552.3,555.37 3 0
github.com/emad-elsaid/xlog/markdown/extension/footnote.go:557.2,557.31 1 0
github.com/emad-elsaid/xlog/markdown/extension/footnote.go:561.91,562.14 1 0
github.com/emad-elsaid/xlog/markdown/extension/footnote.go:562.14,568.21 6 0
github.com/emad-elsaid/xlog/markdown/extension/footnote.go:568.21,570.4 1 0
github.com/emad-elsaid/xlog/markdown/extension/footnote.go:571.3,575.46 5 0
github.com/emad-elsaid/xlog/markdown/extension/footnote.go:575.46,578.4 2 0
github.com/emad-elsaid/xlog/markdown/extension/footnote.go:579.3,581.31 3 0
github.com/emad-elsaid/xlog/markdown/extension/footnote.go:583.2,583.31 1 0
github.com/emad-elsaid/xlog/markdown/extension/footnote.go:587.91,590.14 3 0
github.com/emad-elsaid/xlog/markdown/extension/footnote.go:590.14,596.31 6 0
github.com/emad-elsaid/xlog/markdown/extension/footnote.go:596.31,598.4 1 0
github.com/emad-elsaid/xlog/markdown/extension/footnote.go:599.3,599.30 1 0
github.com/emad-elsaid/xlog/markdown/extension/footnote.go:600.8,602.3 1 0
github.com/emad-elsaid/xlog/markdown/extension/footnote.go:603.2,603.31 1 0
github.com/emad-elsaid/xlog/markdown/extension/footnote.go:607.91,608.14 1 0
github.com/emad-elsaid/xlog/markdown/extension/footnote.go:608.14,610.31 2 0
github.com/emad-elsaid/xlog/markdown/extension/footnote.go:610.31,612.4 1 0
github.com/emad-elsaid/xlog/markdown/extension/footnote.go:613.3,614.21 2 0
github.com/emad-elsaid/xlog/markdown/extension/footnote.go:614.21,616.4 1 0
github.com/emad-elsaid/xlog/markdown/extension/footnote.go:616.9,618.4 1 0
github.com/emad-elsaid/xlog/markdown/extension/footnote.go:619.3,619.33 1 0
github.com/emad-elsaid/xlog/markdown/extension/footnote.go:620.8,623.3 2 0
github.com/emad-elsaid/xlog/markdown/extension/footnote.go:624.2,624.31 1 0
github.com/emad-elsaid/xlog/markdown/extension/footnote.go:627.64,628.38 1 0
github.com/emad-elsaid/xlog/markdown/extension/footnote.go:628.38,630.3 1 0
github.com/emad-elsaid/xlog/markdown/extension/footnote.go:631.2,631.46 1 0
github.com/emad-elsaid/xlog/markdown/extension/footnote.go:631.46,633.3 1 0
github.com/emad-elsaid/xlog/markdown/extension/footnote.go:634.2,634.19 1 0
github.com/emad-elsaid/xlog/markdown/extension/footnote.go:637.66,639.22 2 0
github.com/emad-elsaid/xlog/markdown/extension/footnote.go:639.22,640.13 1 0
github.com/emad-elsaid/xlog/markdown/extension/footnote.go:640.13,641.33 1 0
github.com/emad-elsaid/xlog/markdown/extension/footnote.go:641.33,643.10 2 0
github.com/emad-elsaid/xlog/markdown/extension/footnote.go:645.4,645.33 1 0
github.com/emad-elsaid/xlog/markdown/extension/footnote.go:645.33,647.10 2 0
github.com/emad-elsaid/xlog/markdown/extension/footnote.go:651.2,651.10 1 0
github.com/emad-elsaid/xlog/markdown/extension/footnote.go:651.10,653.3 1 0
github.com/emad-elsaid/xlog/markdown/extension/footnote.go:654.2,657.48 4 0
github.com/emad-elsaid/xlog/markdown/extension/footnote.go:670.60,674.2 1 0
github.com/emad-elsaid/xlog/markdown/extension/footnote.go:676.48,691.2 2 0
github.com/emad-elsaid/xlog/markdown/extension/gfm.go:13.43,18.2 4 0
github.com/emad-elsaid/xlog/markdown/extension/linkify.go:35.70,36.14 1 0
github.com/emad-elsaid/xlog/markdown/extension/linkify.go:37.34,38.40 1 0
github.com/emad-elsaid/xlog/markdown/extension/linkify.go:39.27,40.39 1 0
github.com/emad-elsaid/xlog/markdown/extension/linkify.go:41.27,42.39 1 0
github.com/emad-elsaid/xlog/markdown/extension/linkify.go:43.29,44.41 1 0
github.com/emad-elsaid/xlog/markdown/extension/linkify.go:58.73,60.2 1 0
github.com/emad-elsaid/xlog/markdown/extension/linkify.go:62.74,64.2 1 0
github.com/emad-elsaid/xlog/markdown/extension/linkify.go:69.78,71.26 2 0
github.com/emad-elsaid/xlog/markdown/extension/linkify.go:71.26,73.3 1 0
github.com/emad-elsaid/xlog/markdown/extension/linkify.go:74.2,74.12 1 0
github.com/emad-elsaid/xlog/markdown/extension/linkify.go:81.66,83.2 1 0
github.com/emad-elsaid/xlog/markdown/extension/linkify.go:85.67,87.2 1 0
github.com/emad-elsaid/xlog/markdown/extension/linkify.go:91.63,95.2 1 0
github.com/emad-elsaid/xlog/markdown/extension/linkify.go:101.66,103.2 1 0
github.com/emad-elsaid/xlog/markdown/extension/linkify.go:105.67,107.2 1 0
github.com/emad-elsaid/xlog/markdown/extension/linkify.go:112.63,116.2 1 0
github.com/emad-elsaid/xlog/markdown/extension/linkify.go:122.68,124.2 1 0
github.com/emad-elsaid/xlog/markdown/extension/linkify.go:126.69,128.2 1 0
github.com/emad-elsaid/xlog/markdown/extension/linkify.go:132.65,136.2 1 0
github.com/emad-elsaid/xlog/markdown/extension/linkify.go:144.66,152.25 2 0
github.com/emad-elsaid/xlog/markdown/extension/linkify.go:152.25,154.3 1 0
github.com/emad-elsaid/xlog/markdown/extension/linkify.go:155.2,155.10 1 0
github.com/emad-elsaid/xlog/markdown/extension/linkify.go:158.42,161.2 1 0
github.com/emad-elsaid/xlog/markdown/extension/linkify.go:170.95,171.24 1 0
github.com/emad-elsaid/xlog/markdown/extension/linkify.go:171.24,173.3 1 0
github.com/emad-elsaid/xlog/markdown/extension/linkify.go:174.2,179.62 5 0
github.com/emad-elsaid/xlog/markdown/extension/linkify.go:179.62,183.3 3 0
github.com/emad-elsaid/xlog/markdown/extension/linkify.go:185.2,188.45 4 0
github.com/emad-elsaid/xlog/markdown/extension/linkify.go:188.45,189.111 1 0
github.com/emad-elsaid/xlog/markdown/extension/linkify.go:189.111,191.4 1 0
github.com/emad-elsaid/xlog/markdown/extension/linkify.go:192.8,193.59 1 0
github.com/emad-elsaid/xlog/markdown/extension/linkify.go:193.59,194.37 1 0
github.com/emad-elsaid/xlog/markdown/extension/linkify.go:194.37,196.10 2 0
github.com/emad-elsaid/xlog/markdown/extension/linkify.go:200.2,200.50 1 0
github.com/emad-elsaid/xlog/markdown/extension/linkify.go:200.50,203.3 2 0
github.com/emad-elsaid/xlog/markdown/extension/linkify.go:204.2,204.27 1 0
github.com/emad-elsaid/xlog/markdown/extension/linkify.go:204.27,206.3 1 0
github.com/emad-elsaid/xlog/markdown/extension/linkify.go:207.2,207.27 1 0
github.com/emad-elsaid/xlog/markdown/extension/linkify.go:207.27,209.19 2 0
github.com/emad-elsaid/xlog/markdown/extension/linkify.go:210.12,211.10 1 0
github.com/emad-elsaid/xlog/markdown/extension/linkify.go:212.12,214.38 2 0
github.com/emad-elsaid/xlog/markdown/extension/linkify.go:214.38,215.23 1 0
github.com/emad-elsaid/xlog/markdown/extension/linkify.go:215.23,217.6 1 0
github.com/emad-elsaid/xlog/markdown/extension/linkify.go:217.11,217.30 1 0
github.com/emad-elsaid/xlog/markdown/extension/linkify.go:217.30,219.6 1 0
github.com/emad-elsaid/xlog/markdown/extension/linkify.go:221.4,221.19 1 0
github.com/emad-elsaid/xlog/markdown/extension/linkify.go:221.19,223.5 1 0
github.com/emad-elsaid/xlog/markdown/extension/linkify.go:224.12,226.25 2 0
github.com/emad-elsaid/xlog/markdown/extension/linkify.go:226.25,227.37 1 0
github.com/emad-elsaid/xlog/markdown/extension/linkify.go:227.37,228.14 1 0
github.com/emad-elsaid/xlog/markdown/extension/linkify.go:230.5,230.10 1 0
github.com/emad-elsaid/xlog/markdown/extension/linkify.go:232.4,232.19 1 0
github.com/emad-elsaid/xlog/markdown/extension/linkify.go:232.19,233.23 1 0
github.com/emad-elsaid/xlog/markdown/extension/linkify.go:233.23,235.6 1 0
github.com/emad-elsaid/xlog/markdown/extension/linkify.go:239.2,239.14 1 0
github.com/emad-elsaid/xlog/markdown/extension/linkify.go:239.14,240.45 1 0
github.com/emad-elsaid/xlog/markdown/extension/linkify.go:240.45,242.4 1 0
github.com/emad-elsaid/xlog/markdown/extension/linkify.go:243.3,245.41 3 0
github.com/emad-elsaid/xlog/markdown/extension/linkify.go:245.41,247.4 1 0
github.com/emad-elsaid/xlog/markdown/extension/linkify.go:247.9,249.29 2 0
github.com/emad-elsaid/xlog/markdown/extension/linkify.go:249.29,251.5 1 0
github.com/emad-elsaid/xlog/markdown/extension/linkify.go:253.3,253.15 1 0
github.com/emad-elsaid/xlog/markdown/extension/linkify.go:253.15,255.4 1 0
github.com/emad-elsaid/xlog/markdown/extension/linkify.go:256.3,258.60 3 0
github.com/emad-elsaid/xlog/markdown/extension/linkify.go:258.60,260.4 1 0
github.com/emad-elsaid/xlog/markdown/extension/linkify.go:261.3,262.22 2 0
github.com/emad-elsaid/xlog/markdown/extension/linkify.go:262.22,264.4 1 0
github.com/emad-elsaid/xlog/markdown/extension/linkify.go:265.3,265.23 1 0
github.com/emad-elsaid/xlog/markdown/extension/linkify.go:265.23,267.42 2 0
github.com/emad-elsaid/xlog/markdown/extension/linkify.go:267.42,269.5 1 0
github.com/emad-elsaid/xlog/markdown/extension/linkify.go:272.2,272.14 1 0
github.com/emad-elsaid/xlog/markdown/extension/linkify.go:272.14,274.3 1 0
github.com/emad-elsaid/xlog/markdown/extension/linkify.go:275.2,275.19 1 0
github.com/emad-elsaid/xlog/markdown/extension/linkify.go:275.19,278.3 2 0
github.com/emad-elsaid/xlog/markdown/extension/linkify.go:279.2,280.19 2 0
github.com/emad-elsaid/xlog/markdown/extension/linkify.go:280.19,282.12 2 0
github.com/emad-elsaid/xlog/markdown/extension/linkify.go:283.47,283.47 0 0
github.com/emad-elsaid/xlog/markdown/extension/linkify.go:284.11,285.15 1 0
github.com/emad-elsaid/xlog/markdown/extension/linkify.go:289.2,295.13 7 0
github.com/emad-elsaid/xlog/markdown/extension/linkify.go:298.73,300.2 0 0
github.com/emad-elsaid/xlog/markdown/extension/linkify.go:311.58,315.2 1 0
github.com/emad-elsaid/xlog/markdown/extension/linkify.go:317.47,323.2 1 0
github.com/emad-elsaid/xlog/markdown/extension/strikethrough.go:17.68,19.2 1 0
github.com/emad-elsaid/xlog/markdown/extension/strikethrough.go:21.96,23.2 1 0
github.com/emad-elsaid/xlog/markdown/extension/strikethrough.go:25.75,27.2 1 0
github.com/emad-elsaid/xlog/markdown/extension/strikethrough.go:38.51,40.2 1 0
github.com/emad-elsaid/xlog/markdown/extension/strikethrough.go:42.48,44.2 1 0
github.com/emad-elsaid/xlog/markdown/extension/strikethrough.go:46.103,50.61 4 0
github.com/emad-elsaid/xlog/markdown/extension/strikethrough.go:50.61,52.3 1 0
github.com/emad-elsaid/xlog/markdown/extension/strikethrough.go:54.2,57.13 4 0
github.com/emad-elsaid/xlog/markdown/extension/strikethrough.go:60.80,62.2 0 0
github.com/emad-elsaid/xlog/markdown/extension/strikethrough.go:71.78,75.27 2 0
github.com/emad-elsaid/xlog/markdown/extension/strikethrough.go:75.27,77.3 1 0
github.com/emad-elsaid/xlog/markdown/extension/strikethrough.go:78.2,78.10 1 0
github.com/emad-elsaid/xlog/markdown/extension/strikethrough.go:82.92,84.2 1 0
github.com/emad-elsaid/xlog/markdown/extension/strikethrough.go:90.88,91.14 1 0
github.com/emad-elsaid/xlog/markdown/extension/strikethrough.go:91.14,92.28 1 0
github.com/emad-elsaid/xlog/markdown/extension/strikethrough.go:92.28,96.4 3 0
github.com/emad-elsaid/xlog/markdown/extension/strikethrough.go:96.9,98.4 1 0
github.com/emad-elsaid/xlog/markdown/extension/strikethrough.go:99.8,101.3 1 0
github.com/emad-elsaid/xlog/markdown/extension/strikethrough.go:102.2,102.31 1 0
github.com/emad-elsaid/xlog/markdown/extension/strikethrough.go:111.53,118.2 2 0
github.com/emad-elsaid/xlog/markdown/extension/table.go:63.35,68.2 1 0
github.com/emad-elsaid/xlog/markdown/extension/table.go:71.70,72.14 1 0
github.com/emad-elsaid/xlog/markdown/extension/table.go:73.31,74.56 1 0
github.com/emad-elsaid/xlog/markdown/extension/table.go:75.10,76.34 1 0
github.com/emad-elsaid/xlog/markdown/extension/table.go:84.62,85.20 1 0
github.com/emad-elsaid/xlog/markdown/extension/table.go:85.20,86.29 1 0
github.com/emad-elsaid/xlog/markdown/extension/table.go:86.29,88.4 1 0
github.com/emad-elsaid/xlog/markdown/extension/table.go:92.63,93.20 1 0
github.com/emad-elsaid/xlog/markdown/extension/table.go:93.20,94.29 1 0
github.com/emad-elsaid/xlog/markdown/extension/table.go:94.29,96.4 1 0
github.com/emad-elsaid/xlog/markdown/extension/table.go:101.60,103.2 1 0
github.com/emad-elsaid/xlog/markdown/extension/table.go:111.66,113.2 1 0
github.com/emad-elsaid/xlog/markdown/extension/table.go:115.67,117.2 1 0
github.com/emad-elsaid/xlog/markdown/extension/table.go:120.67,122.2 1 0
github.com/emad-elsaid/xlog/markdown/extension/table.go:124.35,125.44 1 0
github.com/emad-elsaid/xlog/markdown/extension/table.go:125.44,127.3 1 0
github.com/emad-elsaid/xlog/markdown/extension/table.go:128.2,128.23 1 0
github.com/emad-elsaid/xlog/markdown/extension/table.go:128.23,129.61 1 0
github.com/emad-elsaid/xlog/markdown/extension/table.go:129.61,131.4 1 0
github.com/emad-elsaid/xlog/markdown/extension/table.go:133.2,133.13 1 0
github.com/emad-elsaid/xlog/markdown/extension/table.go:148.65,150.2 1 0
github.com/emad-elsaid/xlog/markdown/extension/table.go:152.108,154.21 2 0
github.com/emad-elsaid/xlog/markdown/extension/table.go:154.21,156.3 1 0
github.com/emad-elsaid/xlog/markdown/extension/table.go:157.2,157.35 1 0
github.com/emad-elsaid/xlog/markdown/extension/table.go:157.35,159.24 2 0
github.com/emad-elsaid/xlog/markdown/extension/table.go:159.24,160.12 1 0
github.com/emad-elsaid/xlog/markdown/extension/table.go:162.3,163.62 2 0
github.com/emad-elsaid/xlog/markdown/extension/table.go:163.62,165.4 1 0
github.com/emad-elsaid/xlog/markdown/extension/table.go:166.3,169.40 4 0
github.com/emad-elsaid/xlog/markdown/extension/table.go:169.40,171.4 1 0
github.com/emad-elsaid/xlog/markdown/extension/table.go:172.3,174.30 3 0
github.com/emad-elsaid/xlog/markdown/extension/table.go:174.30,176.4 1 0
github.com/emad-elsaid/xlog/markdown/extension/table.go:176.9,180.4 3 0
github.com/emad-elsaid/xlog/markdown/extension/table.go:185.98,193.39 8 0
github.com/emad-elsaid/xlog/markdown/extension/table.go:193.39,195.3 1 0
github.com/emad-elsaid/xlog/markdown/extension/table.go:196.2,196.43 1 0
github.com/emad-elsaid/xlog/markdown/extension/table.go:196.43,198.3 1 0
github.com/emad-elsaid/xlog/markdown/extension/table.go:199.2,200.25 2 0
github.com/emad-elsaid/xlog/markdown/extension/table.go:200.25,202.27 2 0
github.com/emad-elsaid/xlog/markdown/extension/table.go:202.27,203.17 1 0
github.com/emad-elsaid/xlog/markdown/extension/table.go:203.17,205.5 1 0
github.com/emad-elsaid/xlog/markdown/extension/table.go:206.9,208.4 1 0
github.com/emad-elsaid/xlog/markdown/extension/table.go:210.3,215.36 6 0
github.com/emad-elsaid/xlog/markdown/extension/table.go:215.36,216.28 1 0
github.com/emad-elsaid/xlog/markdown/extension/table.go:216.28,218.5 1 0
github.com/emad-elsaid/xlog/markdown/extension/table.go:219.4,219.28 1 0
github.com/emad-elsaid/xlog/markdown/extension/table.go:219.28,220.48 1 0
github.com/emad-elsaid/xlog/markdown/extension/table.go:220.48,221.11 1 0
github.com/emad-elsaid/xlog/markdown/extension/table.go:222.11,222.27 1 0
github.com/emad-elsaid/xlog/markdown/extension/table.go:222.27,223.28 1 0
github.com/emad-elsaid/xlog/markdown/extension/table.go:223.28,226.19 2 0
github.com/emad-elsaid/xlog/markdown/extension/table.go:226.19,228.9 1 0
github.com/emad-elsaid/xlog/markdown/extension/table.go:229.7,230.50 2 0
github.com/emad-elsaid/xlog/markdown/extension/table.go:232.6,232.72 1 0
github.com/emad-elsaid/xlog/markdown/extension/table.go:236.3,241.20 6 0
github.com/emad-elsaid/xlog/markdown/extension/table.go:243.2,243.33 1 0
github.com/emad-elsaid/xlog/markdown/extension/table.go:243.33,245.3 1 0
github.com/emad-elsaid/xlog/markdown/extension/table.go:246.2,246.12 1 0
github.com/emad-elsaid/xlog/markdown/extension/table.go:249.110,252.25 2 0
github.com/emad-elsaid/xlog/markdown/extension/table.go:252.25,254.3 1 0
github.com/emad-elsaid/xlog/markdown/extension/table.go:255.2,256.27 2 0
github.com/emad-elsaid/xlog/markdown/extension/table.go:256.27,258.3 1 0
github.com/emad-elsaid/xlog/markdown/extension/table.go:259.2,259.54 1 0
github.com/emad-elsaid/xlog/markdown/extension/table.go:259.54,261.3 1 0
github.com/emad-elsaid/xlog/markdown/extension/table.go:263.2,264.27 2 0
github.com/emad-elsaid/xlog/markdown/extension/table.go:264.27,265.10 1 0
github.com/emad-elsaid/xlog/markdown/extension/table.go:266.34,267.50 1 0
github.com/emad-elsaid/xlog/markdown/extension/table.go:268.35,269.51 1 0
github.com/emad-elsaid/xlog/markdown/extension/table.go:270.36,271.52 1 0
github.com/emad-elsaid/xlog/markdown/extension/table.go:272.34,273.50 1 0
github.com/emad-elsaid/xlog/markdown/extension/table.go:274.11,275.14 1 0
github.com/emad-elsaid/xlog/markdown/extension/table.go:278.2,278.19 1 0
github.com/emad-elsaid/xlog/markdown/extension/table.go:287.53,289.2 1 0
github.com/emad-elsaid/xlog/markdown/extension/table.go:291.101,293.16 2 0
github.com/emad-elsaid/xlog/markdown/extension/table.go:293.16,295.3 1 0
github.com/emad-elsaid/xlog/markdown/extension/table.go:296.2,297.45 2 0
github.com/emad-elsaid/xlog/markdown/extension/table.go:297.45,298.20 1 0
github.com/emad-elsaid/xlog/markdown/extension/table.go:298.20,299.12 1 0
github.com/emad-elsaid/xlog/markdown/extension/table.go:301.3,301.83 1 0
github.com/emad-elsaid/xlog/markdown/extension/table.go:301.83,302.50 1 0
github.com/emad-elsaid/xlog/markdown/extension/table.go:302.50,304.5 1 0
github.com/emad-elsaid/xlog/markdown/extension/table.go:306.4,306.39 1 0
github.com/emad-elsaid/xlog/markdown/extension/table.go:306.39,308.34 2 0
github.com/emad-elsaid/xlog/markdown/extension/table.go:308.34,310.14 2 0
github.com/emad-elsaid/xlog/markdown/extension/table.go:312.5,315.48 4 0
github.com/emad-elsaid/xlog/markdown/extension/table.go:315.48,316.32 1 0
github.com/emad-elsaid/xlog/markdown/extension/table.go:316.32,317.43 1 0
github.com/emad-elsaid/xlog/markdown/extension/table.go:317.43,326.8 8 0
github.com/emad-elsaid/xlog/markdown/extension/table.go:329.5,329.13 1 0
github.com/emad-elsaid/xlog/markdown/extension/table.go:331.4,331.33 1 0
github.com/emad-elsaid/xlog/markdown/extension/table.go:343.70,347.27 2 0
github.com/emad-elsaid/xlog/markdown/extension/table.go:347.27,349.3 1 0
github.com/emad-elsaid/xlog/markdown/extension/table.go:350.2,350.10 1 0
github.com/emad-elsaid/xlog/markdown/extension/table.go:354.84,359.2 4 0
github.com/emad-elsaid/xlog/markdown/extension/table.go:375.88,376.14 1 0
github.com/emad-elsaid/xlog/markdown/extension/table.go:376.14,378.28 2 0
github.com/emad-elsaid/xlog/markdown/extension/table.go:378.28,380.4 1 0
github.com/emad-elsaid/xlog/markdown/extension/table.go:381.3,381.30 1 0
github.com/emad-elsaid/xlog/markdown/extension/table.go:382.8,384.3 1 0
github.com/emad-elsaid/xlog/markdown/extension/table.go:385.2,385.31 1 0
github.com/emad-elsaid/xlog/markdown/extension/table.go:398.88,399.14 1 0
github.com/emad-elsaid/xlog/markdown/extension/table.go:399.14,401.28 2 0
github.com/emad-elsaid/xlog/markdown/extension/table.go:401.28,403.4 1 0
github.com/emad-elsaid/xlog/markdown/extension/table.go:404.3,405.33 2 0
github.com/emad-elsaid/xlog/markdown/extension/table.go:406.8,409.29 3 0
github.com/emad-elsaid/xlog/markdown/extension/table.go:409.29,411.4 1 0
github.com/emad-elsaid/xlog/markdown/extension/table.go:413.2,413.31 1 0
github.com/emad-elsaid/xlog/markdown/extension/table.go:426.88,427.14 1 0
github.com/emad-elsaid/xlog/markdown/extension/table.go:427.14,429.28 2 0
github.com/emad-elsaid/xlog/markdown/extension/table.go:429.28,431.4 1 0
github.com/emad-elsaid/xlog/markdown/extension/table.go:432.3,432.30 1 0
github.com/emad-elsaid/xlog/markdown/extension/table.go:433.8,435.34 2 0
github.com/emad-elsaid/xlog/markdown/extension/table.go:435.34,437.4 1 0
github.com/emad-elsaid/xlog/markdown/extension/table.go:439.2,439.31 1 0
github.com/emad-elsaid/xlog/markdown/extension/table.go:480.91,483.46 3 0
github.com/emad-elsaid/xlog/markdown/extension/table.go:483.46,485.3 1 0
github.com/emad-elsaid/xlog/markdown/extension/table.go:486.2,486.14 1 0
github.com/emad-elsaid/xlog/markdown/extension/table.go:486.14,488.35 2 0
github.com/emad-elsaid/xlog/markdown/extension/table.go:488.35,490.40 2 0
github.com/emad-elsaid/xlog/markdown/extension/table.go:490.40,491.23 1 0
github.com/emad-elsaid/xlog/markdown/extension/table.go:491.23,493.6 1 0
github.com/emad-elsaid/xlog/markdown/extension/table.go:493.11,495.6 1 0
github.com/emad-elsaid/xlog/markdown/extension/table.go:497.4,497.19 1 0
github.com/emad-elsaid/xlog/markdown/extension/table.go:498.33,499.49 1 0
github.com/emad-elsaid/xlog/markdown/extension/table.go:499.49,501.6 1 0
github.com/emad-elsaid/xlog/markdown/extension/table.go:502.29,505.11 3 0
github.com/emad-elsaid/xlog/markdown/extension/table.go:505.11,508.6 2 0
github.com/emad-elsaid/xlog/markdown/extension/table.go:509.5,511.47 3 0
github.com/emad-elsaid/xlog/markdown/extension/table.go:514.3,514.28 1 0
github.com/emad-elsaid/xlog/markdown/extension/table.go:514.28,515.19 1 0
github.com/emad-elsaid/xlog/markdown/extension/table.go:515.19,517.5 1 0
github.com/emad-elsaid/xlog/markdown/extension/table.go:517.10,519.5 1 0
github.com/emad-elsaid/xlog/markdown/extension/table.go:521.3,521.23 1 0
github.com/emad-elsaid/xlog/markdown/extension/table.go:522.8,524.3 1 0
github.com/emad-elsaid/xlog/markdown/extension/table.go:525.2,525.31 1 0
github.com/emad-elsaid/xlog/markdown/extension/table.go:538.54,542.2 1 0
github.com/emad-elsaid/xlog/markdown/extension/table.go:544.45,556.2 2 0
github.com/emad-elsaid/xlog/markdown/extension/tasklist.go:26.50,28.2 1 0
github.com/emad-elsaid/xlog/markdown/extension/tasklist.go:30.47,32.2 1 0
github.com/emad-elsaid/xlog/markdown/extension/tasklist.go:34.102,40.70 1 0
github.com/emad-elsaid/xlog/markdown/extension/tasklist.go:40.70,42.3 1 0
github.com/emad-elsaid/xlog/markdown/extension/tasklist.go:44.2,44.26 1 0
github.com/emad-elsaid/xlog/markdown/extension/tasklist.go:44.26,46.3 1 0
github.com/emad-elsaid/xlog/markdown/extension/tasklist.go:47.2,47.52 1 0
github.com/emad-elsaid/xlog/markdown/extension/tasklist.go:47.52,49.3 1 0
github.com/emad-elsaid/xlog/markdown/extension/tasklist.go:50.2,52.14 3 0
github.com/emad-elsaid/xlog/markdown/extension/tasklist.go:52.14,54.3 1 0
github.com/emad-elsaid/xlog/markdown/extension/tasklist.go:55.2,58.37 4 0
github.com/emad-elsaid/xlog/markdown/extension/tasklist.go:61.79,63.2 0 0
github.com/emad-elsaid/xlog/markdown/extension/tasklist.go:72.77,76.27 2 0
github.com/emad-elsaid/xlog/markdown/extension/tasklist.go:76.27,78.3 1 0
github.com/emad-elsaid/xlog/markdown/extension/tasklist.go:79.2,79.10 1 0
github.com/emad-elsaid/xlog/markdown/extension/tasklist.go:83.91,85.2 1 0
github.com/emad-elsaid/xlog/markdown/extension/tasklist.go:88.91,89.15 1 0
github.com/emad-elsaid/xlog/markdown/extension/tasklist.go:89.15,91.3 1 0
github.com/emad-elsaid/xlog/markdown/extension/tasklist.go:92.2,94.17 2 0
github.com/emad-elsaid/xlog/markdown/extension/tasklist.go:94.17,96.3 1 0
github.com/emad-elsaid/xlog/markdown/extension/tasklist.go:96.8,98.3 1 0
github.com/emad-elsaid/xlog/markdown/extension/tasklist.go:99.2,99.13 1 0
github.com/emad-elsaid/xlog/markdown/extension/tasklist.go:99.13,101.3 1 0
github.com/emad-elsaid/xlog/markdown/extension/tasklist.go:101.8,103.3 1 0
github.com/emad-elsaid/xlog/markdown/extension/tasklist.go:104.2,104.31 1 0
github.com/emad-elsaid/xlog/markdown/extension/tasklist.go:113.48,120.2 2 0
github.com/emad-elsaid/xlog/markdown/extension/typographer.go:20.35,23.2 2 0
github.com/emad-elsaid/xlog/markdown/extension/typographer.go:25.61,27.14 2 0
github.com/emad-elsaid/xlog/markdown/extension/typographer.go:27.14,30.3 2 0
github.com/emad-elsaid/xlog/markdown/extension/typographer.go:31.2,31.29 1 0
github.com/emad-elsaid/xlog/markdown/extension/typographer.go:69.41,83.2 12 0
github.com/emad-elsaid/xlog/markdown/extension/typographer.go:86.74,87.41 1 0
github.com/emad-elsaid/xlog/markdown/extension/typographer.go:87.41,89.3 1 0
github.com/emad-elsaid/xlog/markdown/extension/typographer.go:107.74,109.2 1 0
github.com/emad-elsaid/xlog/markdown/extension/typographer.go:111.83,113.2 1 0
github.com/emad-elsaid/xlog/markdown/extension/typographer.go:117.109,119.27 2 0
github.com/emad-elsaid/xlog/markdown/extension/typographer.go:119.27,121.3 1 0
github.com/emad-elsaid/xlog/markdown/extension/typographer.go:123.2,123.52 1 0
github.com/emad-elsaid/xlog/markdown/extension/typographer.go:129.66,131.2 1 0
github.com/emad-elsaid/xlog/markdown/extension/typographer.go:133.94,135.2 1 0
github.com/emad-elsaid/xlog/markdown/extension/typographer.go:137.73,139.2 1 0
github.com/emad-elsaid/xlog/markdown/extension/typographer.go:149.74,155.25 2 0
github.com/emad-elsaid/xlog/markdown/extension/typographer.go:155.25,157.3 1 0
github.com/emad-elsaid/xlog/markdown/extension/typographer.go:158.2,158.10 1 0
github.com/emad-elsaid/xlog/markdown/extension/typographer.go:161.46,163.2 1 0
github.com/emad-elsaid/xlog/markdown/extension/typographer.go:165.101,168.19 3 0
github.com/emad-elsaid/xlog/markdown/extension/typographer.go:168.19,169.15 1 0
github.com/emad-elsaid/xlog/markdown/extension/typographer.go:169.15,170.74 1 0
github.com/emad-elsaid/xlog/markdown/extension/typographer.go:170.74,175.5 4 0
github.com/emad-elsaid/xlog/markdown/extension/typographer.go:176.9,176.22 1 0
github.com/emad-elsaid/xlog/markdown/extension/typographer.go:176.22,177.76 1 0
github.com/emad-elsaid/xlog/markdown/extension/typographer.go:177.76,182.5 4 0
github.com/emad-elsaid/xlog/markdown/extension/typographer.go:183.4,183.14 1 0
github.com/emad-elsaid/xlog/markdown/extension/typographer.go:186.2,186.19 1 0
github.com/emad-elsaid/xlog/markdown/extension/typographer.go:186.19,187.12 1 0
github.com/emad-elsaid/xlog/markdown/extension/typographer.go:188.12,189.64 1 0
github.com/emad-elsaid/xlog/markdown/extension/typographer.go:189.64,194.5 4 0
github.com/emad-elsaid/xlog/markdown/extension/typographer.go:195.4,195.14 1 0
github.com/emad-elsaid/xlog/markdown/extension/typographer.go:196.12,197.65 1 0
github.com/emad-elsaid/xlog/markdown/extension/typographer.go:197.65,202.5 4 0
github.com/emad-elsaid/xlog/markdown/extension/typographer.go:203.4,203.14 1 0
github.com/emad-elsaid/xlog/markdown/extension/typographer.go:204.12,205.56 1 0
github.com/emad-elsaid/xlog/markdown/extension/typographer.go:205.56,210.5 4 0
github.com/emad-elsaid/xlog/markdown/extension/typographer.go:213.2,213.27 1 0
github.com/emad-elsaid/xlog/markdown/extension/typographer.go:213.27,216.15 3 0
github.com/emad-elsaid/xlog/markdown/extension/typographer.go:216.15,218.4 1 0
github.com/emad-elsaid/xlog/markdown/extension/typographer.go:219.3,220.16 2 0
github.com/emad-elsaid/xlog/markdown/extension/typographer.go:220.16,221.42 1 0
github.com/emad-elsaid/xlog/markdown/extension/typographer.go:221.42,224.75 1 0
github.com/emad-elsaid/xlog/markdown/extension/typographer.go:224.75,226.23 2 0
github.com/emad-elsaid/xlog/markdown/extension/typographer.go:226.23,228.7 1 0
github.com/emad-elsaid/xlog/markdown/extension/typographer.go:229.6,229.78 1 0
github.com/emad-elsaid/xlog/markdown/extension/typographer.go:229.78,234.7 4 0
github.com/emad-elsaid/xlog/markdown/extension/typographer.go:237.5,238.77 1 0
github.com/emad-elsaid/xlog/markdown/extension/typographer.go:238.77,243.6 4 0
github.com/emad-elsaid/xlog/markdown/extension/typographer.go:246.5,247.47 1 0
github.com/emad-elsaid/xlog/markdown/extension/typographer.go:247.47,252.6 4 0
github.com/emad-elsaid/xlog/markdown/extension/typographer.go:254.4,254.75 1 0
github.com/emad-elsaid/xlog/markdown/extension/typographer.go:254.75,258.72 2 0
github.com/emad-elsaid/xlog/markdown/extension/typographer.go:258.72,260.6 1 0
github.com/emad-elsaid/xlog/markdown/extension/typographer.go:262.5,264.72 1 0
github.com/emad-elsaid/xlog/markdown/extension/typographer.go:264.72,266.6 1 0
github.com/emad-elsaid/xlog/markdown/extension/typographer.go:267.5,267.30 1 0
github.com/emad-elsaid/xlog/markdown/extension/typographer.go:267.30,269.6 1 0
github.com/emad-elsaid/xlog/markdown/extension/typographer.go:271.5,274.16 4 0
github.com/emad-elsaid/xlog/markdown/extension/typographer.go:276.4,276.48 1 0
github.com/emad-elsaid/xlog/markdown/extension/typographer.go:276.48,279.64 1 0
github.com/emad-elsaid/xlog/markdown/extension/typographer.go:279.64,284.6 4 0
github.com/emad-elsaid/xlog/markdown/extension/typographer.go:286.4,286.70 1 0
github.com/emad-elsaid/xlog/markdown/extension/typographer.go:286.70,290.30 3 0
github.com/emad-elsaid/xlog/markdown/extension/typographer.go:290.30,296.6 5 0
github.com/emad-elsaid/xlog/markdown/extension/typographer.go:299.3,299.15 1 0
github.com/emad-elsaid/xlog/markdown/extension/typographer.go:299.15,300.75 1 0
github.com/emad-elsaid/xlog/markdown/extension/typographer.go:300.75,306.5 5 0
github.com/emad-elsaid/xlog/markdown/extension/typographer.go:307.4,307.70 1 0
github.com/emad-elsaid/xlog/markdown/extension/typographer.go:307.70,311.30 3 0
github.com/emad-elsaid/xlog/markdown/extension/typographer.go:311.30,313.68 1 0
github.com/emad-elsaid/xlog/markdown/extension/typographer.go:313.68,315.7 1 0
github.com/emad-elsaid/xlog/markdown/extension/typographer.go:316.6,320.17 5 0
github.com/emad-elsaid/xlog/markdown/extension/typographer.go:325.2,325.12 1 0
github.com/emad-elsaid/xlog/markdown/extension/typographer.go:328.77,330.2 1 0
github.com/emad-elsaid/xlog/markdown/extension/typographer.go:340.66,344.2 1 0
github.com/emad-elsaid/xlog/markdown/extension/typographer.go:346.51,350.2 1 0
github.com/emad-elsaid/xlog/markdown/parser/attribute.go:25.52,26.23 1 0
github.com/emad-elsaid/xlog/markdown/parser/attribute.go:26.23,27.32 1 0
github.com/emad-elsaid/xlog/markdown/parser/attribute.go:27.32,29.4 1 0
github.com/emad-elsaid/xlog/markdown/parser/attribute.go:31.2,31.19 1 0
github.com/emad-elsaid/xlog/markdown/parser/attribute.go:34.71,35.23 1 0
github.com/emad-elsaid/xlog/markdown/parser/attribute.go:35.23,36.32 1 0
github.com/emad-elsaid/xlog/markdown/parser/attribute.go:36.32,39.4 2 0
github.com/emad-elsaid/xlog/markdown/parser/attribute.go:41.2,41.14 1 0
github.com/emad-elsaid/xlog/markdown/parser/attribute.go:47.61,50.26 3 0
github.com/emad-elsaid/xlog/markdown/parser/attribute.go:50.26,53.3 2 0
github.com/emad-elsaid/xlog/markdown/parser/attribute.go:54.2,56.6 3 0
github.com/emad-elsaid/xlog/markdown/parser/attribute.go:56.6,57.27 1 0
github.com/emad-elsaid/xlog/markdown/parser/attribute.go:57.27,60.4 2 0
github.com/emad-elsaid/xlog/markdown/parser/attribute.go:61.3,62.10 2 0
github.com/emad-elsaid/xlog/markdown/parser/attribute.go:62.10,65.4 2 0
github.com/emad-elsaid/xlog/markdown/parser/attribute.go:66.3,66.44 1 0
github.com/emad-elsaid/xlog/markdown/parser/attribute.go:66.44,67.56 1 0
github.com/emad-elsaid/xlog/markdown/parser/attribute.go:67.56,71.5 3 0
github.com/emad-elsaid/xlog/markdown/parser/attribute.go:71.7,73.5 1 0
github.com/emad-elsaid/xlog/markdown/parser/attribute.go:74.9,76.4 1 0
github.com/emad-elsaid/xlog/markdown/parser/attribute.go:77.3,78.27 2 0
github.com/emad-elsaid/xlog/markdown/parser/attribute.go:78.27,81.4 2 0
github.com/emad-elsaid/xlog/markdown/parser/attribute.go:85.59,88.26 3 0
github.com/emad-elsaid/xlog/markdown/parser/attribute.go:88.26,97.62 4 0
github.com/emad-elsaid/xlog/markdown/parser/attribute.go:97.63,98.4 0 0
github.com/emad-elsaid/xlog/markdown/parser/attribute.go:99.3,100.15 2 0
github.com/emad-elsaid/xlog/markdown/parser/attribute.go:100.15,102.4 1 0
github.com/emad-elsaid/xlog/markdown/parser/attribute.go:103.3,104.55 2 0
github.com/emad-elsaid/xlog/markdown/parser/attribute.go:106.2,107.20 2 0
github.com/emad-elsaid/xlog/markdown/parser/attribute.go:107.20,109.3 1 0
github.com/emad-elsaid/xlog/markdown/parser/attribute.go:110.2,112.25 2 0
github.com/emad-elsaid/xlog/markdown/parser/attribute.go:112.25,114.3 1 0
github.com/emad-elsaid/xlog/markdown/parser/attribute.go:115.2,116.27 2 0
github.com/emad-elsaid/xlog/markdown/parser/attribute.go:116.27,120.50 2 0
github.com/emad-elsaid/xlog/markdown/parser/attribute.go:120.50,121.9 1 0
github.com/emad-elsaid/xlog/markdown/parser/attribute.go:124.2,128.14 5 0
github.com/emad-elsaid/xlog/markdown/parser/attribute.go:128.14,130.3 1 0
github.com/emad-elsaid/xlog/markdown/parser/attribute.go:131.2,134.9 4 0
github.com/emad-elsaid/xlog/markdown/parser/attribute.go:134.9,136.3 1 0
github.com/emad-elsaid/xlog/markdown/parser/attribute.go:137.2,137.38 1 0
github.com/emad-elsaid/xlog/markdown/parser/attribute.go:137.38,138.34 1 0
github.com/emad-elsaid/xlog/markdown/parser/attribute.go:138.34,140.4 1 0
github.com/emad-elsaid/xlog/markdown/parser/attribute.go:142.2,142.50 1 0
github.com/emad-elsaid/xlog/markdown/parser/attribute.go:145.58,150.11 5 0
github.com/emad-elsaid/xlog/markdown/parser/attribute.go:151.16,152.28 1 0
github.com/emad-elsaid/xlog/markdown/parser/attribute.go:153.11,154.38 1 0
github.com/emad-elsaid/xlog/markdown/parser/attribute.go:155.11,156.42 1 0
github.com/emad-elsaid/xlog/markdown/parser/attribute.go:157.11,158.43 1 0
github.com/emad-elsaid/xlog/markdown/parser/attribute.go:159.10,160.48 1 0
github.com/emad-elsaid/xlog/markdown/parser/attribute.go:160.48,162.4 1 0
github.com/emad-elsaid/xlog/markdown/parser/attribute.go:162.9,164.4 1 0
github.com/emad-elsaid/xlog/markdown/parser/attribute.go:166.2,166.9 1 0
github.com/emad-elsaid/xlog/markdown/parser/attribute.go:166.9,168.3 1 0
github.com/emad-elsaid/xlog/markdown/parser/attribute.go:169.2,169.20 1 0
github.com/emad-elsaid/xlog/markdown/parser/attribute.go:172.60,175.20 3 0
github.com/emad-elsaid/xlog/markdown/parser/attribute.go:175.20,178.25 3 0
github.com/emad-elsaid/xlog/markdown/parser/attribute.go:178.25,181.4 2 0
github.com/emad-elsaid/xlog/markdown/parser/attribute.go:182.3,182.15 1 0
github.com/emad-elsaid/xlog/markdown/parser/attribute.go:182.15,183.14 1 0
github.com/emad-elsaid/xlog/markdown/parser/attribute.go:183.14,186.5 2 0
github.com/emad-elsaid/xlog/markdown/parser/attribute.go:187.4,187.21 1 0
github.com/emad-elsaid/xlog/markdown/parser/attribute.go:189.3,191.10 3 0
github.com/emad-elsaid/xlog/markdown/parser/attribute.go:191.10,193.4 1 0
github.com/emad-elsaid/xlog/markdown/parser/attribute.go:194.3,195.22 2 0
github.com/emad-elsaid/xlog/markdown/parser/attribute.go:199.62,205.12 6 0
github.com/emad-elsaid/xlog/markdown/parser/attribute.go:205.12,207.28 2 0
github.com/emad-elsaid/xlog/markdown/parser/attribute.go:207.28,209.13 2 0
github.com/emad-elsaid/xlog/markdown/parser/attribute.go:210.24,212.11 2 0
github.com/emad-elsaid/xlog/markdown/parser/attribute.go:213.13,215.11 2 0
github.com/emad-elsaid/xlog/markdown/parser/attribute.go:216.13,218.11 2 0
github.com/emad-elsaid/xlog/markdown/parser/attribute.go:219.13,221.11 2 0
github.com/emad-elsaid/xlog/markdown/parser/attribute.go:222.13,224.11 2 0
github.com/emad-elsaid/xlog/markdown/parser/attribute.go:225.13,227.11 2 0
github.com/emad-elsaid/xlog/markdown/parser/attribute.go:228.12,230.8 2 0
github.com/emad-elsaid/xlog/markdown/parser/attribute.go:232.4,232.12 1 0
github.com/emad-elsaid/xlog/markdown/parser/attribute.go:234.3,234.15 1 0
github.com/emad-elsaid/xlog/markdown/parser/attribute.go:234.15,237.4 2 0
github.com/emad-elsaid/xlog/markdown/parser/attribute.go:238.3,239.6 2 0
github.com/emad-elsaid/xlog/markdown/parser/attribute.go:241.2,241.19 1 0
github.com/emad-elsaid/xlog/markdown/parser/attribute.go:244.64,245.6 1 0
github.com/emad-elsaid/xlog/markdown/parser/attribute.go:245.6,247.24 2 0
github.com/emad-elsaid/xlog/markdown/parser/attribute.go:247.24,249.4 1 0
github.com/emad-elsaid/xlog/markdown/parser/attribute.go:249.9,251.4 1 0
github.com/emad-elsaid/xlog/markdown/parser/attribute.go:252.3,252.20 1 0
github.com/emad-elsaid/xlog/markdown/parser/attribute.go:256.63,259.14 3 0
github.com/emad-elsaid/xlog/markdown/parser/attribute.go:259.14,262.3 2 0
github.com/emad-elsaid/xlog/markdown/parser/attribute.go:262.8,262.21 1 0
github.com/emad-elsaid/xlog/markdown/parser/attribute.go:262.21,264.3 1 0
github.com/emad-elsaid/xlog/markdown/parser/attribute.go:265.2,266.36 2 0
github.com/emad-elsaid/xlog/markdown/parser/attribute.go:266.36,268.3 1 0
github.com/emad-elsaid/xlog/markdown/parser/attribute.go:269.2,270.20 2 0
github.com/emad-elsaid/xlog/markdown/parser/attribute.go:270.20,272.3 1 0
github.com/emad-elsaid/xlog/markdown/parser/attribute.go:273.2,274.14 2 0
github.com/emad-elsaid/xlog/markdown/parser/attribute.go:274.14,278.3 3 0
github.com/emad-elsaid/xlog/markdown/parser/attribute.go:279.2,280.26 2 0
github.com/emad-elsaid/xlog/markdown/parser/attribute.go:280.26,284.27 4 0
github.com/emad-elsaid/xlog/markdown/parser/attribute.go:284.27,287.4 2 0
github.com/emad-elsaid/xlog/markdown/parser/attribute.go:288.3,288.37 1 0
github.com/emad-elsaid/xlog/markdown/parser/attribute.go:290.2,291.16 2 0
github.com/emad-elsaid/xlog/markdown/parser/attribute.go:291.16,293.3 1 0
github.com/emad-elsaid/xlog/markdown/parser/attribute.go:294.2,294.32 1 0
github.com/emad-elsaid/xlog/markdown/parser/attribute.go:301.59,305.25 3 0
github.com/emad-elsaid/xlog/markdown/parser/attribute.go:305.25,307.3 1 0
github.com/emad-elsaid/xlog/markdown/parser/attribute.go:308.2,309.27 2 0
github.com/emad-elsaid/xlog/markdown/parser/attribute.go:309.27,313.50 2 0
github.com/emad-elsaid/xlog/markdown/parser/attribute.go:313.50,314.9 1 0
github.com/emad-elsaid/xlog/markdown/parser/attribute.go:317.2,319.35 3 0
github.com/emad-elsaid/xlog/markdown/parser/attribute.go:319.35,321.3 1 0
github.com/emad-elsaid/xlog/markdown/parser/attribute.go:322.2,322.36 1 0
github.com/emad-elsaid/xlog/markdown/parser/attribute.go:322.36,324.3 1 0
github.com/emad-elsaid/xlog/markdown/parser/attribute.go:325.2,325.35 1 0
github.com/emad-elsaid/xlog/markdown/parser/attribute.go:325.35,327.3 1 0
github.com/emad-elsaid/xlog/markdown/parser/attribute.go:328.2,328.20 1 0
github.com/emad-elsaid/xlog/markdown/parser/atx_heading.go:16.59,17.14 1 0
github.com/emad-elsaid/xlog/markdown/parser/atx_heading.go:18.24,19.25 1 0
github.com/emad-elsaid/xlog/markdown/parser/atx_heading.go:20.20,21.21 1 0
github.com/emad-elsaid/xlog/markdown/parser/atx_heading.go:37.56,39.2 1 0
github.com/emad-elsaid/xlog/markdown/parser/atx_heading.go:41.64,43.2 1 0
github.com/emad-elsaid/xlog/markdown/parser/atx_heading.go:47.40,49.2 1 0
github.com/emad-elsaid/xlog/markdown/parser/atx_heading.go:55.67,57.2 1 0
github.com/emad-elsaid/xlog/markdown/parser/atx_heading.go:60.43,62.2 1 0
github.com/emad-elsaid/xlog/markdown/parser/atx_heading.go:69.61,71.25 2 0
github.com/emad-elsaid/xlog/markdown/parser/atx_heading.go:71.25,73.3 1 0
github.com/emad-elsaid/xlog/markdown/parser/atx_heading.go:74.2,74.10 1 0
github.com/emad-elsaid/xlog/markdown/parser/atx_heading.go:77.45,79.2 1 0
github.com/emad-elsaid/xlog/markdown/parser/atx_heading.go:81.100,84.13 3 0
github.com/emad-elsaid/xlog/markdown/parser/atx_heading.go:84.13,86.3 1 0
github.com/emad-elsaid/xlog/markdown/parser/atx_heading.go:87.2,88.45 2 0
github.com/emad-elsaid/xlog/markdown/parser/atx_heading.go:88.46,89.3 0 0
github.com/emad-elsaid/xlog/markdown/parser/atx_heading.go:90.2,91.27 2 0
github.com/emad-elsaid/xlog/markdown/parser/atx_heading.go:91.27,93.3 1 0
github.com/emad-elsaid/xlog/markdown/parser/atx_heading.go:94.2,94.20 1 0
github.com/emad-elsaid/xlog/markdown/parser/atx_heading.go:94.20,96.3 1 0
github.com/emad-elsaid/xlog/markdown/parser/atx_heading.go:97.2,98.12 2 0
github.com/emad-elsaid/xlog/markdown/parser/atx_heading.go:98.12,100.3 1 0
github.com/emad-elsaid/xlog/markdown/parser/atx_heading.go:101.2,102.24 2 0
github.com/emad-elsaid/xlog/markdown/parser/atx_heading.go:102.24,104.3 1 0
github.com/emad-elsaid/xlog/markdown/parser/atx_heading.go:105.2,110.17 5 0
github.com/emad-elsaid/xlog/markdown/parser/atx_heading.go:110.17,114.29 4 0
github.com/emad-elsaid/xlog/markdown/parser/atx_heading.go:114.29,116.11 2 0
github.com/emad-elsaid/xlog/markdown/parser/atx_heading.go:117.44,118.11 1 0
github.com/emad-elsaid/xlog/markdown/parser/atx_heading.go:119.59,122.43 3 0
github.com/emad-elsaid/xlog/markdown/parser/atx_heading.go:122.44,123.6 0 0
github.com/emad-elsaid/xlog/markdown/parser/atx_heading.go:124.5,125.13 2 0
github.com/emad-elsaid/xlog/markdown/parser/atx_heading.go:126.12,127.8 1 0
github.com/emad-elsaid/xlog/markdown/parser/atx_heading.go:130.3,130.23 1 0
github.com/emad-elsaid/xlog/markdown/parser/atx_heading.go:130.23,135.14 5 0
github.com/emad-elsaid/xlog/markdown/parser/atx_heading.go:135.14,136.32 1 0
github.com/emad-elsaid/xlog/markdown/parser/atx_heading.go:136.32,138.6 1 0
github.com/emad-elsaid/xlog/markdown/parser/atx_heading.go:139.5,141.49 1 0
github.com/emad-elsaid/xlog/markdown/parser/atx_heading.go:145.2,145.13 1 0
github.com/emad-elsaid/xlog/markdown/parser/atx_heading.go:145.13,148.20 3 0
github.com/emad-elsaid/xlog/markdown/parser/atx_heading.go:148.20,150.4 1 0
github.com/emad-elsaid/xlog/markdown/parser/atx_heading.go:150.9,152.44 2 0
github.com/emad-elsaid/xlog/markdown/parser/atx_heading.go:152.45,153.5 0 0
github.com/emad-elsaid/xlog/markdown/parser/atx_heading.go:154.4,154.45 1 0
github.com/emad-elsaid/xlog/markdown/parser/atx_heading.go:154.45,156.5 1 0
github.com/emad-elsaid/xlog/markdown/parser/atx_heading.go:157.4,158.12 2 0
github.com/emad-elsaid/xlog/markdown/parser/atx_heading.go:161.3,161.62 1 0
github.com/emad-elsaid/xlog/markdown/parser/atx_heading.go:161.62,163.4 1 0
github.com/emad-elsaid/xlog/markdown/parser/atx_heading.go:165.2,165.25 1 0
github.com/emad-elsaid/xlog/markdown/parser/atx_heading.go:168.90,170.2 1 0
github.com/emad-elsaid/xlog/markdown/parser/atx_heading.go:172.81,173.17 1 0
github.com/emad-elsaid/xlog/markdown/parser/atx_heading.go:173.17,175.10 2 0
github.com/emad-elsaid/xlog/markdown/parser/atx_heading.go:175.10,177.4 1 0
github.com/emad-elsaid/xlog/markdown/parser/atx_heading.go:180.2,180.21 1 0
github.com/emad-elsaid/xlog/markdown/parser/atx_heading.go:180.21,182.10 2 0
github.com/emad-elsaid/xlog/markdown/parser/atx_heading.go:182.10,184.4 1 0
github.com/emad-elsaid/xlog/markdown/parser/atx_heading.go:184.9,186.4 1 0
github.com/emad-elsaid/xlog/markdown/parser/atx_heading.go:190.57,192.2 1 0
github.com/emad-elsaid/xlog/markdown/parser/atx_heading.go:194.57,196.2 1 0
github.com/emad-elsaid/xlog/markdown/parser/atx_heading.go:198.79,201.20 3 0
github.com/emad-elsaid/xlog/markdown/parser/atx_heading.go:201.20,204.3 2 0
github.com/emad-elsaid/xlog/markdown/parser/atx_heading.go:205.2,206.42 2 0
github.com/emad-elsaid/xlog/markdown/parser/atx_heading.go:209.77,211.19 2 0
github.com/emad-elsaid/xlog/markdown/parser/atx_heading.go:211.19,213.3 1 0
github.com/emad-elsaid/xlog/markdown/parser/atx_heading.go:214.2,222.6 9 0
github.com/emad-elsaid/xlog/markdown/parser/atx_heading.go:222.6,224.20 2 0
github.com/emad-elsaid/xlog/markdown/parser/atx_heading.go:224.20,225.9 1 0
github.com/emad-elsaid/xlog/markdown/parser/atx_heading.go:227.3,227.16 1 0
github.com/emad-elsaid/xlog/markdown/parser/atx_heading.go:227.16,229.24 2 0
github.com/emad-elsaid/xlog/markdown/parser/atx_heading.go:229.24,231.5 1 0
github.com/emad-elsaid/xlog/markdown/parser/atx_heading.go:232.4,232.12 1 0
github.com/emad-elsaid/xlog/markdown/parser/atx_heading.go:234.3,234.15 1 0
github.com/emad-elsaid/xlog/markdown/parser/atx_heading.go:234.15,239.4 4 0
github.com/emad-elsaid/xlog/markdown/parser/atx_heading.go:240.3,240.16 1 0
github.com/emad-elsaid/xlog/markdown/parser/atx_heading.go:242.2,242.42 1 0
github.com/emad-elsaid/xlog/markdown/parser/atx_heading.go:242.42,243.30 1 0
github.com/emad-elsaid/xlog/markdown/parser/atx_heading.go:243.30,245.4 1 0
github.com/emad-elsaid/xlog/markdown/parser/atx_heading.go:246.3,247.40 2 0
github.com/emad-elsaid/xlog/markdown/parser/auto_link.go:16.39,18.2 1 0
github.com/emad-elsaid/xlog/markdown/parser/auto_link.go:20.43,22.2 1 0
github.com/emad-elsaid/xlog/markdown/parser/auto_link.go:24.89,28.14 4 0
github.com/emad-elsaid/xlog/markdown/parser/auto_link.go:28.14,31.3 2 0
github.com/emad-elsaid/xlog/markdown/parser/auto_link.go:32.2,32.14 1 0
github.com/emad-elsaid/xlog/markdown/parser/auto_link.go:32.14,34.3 1 0
github.com/emad-elsaid/xlog/markdown/parser/auto_link.go:35.2,36.44 2 0
github.com/emad-elsaid/xlog/markdown/parser/auto_link.go:36.44,38.3 1 0
github.com/emad-elsaid/xlog/markdown/parser/auto_link.go:39.2,41.36 3 0
github.com/emad-elsaid/xlog/markdown/parser/blockquote.go:16.40,18.2 1 0
github.com/emad-elsaid/xlog/markdown/parser/blockquote.go:20.61,23.51 3 0
github.com/emad-elsaid/xlog/markdown/parser/blockquote.go:23.51,25.3 1 0
github.com/emad-elsaid/xlog/markdown/parser/blockquote.go:26.2,27.43 2 0
github.com/emad-elsaid/xlog/markdown/parser/blockquote.go:27.43,30.3 2 0
github.com/emad-elsaid/xlog/markdown/parser/blockquote.go:31.2,32.43 2 0
github.com/emad-elsaid/xlog/markdown/parser/blockquote.go:32.43,34.24 2 0
github.com/emad-elsaid/xlog/markdown/parser/blockquote.go:34.24,36.4 1 0
github.com/emad-elsaid/xlog/markdown/parser/blockquote.go:37.3,37.42 1 0
github.com/emad-elsaid/xlog/markdown/parser/blockquote.go:39.2,39.13 1 0
github.com/emad-elsaid/xlog/markdown/parser/blockquote.go:42.45,44.2 1 0
github.com/emad-elsaid/xlog/markdown/parser/blockquote.go:46.100,47.23 1 0
github.com/emad-elsaid/xlog/markdown/parser/blockquote.go:47.23,49.3 1 0
github.com/emad-elsaid/xlog/markdown/parser/blockquote.go:50.2,50.24 1 0
github.com/emad-elsaid/xlog/markdown/parser/blockquote.go:53.90,54.23 1 0
github.com/emad-elsaid/xlog/markdown/parser/blockquote.go:54.23,56.3 1 0
github.com/emad-elsaid/xlog/markdown/parser/blockquote.go:57.2,57.14 1 0
github.com/emad-elsaid/xlog/markdown/parser/blockquote.go:60.82,62.2 0 0
github.com/emad-elsaid/xlog/markdown/parser/blockquote.go:64.57,66.2 1 0
github.com/emad-elsaid/xlog/markdown/parser/blockquote.go:68.57,70.2 1 0
github.com/emad-elsaid/xlog/markdown/parser/code_block.go:17.39,19.2 1 0
github.com/emad-elsaid/xlog/markdown/parser/code_block.go:21.44,23.2 1 0
github.com/emad-elsaid/xlog/markdown/parser/code_block.go:25.99,28.35 3 0
github.com/emad-elsaid/xlog/markdown/parser/code_block.go:28.35,30.3 1 0
github.com/emad-elsaid/xlog/markdown/parser/code_block.go:31.2,35.26 4 0
github.com/emad-elsaid/xlog/markdown/parser/code_block.go:35.26,37.3 1 0
github.com/emad-elsaid/xlog/markdown/parser/code_block.go:38.2,41.25 4 0
github.com/emad-elsaid/xlog/markdown/parser/code_block.go:45.89,47.24 2 0
github.com/emad-elsaid/xlog/markdown/parser/code_block.go:47.24,50.3 2 0
github.com/emad-elsaid/xlog/markdown/parser/code_block.go:51.2,52.13 2 0
github.com/emad-elsaid/xlog/markdown/parser/code_block.go:52.13,54.3 1 0
github.com/emad-elsaid/xlog/markdown/parser/code_block.go:55.2,59.26 3 0
github.com/emad-elsaid/xlog/markdown/parser/code_block.go:59.26,61.3 1 0
github.com/emad-elsaid/xlog/markdown/parser/code_block.go:63.2,66.30 4 0
github.com/emad-elsaid/xlog/markdown/parser/code_block.go:69.80,74.18 4 0
github.com/emad-elsaid/xlog/markdown/parser/code_block.go:74.18,76.39 2 0
github.com/emad-elsaid/xlog/markdown/parser/code_block.go:76.39,78.4 1 0
github.com/emad-elsaid/xlog/markdown/parser/code_block.go:78.9,79.9 1 0
github.com/emad-elsaid/xlog/markdown/parser/code_block.go:82.2,82.30 1 0
github.com/emad-elsaid/xlog/markdown/parser/code_block.go:85.56,87.2 1 0
github.com/emad-elsaid/xlog/markdown/parser/code_block.go:89.56,91.2 1 0
github.com/emad-elsaid/xlog/markdown/parser/code_block.go:93.91,97.46 4 0
github.com/emad-elsaid/xlog/markdown/parser/code_block.go:97.46,100.3 2 0
github.com/emad-elsaid/xlog/markdown/parser/code_block.go:101.2,101.28 1 0
github.com/emad-elsaid/xlog/markdown/parser/code_span.go:15.39,17.2 1 0
github.com/emad-elsaid/xlog/markdown/parser/code_span.go:19.43,21.2 1 0
github.com/emad-elsaid/xlog/markdown/parser/code_span.go:23.89,26.60 3 0
github.com/emad-elsaid/xlog/markdown/parser/code_span.go:26.61,27.3 0 0
github.com/emad-elsaid/xlog/markdown/parser/code_span.go:28.2,31.6 4 0
github.com/emad-elsaid/xlog/markdown/parser/code_span.go:31.6,33.18 2 0
github.com/emad-elsaid/xlog/markdown/parser/code_span.go:33.18,36.4 2 0
github.com/emad-elsaid/xlog/markdown/parser/code_span.go:37.3,37.34 1 0
github.com/emad-elsaid/xlog/markdown/parser/code_span.go:37.34,39.16 2 0
github.com/emad-elsaid/xlog/markdown/parser/code_span.go:39.16,41.48 2 0
github.com/emad-elsaid/xlog/markdown/parser/code_span.go:41.49,42.6 0 0
github.com/emad-elsaid/xlog/markdown/parser/code_span.go:43.5,44.64 2 0
github.com/emad-elsaid/xlog/markdown/parser/code_span.go:44.64,46.28 2 0
github.com/emad-elsaid/xlog/markdown/parser/code_span.go:46.28,48.7 1 0
github.com/emad-elsaid/xlog/markdown/parser/code_span.go:49.6,50.14 2 0
github.com/emad-elsaid/xlog/markdown/parser/code_span.go:54.3,55.22 2 0
github.com/emad-elsaid/xlog/markdown/parser/code_span.go:58.2,58.35 1 0
github.com/emad-elsaid/xlog/markdown/parser/code_span.go:58.35,62.79 3 0
github.com/emad-elsaid/xlog/markdown/parser/code_span.go:62.79,64.4 1 0
github.com/emad-elsaid/xlog/markdown/parser/code_span.go:65.3,66.80 2 0
github.com/emad-elsaid/xlog/markdown/parser/code_span.go:66.80,68.4 1 0
github.com/emad-elsaid/xlog/markdown/parser/code_span.go:69.3,69.20 1 0
github.com/emad-elsaid/xlog/markdown/parser/code_span.go:69.20,76.4 6 0
github.com/emad-elsaid/xlog/markdown/parser/code_span.go:79.2,79.13 1 0
github.com/emad-elsaid/xlog/markdown/parser/code_span.go:82.36,84.2 1 0
github.com/emad-elsaid/xlog/markdown/parser/delimiter.go:60.31,60.32 0 0
github.com/emad-elsaid/xlog/markdown/parser/delimiter.go:63.52,65.2 1 0
github.com/emad-elsaid/xlog/markdown/parser/delimiter.go:70.41,72.2 1 0
github.com/emad-elsaid/xlog/markdown/parser/delimiter.go:75.48,77.2 1 0
github.com/emad-elsaid/xlog/markdown/parser/delimiter.go:80.46,83.2 2 0
github.com/emad-elsaid/xlog/markdown/parser/delimiter.go:87.60,88.119 1 0
github.com/emad-elsaid/xlog/markdown/parser/delimiter.go:88.119,90.3 1 0
github.com/emad-elsaid/xlog/markdown/parser/delimiter.go:91.2,91.41 1 0
github.com/emad-elsaid/xlog/markdown/parser/delimiter.go:91.41,93.3 1 0
github.com/emad-elsaid/xlog/markdown/parser/delimiter.go:94.2,94.10 1 0
github.com/emad-elsaid/xlog/markdown/parser/delimiter.go:98.107,111.2 2 0
github.com/emad-elsaid/xlog/markdown/parser/delimiter.go:114.100,118.31 4 0
github.com/emad-elsaid/xlog/markdown/parser/delimiter.go:118.31,120.3 1 0
github.com/emad-elsaid/xlog/markdown/parser/delimiter.go:121.2,121.43 1 0
github.com/emad-elsaid/xlog/markdown/parser/delimiter.go:121.44,122.3 0 0
github.com/emad-elsaid/xlog/markdown/parser/delimiter.go:123.2,123.24 1 0
github.com/emad-elsaid/xlog/markdown/parser/delimiter.go:123.24,125.21 2 0
github.com/emad-elsaid/xlog/markdown/parser/delimiter.go:125.21,127.4 1 0
github.com/emad-elsaid/xlog/markdown/parser/delimiter.go:129.3,140.21 8 0
github.com/emad-elsaid/xlog/markdown/parser/delimiter.go:140.21,143.4 2 0
github.com/emad-elsaid/xlog/markdown/parser/delimiter.go:143.9,146.4 2 0
github.com/emad-elsaid/xlog/markdown/parser/delimiter.go:147.3,147.60 1 0
github.com/emad-elsaid/xlog/markdown/parser/delimiter.go:149.2,149.12 1 0
github.com/emad-elsaid/xlog/markdown/parser/delimiter.go:157.53,159.26 2 0
github.com/emad-elsaid/xlog/markdown/parser/delimiter.go:159.26,161.3 1 0
github.com/emad-elsaid/xlog/markdown/parser/delimiter.go:162.2,163.19 2 0
github.com/emad-elsaid/xlog/markdown/parser/delimiter.go:163.19,164.30 1 0
github.com/emad-elsaid/xlog/markdown/parser/delimiter.go:164.30,165.71 1 0
github.com/emad-elsaid/xlog/markdown/parser/delimiter.go:165.71,166.36 1 0
github.com/emad-elsaid/xlog/markdown/parser/delimiter.go:166.36,168.6 1 0
github.com/emad-elsaid/xlog/markdown/parser/delimiter.go:169.5,169.28 1 0
github.com/emad-elsaid/xlog/markdown/parser/delimiter.go:172.8,174.3 1 0
github.com/emad-elsaid/xlog/markdown/parser/delimiter.go:175.2,175.19 1 0
github.com/emad-elsaid/xlog/markdown/parser/delimiter.go:175.19,178.3 2 0
github.com/emad-elsaid/xlog/markdown/parser/delimiter.go:179.2,179.20 1 0
github.com/emad-elsaid/xlog/markdown/parser/delimiter.go:179.20,180.23 1 0
github.com/emad-elsaid/xlog/markdown/parser/delimiter.go:180.23,182.12 2 0
github.com/emad-elsaid/xlog/markdown/parser/delimiter.go:184.3,188.111 5 0
github.com/emad-elsaid/xlog/markdown/parser/delimiter.go:188.111,189.72 1 0
github.com/emad-elsaid/xlog/markdown/parser/delimiter.go:189.72,192.20 3 0
github.com/emad-elsaid/xlog/markdown/parser/delimiter.go:192.20,194.11 2 0
github.com/emad-elsaid/xlog/markdown/parser/delimiter.go:198.3,198.13 1 0
github.com/emad-elsaid/xlog/markdown/parser/delimiter.go:198.13,200.39 2 0
github.com/emad-elsaid/xlog/markdown/parser/delimiter.go:200.39,202.5 1 0
github.com/emad-elsaid/xlog/markdown/parser/delimiter.go:203.4,204.12 2 0
github.com/emad-elsaid/xlog/markdown/parser/delimiter.go:206.3,214.39 6 0
github.com/emad-elsaid/xlog/markdown/parser/delimiter.go:214.39,218.4 3 0
github.com/emad-elsaid/xlog/markdown/parser/delimiter.go:219.3,221.59 2 0
github.com/emad-elsaid/xlog/markdown/parser/delimiter.go:221.59,225.4 3 0
github.com/emad-elsaid/xlog/markdown/parser/delimiter.go:227.3,227.25 1 0
github.com/emad-elsaid/xlog/markdown/parser/delimiter.go:227.25,229.4 1 0
github.com/emad-elsaid/xlog/markdown/parser/delimiter.go:231.3,231.25 1 0
github.com/emad-elsaid/xlog/markdown/parser/delimiter.go:231.25,235.4 3 0
github.com/emad-elsaid/xlog/markdown/parser/delimiter.go:237.2,237.28 1 0
github.com/emad-elsaid/xlog/markdown/parser/emphasis.go:11.63,13.2 1 0
github.com/emad-elsaid/xlog/markdown/parser/emphasis.go:15.84,17.2 1 0
github.com/emad-elsaid/xlog/markdown/parser/emphasis.go:19.69,21.2 1 0
github.com/emad-elsaid/xlog/markdown/parser/emphasis.go:31.39,33.2 1 0
github.com/emad-elsaid/xlog/markdown/parser/emphasis.go:35.43,37.2 1 0
github.com/emad-elsaid/xlog/markdown/parser/emphasis.go:39.89,43.17 4 0
github.com/emad-elsaid/xlog/markdown/parser/emphasis.go:43.17,45.3 1 0
github.com/emad-elsaid/xlog/markdown/parser/emphasis.go:46.2,49.13 4 0
github.com/emad-elsaid/xlog/markdown/parser/fcode_block.go:18.45,20.2 1 0
github.com/emad-elsaid/xlog/markdown/parser/fcode_block.go:31.50,33.2 1 0
github.com/emad-elsaid/xlog/markdown/parser/fcode_block.go:35.105,38.55 3 0
github.com/emad-elsaid/xlog/markdown/parser/fcode_block.go:38.55,40.3 1 0
github.com/emad-elsaid/xlog/markdown/parser/fcode_block.go:41.2,44.51 4 0
github.com/emad-elsaid/xlog/markdown/parser/fcode_block.go:44.52,45.3 0 0
github.com/emad-elsaid/xlog/markdown/parser/fcode_block.go:46.2,47.22 2 0
github.com/emad-elsaid/xlog/markdown/parser/fcode_block.go:47.22,49.3 1 0
github.com/emad-elsaid/xlog/markdown/parser/fcode_block.go:50.2,51.21 2 0
github.com/emad-elsaid/xlog/markdown/parser/fcode_block.go:51.21,55.29 4 0
github.com/emad-elsaid/xlog/markdown/parser/fcode_block.go:55.29,58.60 3 0
github.com/emad-elsaid/xlog/markdown/parser/fcode_block.go:58.60,60.5 1 0
github.com/emad-elsaid/xlog/markdown/parser/fcode_block.go:60.10,60.36 1 0
github.com/emad-elsaid/xlog/markdown/parser/fcode_block.go:60.36,62.5 1 0
github.com/emad-elsaid/xlog/markdown/parser/fcode_block.go:65.2,67.25 3 0
github.com/emad-elsaid/xlog/markdown/parser/fcode_block.go:71.95,76.11 4 0
github.com/emad-elsaid/xlog/markdown/parser/fcode_block.go:76.11,78.53 2 0
github.com/emad-elsaid/xlog/markdown/parser/fcode_block.go:78.54,79.4 0 0
github.com/emad-elsaid/xlog/markdown/parser/fcode_block.go:80.3,81.55 2 0
github.com/emad-elsaid/xlog/markdown/parser/fcode_block.go:81.55,83.33 2 0
github.com/emad-elsaid/xlog/markdown/parser/fcode_block.go:83.33,85.5 1 0
github.com/emad-elsaid/xlog/markdown/parser/fcode_block.go:86.4,87.16 2 0
github.com/emad-elsaid/xlog/markdown/parser/fcode_block.go:90.2,91.13 2 0
github.com/emad-elsaid/xlog/markdown/parser/fcode_block.go:91.13,93.14 2 0
github.com/emad-elsaid/xlog/markdown/parser/fcode_block.go:93.14,95.4 1 0
github.com/emad-elsaid/xlog/markdown/parser/fcode_block.go:96.3,96.14 1 0
github.com/emad-elsaid/xlog/markdown/parser/fcode_block.go:98.2,100.18 2 0
github.com/emad-elsaid/xlog/markdown/parser/fcode_block.go:100.18,102.3 1 0
github.com/emad-elsaid/xlog/markdown/parser/fcode_block.go:103.2,106.30 4 0
github.com/emad-elsaid/xlog/markdown/parser/fcode_block.go:109.86,111.24 2 0
github.com/emad-elsaid/xlog/markdown/parser/fcode_block.go:111.24,113.3 1 0
github.com/emad-elsaid/xlog/markdown/parser/fcode_block.go:116.62,118.2 1 0
github.com/emad-elsaid/xlog/markdown/parser/fcode_block.go:120.62,122.2 1 0
github.com/emad-elsaid/xlog/markdown/parser/html_block.go:105.39,107.2 1 0
github.com/emad-elsaid/xlog/markdown/parser/html_block.go:109.44,111.2 1 0
github.com/emad-elsaid/xlog/markdown/parser/html_block.go:113.99,117.58 4 0
github.com/emad-elsaid/xlog/markdown/parser/html_block.go:117.58,119.3 1 0
github.com/emad-elsaid/xlog/markdown/parser/html_block.go:121.2,121.69 1 0
github.com/emad-elsaid/xlog/markdown/parser/html_block.go:121.69,123.3 1 0
github.com/emad-elsaid/xlog/markdown/parser/html_block.go:123.8,123.49 1 0
github.com/emad-elsaid/xlog/markdown/parser/html_block.go:123.49,125.3 1 0
github.com/emad-elsaid/xlog/markdown/parser/html_block.go:125.8,125.49 1 0
github.com/emad-elsaid/xlog/markdown/parser/html_block.go:125.49,127.3 1 0
github.com/emad-elsaid/xlog/markdown/parser/html_block.go:127.8,127.49 1 0
github.com/emad-elsaid/xlog/markdown/parser/html_block.go:127.49,129.3 1 0
github.com/emad-elsaid/xlog/markdown/parser/html_block.go:129.8,129.49 1 0
github.com/emad-elsaid/xlog/markdown/parser/html_block.go:129.49,131.3 1 0
github.com/emad-elsaid/xlog/markdown/parser/html_block.go:131.8,131.80 1 0
github.com/emad-elsaid/xlog/markdown/parser/html_block.go:131.80,136.9 5 0
github.com/emad-elsaid/xlog/markdown/parser/html_block.go:136.9,138.4 1 0
github.com/emad-elsaid/xlog/markdown/parser/html_block.go:138.9,139.75 1 0
github.com/emad-elsaid/xlog/markdown/parser/html_block.go:139.75,141.4 1 0
github.com/emad-elsaid/xlog/markdown/parser/html_block.go:143.2,143.17 1 0
github.com/emad-elsaid/xlog/markdown/parser/html_block.go:143.17,144.74 1 0
github.com/emad-elsaid/xlog/markdown/parser/html_block.go:144.74,147.10 3 0
github.com/emad-elsaid/xlog/markdown/parser/html_block.go:147.10,149.5 1 0
github.com/emad-elsaid/xlog/markdown/parser/html_block.go:152.2,152.17 1 0
github.com/emad-elsaid/xlog/markdown/parser/html_block.go:152.17,156.3 3 0
github.com/emad-elsaid/xlog/markdown/parser/html_block.go:157.2,157.24 1 0
github.com/emad-elsaid/xlog/markdown/parser/html_block.go:160.89,166.33 5 0
github.com/emad-elsaid/xlog/markdown/parser/html_block.go:167.26,168.23 1 0
github.com/emad-elsaid/xlog/markdown/parser/html_block.go:168.23,170.73 2 0
github.com/emad-elsaid/xlog/markdown/parser/html_block.go:170.73,172.5 1 0
github.com/emad-elsaid/xlog/markdown/parser/html_block.go:174.3,174.44 1 0
github.com/emad-elsaid/xlog/markdown/parser/html_block.go:174.44,178.4 3 0
github.com/emad-elsaid/xlog/markdown/parser/html_block.go:179.26,181.14 2 0
github.com/emad-elsaid/xlog/markdown/parser/html_block.go:182.26,183.28 1 0
github.com/emad-elsaid/xlog/markdown/parser/html_block.go:183.28,185.4 1 0
github.com/emad-elsaid/xlog/markdown/parser/html_block.go:186.3,186.14 1 0
github.com/emad-elsaid/xlog/markdown/parser/html_block.go:187.26,188.28 1 0
github.com/emad-elsaid/xlog/markdown/parser/html_block.go:188.28,190.4 1 0
github.com/emad-elsaid/xlog/markdown/parser/html_block.go:191.3,191.14 1 0
github.com/emad-elsaid/xlog/markdown/parser/html_block.go:192.26,193.28 1 0
github.com/emad-elsaid/xlog/markdown/parser/html_block.go:193.28,195.4 1 0
github.com/emad-elsaid/xlog/markdown/parser/html_block.go:197.3,197.23 1 0
github.com/emad-elsaid/xlog/markdown/parser/html_block.go:197.23,199.72 2 0
github.com/emad-elsaid/xlog/markdown/parser/html_block.go:199.72,201.5 1 0
github.com/emad-elsaid/xlog/markdown/parser/html_block.go:203.3,203.43 1 0
github.com/emad-elsaid/xlog/markdown/parser/html_block.go:203.43,207.4 3 0
github.com/emad-elsaid/xlog/markdown/parser/html_block.go:209.46,210.25 1 0
github.com/emad-elsaid/xlog/markdown/parser/html_block.go:210.25,212.4 1 0
github.com/emad-elsaid/xlog/markdown/parser/html_block.go:214.2,216.30 3 0
github.com/emad-elsaid/xlog/markdown/parser/html_block.go:219.81,221.2 0 0
github.com/emad-elsaid/xlog/markdown/parser/html_block.go:223.56,225.2 1 0
github.com/emad-elsaid/xlog/markdown/parser/html_block.go:227.56,229.2 1 0
github.com/emad-elsaid/xlog/markdown/parser/link.go:30.76,35.2 1 0
github.com/emad-elsaid/xlog/markdown/parser/link.go:37.53,39.2 1 0
github.com/emad-elsaid/xlog/markdown/parser/link.go:41.57,43.2 1 0
github.com/emad-elsaid/xlog/markdown/parser/link.go:47.46,49.2 1 0
github.com/emad-elsaid/xlog/markdown/parser/link.go:51.50,52.49 1 0
github.com/emad-elsaid/xlog/markdown/parser/link.go:52.49,54.3 1 0
github.com/emad-elsaid/xlog/markdown/parser/link.go:55.2,55.52 1 0
github.com/emad-elsaid/xlog/markdown/parser/link.go:58.56,61.18 3 0
github.com/emad-elsaid/xlog/markdown/parser/link.go:61.18,66.3 4 0
github.com/emad-elsaid/xlog/markdown/parser/link.go:66.8,72.3 5 0
github.com/emad-elsaid/xlog/markdown/parser/link.go:75.58,78.18 3 0
github.com/emad-elsaid/xlog/markdown/parser/link.go:78.18,80.3 1 0
github.com/emad-elsaid/xlog/markdown/parser/link.go:81.2,83.19 2 0
github.com/emad-elsaid/xlog/markdown/parser/link.go:83.19,85.18 2 0
github.com/emad-elsaid/xlog/markdown/parser/link.go:85.18,90.4 4 0
github.com/emad-elsaid/xlog/markdown/parser/link.go:90.9,92.4 1 0
github.com/emad-elsaid/xlog/markdown/parser/link.go:93.8,95.20 2 0
github.com/emad-elsaid/xlog/markdown/parser/link.go:95.20,97.4 1 0
github.com/emad-elsaid/xlog/markdown/parser/link.go:99.2,99.34 1 0
github.com/emad-elsaid/xlog/markdown/parser/link.go:99.34,101.3 1 0
github.com/emad-elsaid/xlog/markdown/parser/link.go:102.2,105.14 4 0
github.com/emad-elsaid/xlog/markdown/parser/link.go:114.35,116.2 1 0
github.com/emad-elsaid/xlog/markdown/parser/link.go:118.39,120.2 1 0
github.com/emad-elsaid/xlog/markdown/parser/link.go:124.85,126.20 2 0
github.com/emad-elsaid/xlog/markdown/parser/link.go:126.20,127.38 1 0
github.com/emad-elsaid/xlog/markdown/parser/link.go:127.38,131.4 3 0
github.com/emad-elsaid/xlog/markdown/parser/link.go:132.3,132.13 1 0
github.com/emad-elsaid/xlog/markdown/parser/link.go:134.2,134.20 1 0
github.com/emad-elsaid/xlog/markdown/parser/link.go:134.20,137.3 2 0
github.com/emad-elsaid/xlog/markdown/parser/link.go:140.2,141.18 2 0
github.com/emad-elsaid/xlog/markdown/parser/link.go:141.18,143.3 1 0
github.com/emad-elsaid/xlog/markdown/parser/link.go:144.2,145.17 2 0
github.com/emad-elsaid/xlog/markdown/parser/link.go:145.17,148.3 2 0
github.com/emad-elsaid/xlog/markdown/parser/link.go:149.2,153.57 3 0
github.com/emad-elsaid/xlog/markdown/parser/link.go:153.57,157.3 3 0
github.com/emad-elsaid/xlog/markdown/parser/link.go:159.2,159.43 1 0
github.com/emad-elsaid/xlog/markdown/parser/link.go:159.43,163.3 3 0
github.com/emad-elsaid/xlog/markdown/parser/link.go:165.2,169.14 5 0
github.com/emad-elsaid/xlog/markdown/parser/link.go:169.14,171.3 1 0
github.com/emad-elsaid/xlog/markdown/parser/link.go:171.8,171.21 1 0
github.com/emad-elsaid/xlog/markdown/parser/link.go:171.21,173.30 2 0
github.com/emad-elsaid/xlog/markdown/parser/link.go:173.30,177.4 3 0
github.com/emad-elsaid/xlog/markdown/parser/link.go:180.2,180.17 1 0
github.com/emad-elsaid/xlog/markdown/parser/link.go:180.17,187.32 4 0
github.com/emad-elsaid/xlog/markdown/parser/link.go:187.32,191.4 3 0
github.com/emad-elsaid/xlog/markdown/parser/link.go:193.3,194.10 2 0
github.com/emad-elsaid/xlog/markdown/parser/link.go:194.10,198.4 3 0
github.com/emad-elsaid/xlog/markdown/parser/link.go:199.3,202.39 4 0
github.com/emad-elsaid/xlog/markdown/parser/link.go:204.2,204.18 1 0
github.com/emad-elsaid/xlog/markdown/parser/link.go:204.18,207.3 2 0
github.com/emad-elsaid/xlog/markdown/parser/link.go:208.2,209.13 2 0
github.com/emad-elsaid/xlog/markdown/parser/link.go:212.52,213.14 1 0
github.com/emad-elsaid/xlog/markdown/parser/link.go:213.14,215.3 1 0
github.com/emad-elsaid/xlog/markdown/parser/link.go:216.2,216.44 1 0
github.com/emad-elsaid/xlog/markdown/parser/link.go:216.44,217.33 1 0
github.com/emad-elsaid/xlog/markdown/parser/link.go:217.33,219.4 1 0
github.com/emad-elsaid/xlog/markdown/parser/link.go:220.3,220.37 1 0
github.com/emad-elsaid/xlog/markdown/parser/link.go:220.37,222.4 1 0
github.com/emad-elsaid/xlog/markdown/parser/link.go:224.2,224.14 1 0
github.com/emad-elsaid/xlog/markdown/parser/link.go:227.97,229.13 2 0
github.com/emad-elsaid/xlog/markdown/parser/link.go:229.13,231.3 1 0
github.com/emad-elsaid/xlog/markdown/parser/link.go:232.2,235.14 4 0
github.com/emad-elsaid/xlog/markdown/parser/link.go:238.106,241.41 3 0
github.com/emad-elsaid/xlog/markdown/parser/link.go:241.41,246.3 4 0
github.com/emad-elsaid/xlog/markdown/parser/link.go:256.51,260.12 4 0
github.com/emad-elsaid/xlog/markdown/parser/link.go:260.12,262.3 1 0
github.com/emad-elsaid/xlog/markdown/parser/link.go:264.2,265.25 2 0
github.com/emad-elsaid/xlog/markdown/parser/link.go:265.25,267.3 1 0
github.com/emad-elsaid/xlog/markdown/parser/link.go:267.8,269.39 2 0
github.com/emad-elsaid/xlog/markdown/parser/link.go:269.39,272.4 2 0
github.com/emad-elsaid/xlog/markdown/parser/link.go:274.2,274.34 1 0
github.com/emad-elsaid/xlog/markdown/parser/link.go:274.34,277.3 2 0
github.com/emad-elsaid/xlog/markdown/parser/link.go:280.2,280.31 1 0
github.com/emad-elsaid/xlog/markdown/parser/link.go:280.31,282.3 1 0
github.com/emad-elsaid/xlog/markdown/parser/link.go:284.2,285.9 2 0
github.com/emad-elsaid/xlog/markdown/parser/link.go:285.9,287.3 1 0
github.com/emad-elsaid/xlog/markdown/parser/link.go:289.2,293.19 5 0
github.com/emad-elsaid/xlog/markdown/parser/link.go:296.112,302.25 6 0
github.com/emad-elsaid/xlog/markdown/parser/link.go:302.25,304.3 1 0
github.com/emad-elsaid/xlog/markdown/parser/link.go:304.8,306.10 2 0
github.com/emad-elsaid/xlog/markdown/parser/link.go:306.10,308.4 1 0
github.com/emad-elsaid/xlog/markdown/parser/link.go:309.3,310.26 2 0
github.com/emad-elsaid/xlog/markdown/parser/link.go:310.26,312.4 1 0
github.com/emad-elsaid/xlog/markdown/parser/link.go:312.9,314.11 2 0
github.com/emad-elsaid/xlog/markdown/parser/link.go:314.11,316.5 1 0
github.com/emad-elsaid/xlog/markdown/parser/link.go:317.4,318.27 2 0
github.com/emad-elsaid/xlog/markdown/parser/link.go:318.27,320.5 1 0
github.com/emad-elsaid/xlog/markdown/parser/link.go:320.10,322.5 1 0
github.com/emad-elsaid/xlog/markdown/parser/link.go:326.2,330.13 5 0
github.com/emad-elsaid/xlog/markdown/parser/link.go:333.61,336.25 3 0
github.com/emad-elsaid/xlog/markdown/parser/link.go:336.25,338.21 2 0
github.com/emad-elsaid/xlog/markdown/parser/link.go:338.21,340.63 2 0
github.com/emad-elsaid/xlog/markdown/parser/link.go:340.63,342.13 2 0
github.com/emad-elsaid/xlog/markdown/parser/link.go:343.10,343.23 1 0
github.com/emad-elsaid/xlog/markdown/parser/link.go:343.23,346.5 2 0
github.com/emad-elsaid/xlog/markdown/parser/link.go:347.4,347.7 1 0
github.com/emad-elsaid/xlog/markdown/parser/link.go:349.3,349.20 1 0
github.com/emad-elsaid/xlog/markdown/parser/link.go:351.2,354.20 3 0
github.com/emad-elsaid/xlog/markdown/parser/link.go:354.20,356.10 2 0
github.com/emad-elsaid/xlog/markdown/parser/link.go:357.64,359.12 2 0
github.com/emad-elsaid/xlog/markdown/parser/link.go:360.17,361.12 1 0
github.com/emad-elsaid/xlog/markdown/parser/link.go:362.17,364.18 2 0
github.com/emad-elsaid/xlog/markdown/parser/link.go:364.18,365.15 1 0
github.com/emad-elsaid/xlog/markdown/parser/link.go:367.24,368.14 1 0
github.com/emad-elsaid/xlog/markdown/parser/link.go:370.3,370.6 1 0
github.com/emad-elsaid/xlog/markdown/parser/link.go:372.2,373.37 2 0
github.com/emad-elsaid/xlog/markdown/parser/link.go:376.55,379.54 3 0
github.com/emad-elsaid/xlog/markdown/parser/link.go:379.54,381.3 1 0
github.com/emad-elsaid/xlog/markdown/parser/link.go:382.2,383.19 2 0
github.com/emad-elsaid/xlog/markdown/parser/link.go:383.19,385.3 1 0
github.com/emad-elsaid/xlog/markdown/parser/link.go:386.2,388.11 3 0
github.com/emad-elsaid/xlog/markdown/parser/link.go:388.11,389.26 1 0
github.com/emad-elsaid/xlog/markdown/parser/link.go:389.26,391.4 1 0
github.com/emad-elsaid/xlog/markdown/parser/link.go:392.3,393.39 2 0
github.com/emad-elsaid/xlog/markdown/parser/link.go:393.39,396.4 2 0
github.com/emad-elsaid/xlog/markdown/parser/link.go:397.3,397.21 1 0
github.com/emad-elsaid/xlog/markdown/parser/link.go:399.2,399.19 1 0
github.com/emad-elsaid/xlog/markdown/parser/link.go:402.33,405.20 3 0
github.com/emad-elsaid/xlog/markdown/parser/link.go:405.20,408.3 2 0
github.com/emad-elsaid/xlog/markdown/parser/link.go:409.2,409.39 1 0
github.com/emad-elsaid/xlog/markdown/parser/link.go:409.39,412.3 2 0
github.com/emad-elsaid/xlog/markdown/parser/link.go:413.2,413.55 1 0
github.com/emad-elsaid/xlog/markdown/parser/link.go:416.41,418.20 2 0
github.com/emad-elsaid/xlog/markdown/parser/link.go:418.20,420.3 1 0
github.com/emad-elsaid/xlog/markdown/parser/link.go:421.2,421.37 1 0
github.com/emad-elsaid/xlog/markdown/parser/link.go:421.37,424.3 2 0
github.com/emad-elsaid/xlog/markdown/parser/link.go:425.2,428.16 4 0
github.com/emad-elsaid/xlog/markdown/parser/link.go:429.9,430.26 1 0
github.com/emad-elsaid/xlog/markdown/parser/link.go:431.9,432.27 1 0
github.com/emad-elsaid/xlog/markdown/parser/link.go:433.10,434.36 1 0
github.com/emad-elsaid/xlog/markdown/parser/link.go:436.2,436.10 1 0
github.com/emad-elsaid/xlog/markdown/parser/link.go:439.81,442.18 3 0
github.com/emad-elsaid/xlog/markdown/parser/link.go:442.18,444.3 1 0
github.com/emad-elsaid/xlog/markdown/parser/link.go:445.2,445.46 1 0
github.com/emad-elsaid/xlog/markdown/parser/link.go:445.46,450.3 4 0
github.com/emad-elsaid/xlog/markdown/parser/link_ref.go:16.108,20.6 4 0
github.com/emad-elsaid/xlog/markdown/parser/link_ref.go:20.6,22.17 2 0
github.com/emad-elsaid/xlog/markdown/parser/link_ref.go:22.17,23.20 1 0
github.com/emad-elsaid/xlog/markdown/parser/link_ref.go:23.20,25.5 1 0
github.com/emad-elsaid/xlog/markdown/parser/link_ref.go:26.4,27.12 2 0
github.com/emad-elsaid/xlog/markdown/parser/link_ref.go:29.3,29.8 1 0
github.com/emad-elsaid/xlog/markdown/parser/link_ref.go:32.2,33.33 2 0
github.com/emad-elsaid/xlog/markdown/parser/link_ref.go:33.33,34.23 1 0
github.com/emad-elsaid/xlog/markdown/parser/link_ref.go:34.23,35.9 1 0
github.com/emad-elsaid/xlog/markdown/parser/link_ref.go:37.3,40.21 4 0
github.com/emad-elsaid/xlog/markdown/parser/link_ref.go:43.2,43.22 1 0
github.com/emad-elsaid/xlog/markdown/parser/link_ref.go:43.22,48.3 4 0
github.com/emad-elsaid/xlog/markdown/parser/link_ref.go:50.2,50.22 1 0
github.com/emad-elsaid/xlog/markdown/parser/link_ref.go:53.77,56.17 3 0
github.com/emad-elsaid/xlog/markdown/parser/link_ref.go:56.17,58.3 1 0
github.com/emad-elsaid/xlog/markdown/parser/link_ref.go:59.2,61.15 3 0
github.com/emad-elsaid/xlog/markdown/parser/link_ref.go:61.15,63.3 1 0
github.com/emad-elsaid/xlog/markdown/parser/link_ref.go:64.2,64.16 1 0
github.com/emad-elsaid/xlog/markdown/parser/link_ref.go:64.16,66.3 1 0
github.com/emad-elsaid/xlog/markdown/parser/link_ref.go:67.2,67.22 1 0
github.com/emad-elsaid/xlog/markdown/parser/link_ref.go:67.22,69.3 1 0
github.com/emad-elsaid/xlog/markdown/parser/link_ref.go:70.2,72.12 3 0
github.com/emad-elsaid/xlog/markdown/parser/link_ref.go:72.12,74.3 1 0
github.com/emad-elsaid/xlog/markdown/parser/link_ref.go:75.2,76.25 2 0
github.com/emad-elsaid/xlog/markdown/parser/link_ref.go:76.25,78.3 1 0
github.com/emad-elsaid/xlog/markdown/parser/link_ref.go:78.8,79.39 1 0
github.com/emad-elsaid/xlog/markdown/parser/link_ref.go:79.39,82.4 2 0
github.com/emad-elsaid/xlog/markdown/parser/link_ref.go:84.2,84.25 1 0
github.com/emad-elsaid/xlog/markdown/parser/link_ref.go:84.25,86.3 1 0
github.com/emad-elsaid/xlog/markdown/parser/link_ref.go:87.2,87.25 1 0
github.com/emad-elsaid/xlog/markdown/parser/link_ref.go:87.25,89.3 1 0
github.com/emad-elsaid/xlog/markdown/parser/link_ref.go:90.2,93.9 4 0
github.com/emad-elsaid/xlog/markdown/parser/link_ref.go:93.9,95.3 1 0
github.com/emad-elsaid/xlog/markdown/parser/link_ref.go:96.2,102.54 6 0
github.com/emad-elsaid/xlog/markdown/parser/link_ref.go:102.54,103.17 1 0
github.com/emad-elsaid/xlog/markdown/parser/link_ref.go:103.17,105.4 1 0
github.com/emad-elsaid/xlog/markdown/parser/link_ref.go:106.3,108.32 3 0
github.com/emad-elsaid/xlog/markdown/parser/link_ref.go:110.2,110.17 1 0
github.com/emad-elsaid/xlog/markdown/parser/link_ref.go:110.17,112.3 1 0
github.com/emad-elsaid/xlog/markdown/parser/link_ref.go:113.2,115.19 3 0
github.com/emad-elsaid/xlog/markdown/parser/link_ref.go:115.19,117.3 1 0
github.com/emad-elsaid/xlog/markdown/parser/link_ref.go:118.2,119.12 2 0
github.com/emad-elsaid/xlog/markdown/parser/link_ref.go:119.12,120.17 1 0
github.com/emad-elsaid/xlog/markdown/parser/link_ref.go:120.17,122.4 1 0
github.com/emad-elsaid/xlog/markdown/parser/link_ref.go:123.3,126.32 4 0
github.com/emad-elsaid/xlog/markdown/parser/link_ref.go:128.2,129.25 2 0
github.com/emad-elsaid/xlog/markdown/parser/link_ref.go:129.25,131.3 1 0
github.com/emad-elsaid/xlog/markdown/parser/link_ref.go:131.8,132.39 1 0
github.com/emad-elsaid/xlog/markdown/parser/link_ref.go:132.39,135.4 2 0
github.com/emad-elsaid/xlog/markdown/parser/link_ref.go:138.2,139.40 2 0
github.com/emad-elsaid/xlog/markdown/parser/link_ref.go:139.40,140.17 1 0
github.com/emad-elsaid/xlog/markdown/parser/link_ref.go:140.17,142.4 1 0
github.com/emad-elsaid/xlog/markdown/parser/link_ref.go:143.3,145.28 3 0
github.com/emad-elsaid/xlog/markdown/parser/link_ref.go:148.2,151.31 4 0
github.com/emad-elsaid/xlog/markdown/parser/list.go:26.56,30.37 4 0
github.com/emad-elsaid/xlog/markdown/parser/list.go:30.37,32.16 2 0
github.com/emad-elsaid/xlog/markdown/parser/list.go:32.16,34.4 1 0
github.com/emad-elsaid/xlog/markdown/parser/list.go:36.2,36.11 1 0
github.com/emad-elsaid/xlog/markdown/parser/list.go:36.11,38.3 1 0
github.com/emad-elsaid/xlog/markdown/parser/list.go:39.2,43.9 5 0
github.com/emad-elsaid/xlog/markdown/parser/list.go:44.69,47.19 3 0
github.com/emad-elsaid/xlog/markdown/parser/list.go:48.13,49.47 1 0
github.com/emad-elsaid/xlog/markdown/parser/list.go:49.48,50.4 0 0
github.com/emad-elsaid/xlog/markdown/parser/list.go:51.3,52.44 2 0
github.com/emad-elsaid/xlog/markdown/parser/list.go:52.44,54.4 1 0
github.com/emad-elsaid/xlog/markdown/parser/list.go:55.3,55.50 1 0
github.com/emad-elsaid/xlog/markdown/parser/list.go:55.50,58.4 2 0
github.com/emad-elsaid/xlog/markdown/parser/list.go:58.9,60.4 1 0
github.com/emad-elsaid/xlog/markdown/parser/list.go:61.3,61.20 1 0
github.com/emad-elsaid/xlog/markdown/parser/list.go:62.10,63.22 1 0
github.com/emad-elsaid/xlog/markdown/parser/list.go:65.2,65.30 1 0
github.com/emad-elsaid/xlog/markdown/parser/list.go:65.30,67.13 2 0
github.com/emad-elsaid/xlog/markdown/parser/list.go:67.13,69.4 1 0
github.com/emad-elsaid/xlog/markdown/parser/list.go:71.2,71.12 1 0
github.com/emad-elsaid/xlog/markdown/parser/list.go:71.12,75.3 3 0
github.com/emad-elsaid/xlog/markdown/parser/list.go:76.2,78.47 3 0
github.com/emad-elsaid/xlog/markdown/parser/list.go:78.47,80.3 1 0
github.com/emad-elsaid/xlog/markdown/parser/list.go:81.2,81.17 1 0
github.com/emad-elsaid/xlog/markdown/parser/list.go:84.73,86.55 2 0
github.com/emad-elsaid/xlog/markdown/parser/list.go:86.55,88.3 1 0
github.com/emad-elsaid/xlog/markdown/parser/list.go:89.2,89.19 1 0
github.com/emad-elsaid/xlog/markdown/parser/list.go:92.54,94.53 2 0
github.com/emad-elsaid/xlog/markdown/parser/list.go:94.53,96.3 1 0
github.com/emad-elsaid/xlog/markdown/parser/list.go:96.8,98.17 2 0
github.com/emad-elsaid/xlog/markdown/parser/list.go:98.17,100.4 1 0
github.com/emad-elsaid/xlog/markdown/parser/list.go:102.2,102.15 1 0
github.com/emad-elsaid/xlog/markdown/parser/list.go:105.36,107.22 2 0
github.com/emad-elsaid/xlog/markdown/parser/list.go:107.22,109.3 1 0
github.com/emad-elsaid/xlog/markdown/parser/list.go:110.2,110.10 1 0
github.com/emad-elsaid/xlog/markdown/parser/list.go:121.34,123.2 1 0
github.com/emad-elsaid/xlog/markdown/parser/list.go:125.39,127.2 1 0
github.com/emad-elsaid/xlog/markdown/parser/list.go:129.94,131.73 2 0
github.com/emad-elsaid/xlog/markdown/parser/list.go:131.73,134.3 2 0
github.com/emad-elsaid/xlog/markdown/parser/list.go:135.2,137.20 3 0
github.com/emad-elsaid/xlog/markdown/parser/list.go:137.20,139.3 1 0
github.com/emad-elsaid/xlog/markdown/parser/list.go:140.2,141.24 2 0
github.com/emad-elsaid/xlog/markdown/parser/list.go:141.24,144.3 2 0
github.com/emad-elsaid/xlog/markdown/parser/list.go:146.2,146.54 1 0
github.com/emad-elsaid/xlog/markdown/parser/list.go:146.54,148.39 1 0
github.com/emad-elsaid/xlog/markdown/parser/list.go:148.39,150.4 1 0
github.com/emad-elsaid/xlog/markdown/parser/list.go:152.3,152.60 1 0
github.com/emad-elsaid/xlog/markdown/parser/list.go:152.60,154.4 1 0
github.com/emad-elsaid/xlog/markdown/parser/list.go:157.2,159.16 3 0
github.com/emad-elsaid/xlog/markdown/parser/list.go:159.16,161.3 1 0
github.com/emad-elsaid/xlog/markdown/parser/list.go:162.2,163.26 2 0
github.com/emad-elsaid/xlog/markdown/parser/list.go:166.84,169.24 3 0
github.com/emad-elsaid/xlog/markdown/parser/list.go:169.24,170.41 1 0
github.com/emad-elsaid/xlog/markdown/parser/list.go:170.41,172.4 1 0
github.com/emad-elsaid/xlog/markdown/parser/list.go:173.3,173.32 1 0
github.com/emad-elsaid/xlog/markdown/parser/list.go:196.2,200.36 4 0
github.com/emad-elsaid/xlog/markdown/parser/list.go:200.36,201.17 1 0
github.com/emad-elsaid/xlog/markdown/parser/list.go:201.17,203.45 2 0
github.com/emad-elsaid/xlog/markdown/parser/list.go:203.45,205.54 2 0
github.com/emad-elsaid/xlog/markdown/parser/list.go:205.54,207.6 1 0
github.com/emad-elsaid/xlog/markdown/parser/list.go:209.5,209.46 1 0
github.com/emad-elsaid/xlog/markdown/parser/list.go:209.46,212.31 3 0
github.com/emad-elsaid/xlog/markdown/parser/list.go:212.31,214.25 2 0
github.com/emad-elsaid/xlog/markdown/parser/list.go:214.25,216.8 1 0
github.com/emad-elsaid/xlog/markdown/parser/list.go:218.6,218.20 1 0
github.com/emad-elsaid/xlog/markdown/parser/list.go:218.20,220.7 1 0
github.com/emad-elsaid/xlog/markdown/parser/list.go:222.5,222.34 1 0
github.com/emad-elsaid/xlog/markdown/parser/list.go:225.3,225.19 1 0
github.com/emad-elsaid/xlog/markdown/parser/list.go:225.19,227.4 1 0
github.com/emad-elsaid/xlog/markdown/parser/list.go:230.2,230.36 1 0
github.com/emad-elsaid/xlog/markdown/parser/list.go:230.36,232.3 1 0
github.com/emad-elsaid/xlog/markdown/parser/list.go:242.2,242.48 1 0
github.com/emad-elsaid/xlog/markdown/parser/list.go:242.48,244.3 1 0
github.com/emad-elsaid/xlog/markdown/parser/list.go:245.2,245.31 1 0
github.com/emad-elsaid/xlog/markdown/parser/list.go:248.75,251.76 2 0
github.com/emad-elsaid/xlog/markdown/parser/list.go:251.76,252.63 1 0
github.com/emad-elsaid/xlog/markdown/parser/list.go:252.63,253.77 1 0
github.com/emad-elsaid/xlog/markdown/parser/list.go:253.77,254.35 1 0
github.com/emad-elsaid/xlog/markdown/parser/list.go:254.35,256.11 2 0
github.com/emad-elsaid/xlog/markdown/parser/list.go:260.3,260.29 1 0
github.com/emad-elsaid/xlog/markdown/parser/list.go:260.29,261.33 1 0
github.com/emad-elsaid/xlog/markdown/parser/list.go:261.33,263.5 1 0
github.com/emad-elsaid/xlog/markdown/parser/list.go:267.2,267.18 1 0
github.com/emad-elsaid/xlog/markdown/parser/list.go:267.18,268.77 1 0
github.com/emad-elsaid/xlog/markdown/parser/list.go:268.77,269.45 1 0
github.com/emad-elsaid/xlog/markdown/parser/list.go:269.45,272.11 3 0
github.com/emad-elsaid/xlog/markdown/parser/list.go:272.11,276.6 3 0
github.com/emad-elsaid/xlog/markdown/parser/list.go:282.51,284.2 1 0
github.com/emad-elsaid/xlog/markdown/parser/list.go:286.51,288.2 1 0
github.com/emad-elsaid/xlog/markdown/parser/list_item.go:16.38,18.2 1 0
github.com/emad-elsaid/xlog/markdown/parser/list_item.go:20.43,22.2 1 0
github.com/emad-elsaid/xlog/markdown/parser/list_item.go:24.98,26.10 2 0
github.com/emad-elsaid/xlog/markdown/parser/list_item.go:26.10,28.3 1 0
github.com/emad-elsaid/xlog/markdown/parser/list_item.go:29.2,32.20 4 0
github.com/emad-elsaid/xlog/markdown/parser/list_item.go:32.20,34.3 1 0
github.com/emad-elsaid/xlog/markdown/parser/list_item.go:35.2,35.25 1 0
github.com/emad-elsaid/xlog/markdown/parser/list_item.go:35.25,37.3 1 0
github.com/emad-elsaid/xlog/markdown/parser/list_item.go:39.2,43.59 4 0
github.com/emad-elsaid/xlog/markdown/parser/list_item.go:43.59,45.3 1 0
github.com/emad-elsaid/xlog/markdown/parser/list_item.go:47.2,50.26 4 0
github.com/emad-elsaid/xlog/markdown/parser/list_item.go:53.88,55.24 2 0
github.com/emad-elsaid/xlog/markdown/parser/list_item.go:55.24,58.3 2 0
github.com/emad-elsaid/xlog/markdown/parser/list_item.go:60.2,63.48 4 0
github.com/emad-elsaid/xlog/markdown/parser/list_item.go:63.48,66.21 2 0
github.com/emad-elsaid/xlog/markdown/parser/list_item.go:66.21,69.4 2 0
github.com/emad-elsaid/xlog/markdown/parser/list_item.go:70.3,70.15 1 0
github.com/emad-elsaid/xlog/markdown/parser/list_item.go:70.15,72.4 1 0
github.com/emad-elsaid/xlog/markdown/parser/list_item.go:74.2,77.31 3 0
github.com/emad-elsaid/xlog/markdown/parser/list_item.go:80.80,82.2 0 0
github.com/emad-elsaid/xlog/markdown/parser/list_item.go:84.55,86.2 1 0
github.com/emad-elsaid/xlog/markdown/parser/list_item.go:88.55,90.2 1 0
github.com/emad-elsaid/xlog/markdown/parser/paragraph.go:16.39,18.2 1 0
github.com/emad-elsaid/xlog/markdown/parser/paragraph.go:20.44,22.2 1 0
github.com/emad-elsaid/xlog/markdown/parser/paragraph.go:24.99,27.23 3 0
github.com/emad-elsaid/xlog/markdown/parser/paragraph.go:27.23,29.3 1 0
github.com/emad-elsaid/xlog/markdown/parser/paragraph.go:30.2,33.25 4 0
github.com/emad-elsaid/xlog/markdown/parser/paragraph.go:36.89,38.24 2 0
github.com/emad-elsaid/xlog/markdown/parser/paragraph.go:38.24,40.3 1 0
github.com/emad-elsaid/xlog/markdown/parser/paragraph.go:41.2,43.30 3 0
github.com/emad-elsaid/xlog/markdown/parser/paragraph.go:46.80,48.22 2 0
github.com/emad-elsaid/xlog/markdown/parser/paragraph.go:48.22,50.36 1 0
github.com/emad-elsaid/xlog/markdown/parser/paragraph.go:50.36,53.4 2 0
github.com/emad-elsaid/xlog/markdown/parser/paragraph.go:56.3,58.71 3 0
github.com/emad-elsaid/xlog/markdown/parser/paragraph.go:60.2,60.22 1 0
github.com/emad-elsaid/xlog/markdown/parser/paragraph.go:60.22,63.3 2 0
github.com/emad-elsaid/xlog/markdown/parser/paragraph.go:66.56,68.2 1 0
github.com/emad-elsaid/xlog/markdown/parser/paragraph.go:70.56,72.2 1 0
github.com/emad-elsaid/xlog/markdown/parser/parser.go:36.63,38.2 1 0
github.com/emad-elsaid/xlog/markdown/parser/parser.go:40.36,42.2 1 0
github.com/emad-elsaid/xlog/markdown/parser/parser.go:44.42,46.2 1 0
github.com/emad-elsaid/xlog/markdown/parser/parser.go:48.36,50.2 1 0
github.com/emad-elsaid/xlog/markdown/parser/parser.go:52.37,54.2 1 0
github.com/emad-elsaid/xlog/markdown/parser/parser.go:69.19,73.2 1 0
github.com/emad-elsaid/xlog/markdown/parser/parser.go:75.64,79.30 4 0
github.com/emad-elsaid/xlog/markdown/parser/parser.go:79.30,83.13 4 0
github.com/emad-elsaid/xlog/markdown/parser/parser.go:83.13,84.12 1 0
github.com/emad-elsaid/xlog/markdown/parser/parser.go:86.3,86.29 1 0
github.com/emad-elsaid/xlog/markdown/parser/parser.go:86.29,87.28 1 0
github.com/emad-elsaid/xlog/markdown/parser/parser.go:87.28,89.5 1 0
github.com/emad-elsaid/xlog/markdown/parser/parser.go:90.4,90.30 1 0
github.com/emad-elsaid/xlog/markdown/parser/parser.go:91.9,91.53 1 0
github.com/emad-elsaid/xlog/markdown/parser/parser.go:91.53,93.4 1 0
github.com/emad-elsaid/xlog/markdown/parser/parser.go:95.2,95.22 1 0
github.com/emad-elsaid/xlog/markdown/parser/parser.go:95.22,96.30 1 0
github.com/emad-elsaid/xlog/markdown/parser/parser.go:96.30,98.4 1 0
github.com/emad-elsaid/xlog/markdown/parser/parser.go:98.9,100.4 1 0
github.com/emad-elsaid/xlog/markdown/parser/parser.go:102.2,102.64 1 0
github.com/emad-elsaid/xlog/markdown/parser/parser.go:102.64,105.3 2 0
github.com/emad-elsaid/xlog/markdown/parser/parser.go:106.2,106.20 1 0
github.com/emad-elsaid/xlog/markdown/parser/parser.go:106.20,108.40 2 0
github.com/emad-elsaid/xlog/markdown/parser/parser.go:108.40,111.4 2 0
github.com/emad-elsaid/xlog/markdown/parser/parser.go:116.33,118.2 1 0
github.com/emad-elsaid/xlog/markdown/parser/parser.go:127.33,130.2 2 1
github.com/emad-elsaid/xlog/markdown/parser/parser.go:216.37,217.32 1 0
github.com/emad-elsaid/xlog/markdown/parser/parser.go:217.32,219.3 1 0
github.com/emad-elsaid/xlog/markdown/parser/parser.go:234.51,238.33 2 0
github.com/emad-elsaid/xlog/markdown/parser/parser.go:238.33,240.3 1 0
github.com/emad-elsaid/xlog/markdown/parser/parser.go:242.2,251.3 1 0
github.com/emad-elsaid/xlog/markdown/parser/parser.go:254.48,256.2 1 0
github.com/emad-elsaid/xlog/markdown/parser/parser.go:258.74,260.14 2 0
github.com/emad-elsaid/xlog/markdown/parser/parser.go:260.14,263.3 2 0
github.com/emad-elsaid/xlog/markdown/parser/parser.go:264.2,264.10 1 0
github.com/emad-elsaid/xlog/markdown/parser/parser.go:267.55,269.2 1 0
github.com/emad-elsaid/xlog/markdown/parser/parser.go:271.34,273.2 1 0
github.com/emad-elsaid/xlog/markdown/parser/parser.go:275.42,277.2 1 0
github.com/emad-elsaid/xlog/markdown/parser/parser.go:279.46,281.2 1 0
github.com/emad-elsaid/xlog/markdown/parser/parser.go:283.42,285.2 1 0
github.com/emad-elsaid/xlog/markdown/parser/parser.go:287.46,289.2 1 0
github.com/emad-elsaid/xlog/markdown/parser/parser.go:291.51,293.2 1 0
github.com/emad-elsaid/xlog/markdown/parser/parser.go:295.52,297.2 1 0
github.com/emad-elsaid/xlog/markdown/parser/parser.go:299.52,300.25 1 0
github.com/emad-elsaid/xlog/markdown/parser/parser.go:300.25,303.3 2 0
github.com/emad-elsaid/xlog/markdown/parser/parser.go:303.8,308.3 4 0
github.com/emad-elsaid/xlog/markdown/parser/parser.go:311.54,312.32 1 0
github.com/emad-elsaid/xlog/markdown/parser/parser.go:312.32,314.3 1 0
github.com/emad-elsaid/xlog/markdown/parser/parser.go:314.8,316.29 2 0
github.com/emad-elsaid/xlog/markdown/parser/parser.go:316.29,318.4 1 0
github.com/emad-elsaid/xlog/markdown/parser/parser.go:320.2,320.28 1 0
github.com/emad-elsaid/xlog/markdown/parser/parser.go:320.28,322.3 1 0
github.com/emad-elsaid/xlog/markdown/parser/parser.go:323.2,323.25 1 0
github.com/emad-elsaid/xlog/markdown/parser/parser.go:323.25,325.3 1 0
github.com/emad-elsaid/xlog/markdown/parser/parser.go:326.2,326.28 1 0
github.com/emad-elsaid/xlog/markdown/parser/parser.go:326.28,328.3 1 0
github.com/emad-elsaid/xlog/markdown/parser/parser.go:329.2,331.19 3 0
github.com/emad-elsaid/xlog/markdown/parser/parser.go:331.19,333.3 1 0
github.com/emad-elsaid/xlog/markdown/parser/parser.go:333.8,335.3 1 0
github.com/emad-elsaid/xlog/markdown/parser/parser.go:338.57,339.28 1 0
github.com/emad-elsaid/xlog/markdown/parser/parser.go:339.28,341.3 1 0
github.com/emad-elsaid/xlog/markdown/parser/parser.go:342.2,343.52 2 0
github.com/emad-elsaid/xlog/markdown/parser/parser.go:343.52,345.34 2 0
github.com/emad-elsaid/xlog/markdown/parser/parser.go:345.34,347.4 1 0
github.com/emad-elsaid/xlog/markdown/parser/parser.go:348.3,348.11 1 0
github.com/emad-elsaid/xlog/markdown/parser/parser.go:352.52,354.31 2 0
github.com/emad-elsaid/xlog/markdown/parser/parser.go:354.31,356.3 1 0
github.com/emad-elsaid/xlog/markdown/parser/parser.go:359.66,362.2 2 0
github.com/emad-elsaid/xlog/markdown/parser/parser.go:364.49,366.27 2 0
github.com/emad-elsaid/xlog/markdown/parser/parser.go:366.27,368.3 1 0
github.com/emad-elsaid/xlog/markdown/parser/parser.go:369.2,369.12 1 0
github.com/emad-elsaid/xlog/markdown/parser/parser.go:372.40,374.27 2 0
github.com/emad-elsaid/xlog/markdown/parser/parser.go:374.27,376.3 1 0
github.com/emad-elsaid/xlog/markdown/parser/parser.go:378.2,378.85 1 0
github.com/emad-elsaid/xlog/markdown/parser/parser.go:381.47,383.2 1 0
github.com/emad-elsaid/xlog/markdown/parser/parser.go:385.51,387.2 1 0
github.com/emad-elsaid/xlog/markdown/parser/parser.go:389.48,390.38 1 0
github.com/emad-elsaid/xlog/markdown/parser/parser.go:390.38,392.3 1 0
github.com/emad-elsaid/xlog/markdown/parser/parser.go:393.2,393.16 1 0
github.com/emad-elsaid/xlog/markdown/parser/parser.go:396.45,399.2 2 0
github.com/emad-elsaid/xlog/markdown/parser/parser.go:438.26,446.2 1 0
github.com/emad-elsaid/xlog/markdown/parser/parser.go:462.52,464.2 1 0
github.com/emad-elsaid/xlog/markdown/parser/parser.go:467.29,469.2 1 0
github.com/emad-elsaid/xlog/markdown/parser/parser.go:581.52,594.2 1 0
github.com/emad-elsaid/xlog/markdown/parser/parser.go:604.53,612.2 1 0
github.com/emad-elsaid/xlog/markdown/parser/parser.go:618.61,622.2 1 0
github.com/emad-elsaid/xlog/markdown/parser/parser.go:649.55,651.2 1 0
github.com/emad-elsaid/xlog/markdown/parser/parser.go:655.59,657.2 1 0
github.com/emad-elsaid/xlog/markdown/parser/parser.go:663.56,665.2 1 0
github.com/emad-elsaid/xlog/markdown/parser/parser.go:669.60,671.2 1 0
github.com/emad-elsaid/xlog/markdown/parser/parser.go:677.64,679.2 1 0
github.com/emad-elsaid/xlog/markdown/parser/parser.go:683.68,685.2 1 0
github.com/emad-elsaid/xlog/markdown/parser/parser.go:691.58,693.2 1 0
github.com/emad-elsaid/xlog/markdown/parser/parser.go:697.62,699.2 1 0
github.com/emad-elsaid/xlog/markdown/parser/parser.go:704.55,706.2 1 0
github.com/emad-elsaid/xlog/markdown/parser/parser.go:709.32,711.2 1 0
github.com/emad-elsaid/xlog/markdown/parser/parser.go:718.49,720.2 1 0
github.com/emad-elsaid/xlog/markdown/parser/parser.go:724.52,726.2 1 0
github.com/emad-elsaid/xlog/markdown/parser/parser.go:729.42,731.30 2 0
github.com/emad-elsaid/xlog/markdown/parser/parser.go:731.30,733.3 1 0
github.com/emad-elsaid/xlog/markdown/parser/parser.go:735.2,740.10 2 0
github.com/emad-elsaid/xlog/markdown/parser/parser.go:743.45,744.27 1 0
github.com/emad-elsaid/xlog/markdown/parser/parser.go:744.27,746.3 1 0
github.com/emad-elsaid/xlog/markdown/parser/parser.go:749.86,751.9 2 0
github.com/emad-elsaid/xlog/markdown/parser/parser.go:751.9,752.57 1 0
github.com/emad-elsaid/xlog/markdown/parser/parser.go:754.2,756.8 3 0
github.com/emad-elsaid/xlog/markdown/parser/parser.go:756.8,757.38 1 0
github.com/emad-elsaid/xlog/markdown/parser/parser.go:757.38,759.4 1 0
github.com/emad-elsaid/xlog/markdown/parser/parser.go:761.2,761.16 1 0
github.com/emad-elsaid/xlog/markdown/parser/parser.go:761.16,763.3 1 0
github.com/emad-elsaid/xlog/markdown/parser/parser.go:763.8,764.26 1 0
github.com/emad-elsaid/xlog/markdown/parser/parser.go:764.26,765.33 1 0
github.com/emad-elsaid/xlog/markdown/parser/parser.go:765.33,767.5 1 0
github.com/emad-elsaid/xlog/markdown/parser/parser.go:768.4,768.55 1 0
github.com/emad-elsaid/xlog/markdown/parser/parser.go:773.87,775.9 2 0
github.com/emad-elsaid/xlog/markdown/parser/parser.go:775.9,776.58 1 0
github.com/emad-elsaid/xlog/markdown/parser/parser.go:778.2,780.8 3 0
github.com/emad-elsaid/xlog/markdown/parser/parser.go:780.8,781.38 1 0
github.com/emad-elsaid/xlog/markdown/parser/parser.go:781.38,783.4 1 0
github.com/emad-elsaid/xlog/markdown/parser/parser.go:785.2,785.37 1 0
github.com/emad-elsaid/xlog/markdown/parser/parser.go:785.37,787.3 1 0
github.com/emad-elsaid/xlog/markdown/parser/parser.go:788.2,788.25 1 0
github.com/emad-elsaid/xlog/markdown/parser/parser.go:788.25,789.33 1 0
github.com/emad-elsaid/xlog/markdown/parser/parser.go:789.33,791.4 1 0
github.com/emad-elsaid/xlog/markdown/parser/parser.go:792.3,792.56 1 0
github.com/emad-elsaid/xlog/markdown/parser/parser.go:796.95,798.9 2 0
github.com/emad-elsaid/xlog/markdown/parser/parser.go:798.9,799.66 1 0
github.com/emad-elsaid/xlog/markdown/parser/parser.go:801.2,802.8 2 0
github.com/emad-elsaid/xlog/markdown/parser/parser.go:802.8,803.38 1 0
github.com/emad-elsaid/xlog/markdown/parser/parser.go:803.38,805.4 1 0
github.com/emad-elsaid/xlog/markdown/parser/parser.go:807.2,807.63 1 0
github.com/emad-elsaid/xlog/markdown/parser/parser.go:810.89,812.9 2 0
github.com/emad-elsaid/xlog/markdown/parser/parser.go:812.9,813.60 1 0
github.com/emad-elsaid/xlog/markdown/parser/parser.go:815.2,816.8 2 0
github.com/emad-elsaid/xlog/markdown/parser/parser.go:816.8,817.38 1 0
github.com/emad-elsaid/xlog/markdown/parser/parser.go:817.38,819.4 1 0
github.com/emad-elsaid/xlog/markdown/parser/parser.go:821.2,821.51 1 0
github.com/emad-elsaid/xlog/markdown/parser/parser.go:834.47,835.30 1 0
github.com/emad-elsaid/xlog/markdown/parser/parser.go:835.30,837.3 1 0
github.com/emad-elsaid/xlog/markdown/parser/parser.go:840.74,841.23 1 0
github.com/emad-elsaid/xlog/markdown/parser/parser.go:841.23,843.43 2 0
github.com/emad-elsaid/xlog/markdown/parser/parser.go:843.43,845.4 1 0
github.com/emad-elsaid/xlog/markdown/parser/parser.go:846.3,846.33 1 0
github.com/emad-elsaid/xlog/markdown/parser/parser.go:846.33,847.32 1 0
github.com/emad-elsaid/xlog/markdown/parser/parser.go:847.32,849.5 1 0
github.com/emad-elsaid/xlog/markdown/parser/parser.go:852.3,853.44 2 0
github.com/emad-elsaid/xlog/markdown/parser/parser.go:853.44,855.4 1 0
github.com/emad-elsaid/xlog/markdown/parser/parser.go:856.3,857.52 2 0
github.com/emad-elsaid/xlog/markdown/parser/parser.go:857.52,859.4 1 0
github.com/emad-elsaid/xlog/markdown/parser/parser.go:860.3,861.46 2 0
github.com/emad-elsaid/xlog/markdown/parser/parser.go:861.46,863.4 1 0
github.com/emad-elsaid/xlog/markdown/parser/parser.go:864.3,865.17 2 0
github.com/emad-elsaid/xlog/markdown/parser/parser.go:867.2,868.27 2 0
github.com/emad-elsaid/xlog/markdown/parser/parser.go:868.27,870.3 1 0
github.com/emad-elsaid/xlog/markdown/parser/parser.go:871.2,871.22 1 0
github.com/emad-elsaid/xlog/markdown/parser/parser.go:871.22,873.3 1 0
github.com/emad-elsaid/xlog/markdown/parser/parser.go:874.2,879.40 5 0
github.com/emad-elsaid/xlog/markdown/parser/parser.go:879.40,881.3 1 0
github.com/emad-elsaid/xlog/markdown/parser/parser.go:882.2,882.39 1 0
github.com/emad-elsaid/xlog/markdown/parser/parser.go:882.39,884.3 1 0
github.com/emad-elsaid/xlog/markdown/parser/parser.go:887.2,887.13 1 0
github.com/emad-elsaid/xlog/markdown/parser/parser.go:890.95,891.45 1 0
github.com/emad-elsaid/xlog/markdown/parser/parser.go:891.45,893.27 2 0
github.com/emad-elsaid/xlog/markdown/parser/parser.go:893.27,895.4 1 0
github.com/emad-elsaid/xlog/markdown/parser/parser.go:897.2,897.14 1 0
github.com/emad-elsaid/xlog/markdown/parser/parser.go:900.76,902.30 2 0
github.com/emad-elsaid/xlog/markdown/parser/parser.go:902.30,905.33 3 0
github.com/emad-elsaid/xlog/markdown/parser/parser.go:905.33,907.4 1 0
github.com/emad-elsaid/xlog/markdown/parser/parser.go:908.3,908.27 1 0
github.com/emad-elsaid/xlog/markdown/parser/parser.go:908.27,910.4 1 0
github.com/emad-elsaid/xlog/markdown/parser/parser.go:912.2,912.27 1 0
github.com/emad-elsaid/xlog/markdown/parser/parser.go:912.27,914.3 1 0
github.com/emad-elsaid/xlog/markdown/parser/parser.go:914.8,916.3 1 0
github.com/emad-elsaid/xlog/markdown/parser/parser.go:917.2,917.28 1 0
github.com/emad-elsaid/xlog/markdown/parser/parser.go:928.110,932.27 4 0
github.com/emad-elsaid/xlog/markdown/parser/parser.go:932.27,934.3 1 0
github.com/emad-elsaid/xlog/markdown/parser/parser.go:936.2,939.20 4 0
github.com/emad-elsaid/xlog/markdown/parser/parser.go:939.20,942.3 2 0
github.com/emad-elsaid/xlog/markdown/parser/parser.go:942.8,945.3 2 0
github.com/emad-elsaid/xlog/markdown/parser/parser.go:946.2,946.36 1 0
github.com/emad-elsaid/xlog/markdown/parser/parser.go:946.36,947.19 1 0
github.com/emad-elsaid/xlog/markdown/parser/parser.go:949.2,950.21 2 0
github.com/emad-elsaid/xlog/markdown/parser/parser.go:950.21,952.17 2 0
github.com/emad-elsaid/xlog/markdown/parser/parser.go:952.17,954.4 1 0
github.com/emad-elsaid/xlog/markdown/parser/parser.go:956.2,956.16 1 0
github.com/emad-elsaid/xlog/markdown/parser/parser.go:956.16,957.19 1 0
github.com/emad-elsaid/xlog/markdown/parser/parser.go:960.2,960.25 1 0
github.com/emad-elsaid/xlog/markdown/parser/parser.go:960.25,961.77 1 0
github.com/emad-elsaid/xlog/markdown/parser/parser.go:961.77,962.12 1 0
github.com/emad-elsaid/xlog/markdown/parser/parser.go:964.3,964.43 1 0
github.com/emad-elsaid/xlog/markdown/parser/parser.go:964.43,965.12 1 0
github.com/emad-elsaid/xlog/markdown/parser/parser.go:967.3,970.18 4 0
github.com/emad-elsaid/xlog/markdown/parser/parser.go:970.18,984.35 1 0
github.com/emad-elsaid/xlog/markdown/parser/parser.go:984.35,985.35 1 0
github.com/emad-elsaid/xlog/markdown/parser/parser.go:985.35,991.65 4 0
github.com/emad-elsaid/xlog/markdown/parser/parser.go:991.65,995.17 2 0
github.com/emad-elsaid/xlog/markdown/parser/parser.go:999.4,1000.43 2 0
github.com/emad-elsaid/xlog/markdown/parser/parser.go:1000.43,1003.5 2 0
github.com/emad-elsaid/xlog/markdown/parser/parser.go:1004.4,1008.30 5 0
github.com/emad-elsaid/xlog/markdown/parser/parser.go:1008.30,1010.15 2 0
github.com/emad-elsaid/xlog/markdown/parser/parser.go:1012.4,1012.9 1 0
github.com/emad-elsaid/xlog/markdown/parser/parser.go:1017.2,1017.45 1 0
github.com/emad-elsaid/xlog/markdown/parser/parser.go:1017.45,1019.26 2 0
github.com/emad-elsaid/xlog/markdown/parser/parser.go:1019.26,1021.4 1 0
github.com/emad-elsaid/xlog/markdown/parser/parser.go:1023.2,1023.15 1 0
github.com/emad-elsaid/xlog/markdown/parser/parser.go:1032.61,1034.12 2 0
github.com/emad-elsaid/xlog/markdown/parser/parser.go:1034.12,1036.3 1 0
github.com/emad-elsaid/xlog/markdown/parser/parser.go:1037.2,1037.38 1 0
github.com/emad-elsaid/xlog/markdown/parser/parser.go:1037.38,1039.47 2 0
github.com/emad-elsaid/xlog/markdown/parser/parser.go:1039.47,1041.4 1 0
github.com/emad-elsaid/xlog/markdown/parser/parser.go:1041.9,1041.33 1 0
github.com/emad-elsaid/xlog/markdown/parser/parser.go:1041.33,1042.9 1 0
github.com/emad-elsaid/xlog/markdown/parser/parser.go:1045.2,1045.14 1 0
github.com/emad-elsaid/xlog/markdown/parser/parser.go:1048.79,1051.6 3 0
github.com/emad-elsaid/xlog/markdown/parser/parser.go:1051.6,1053.10 2 0
github.com/emad-elsaid/xlog/markdown/parser/parser.go:1053.10,1055.4 1 0
github.com/emad-elsaid/xlog/markdown/parser/parser.go:1057.3,1057.64 1 0
github.com/emad-elsaid/xlog/markdown/parser/parser.go:1057.64,1059.4 1 0
github.com/emad-elsaid/xlog/markdown/parser/parser.go:1060.3,1062.7 3 0
github.com/emad-elsaid/xlog/markdown/parser/parser.go:1062.7,1065.14 3 0
github.com/emad-elsaid/xlog/markdown/parser/parser.go:1065.14,1066.10 1 0
github.com/emad-elsaid/xlog/markdown/parser/parser.go:1068.4,1069.27 2 0
github.com/emad-elsaid/xlog/markdown/parser/parser.go:1069.27,1072.20 3 0
github.com/emad-elsaid/xlog/markdown/parser/parser.go:1072.20,1076.6 3 0
github.com/emad-elsaid/xlog/markdown/parser/parser.go:1077.5,1081.34 3 0
github.com/emad-elsaid/xlog/markdown/parser/parser.go:1081.34,1083.29 2 0
github.com/emad-elsaid/xlog/markdown/parser/parser.go:1083.29,1086.51 1 0
github.com/emad-elsaid/xlog/markdown/parser/parser.go:1086.51,1089.13 3 0
github.com/emad-elsaid/xlog/markdown/parser/parser.go:1091.7,1091.15 1 0
github.com/emad-elsaid/xlog/markdown/parser/parser.go:1095.5,1097.15 3 0
github.com/emad-elsaid/xlog/markdown/parser/parser.go:1097.15,1099.6 1 0
github.com/emad-elsaid/xlog/markdown/parser/parser.go:1100.5,1102.40 3 0
github.com/emad-elsaid/xlog/markdown/parser/parser.go:1102.40,1105.50 1 0
github.com/emad-elsaid/xlog/markdown/parser/parser.go:1105.50,1107.7 1 0
github.com/emad-elsaid/xlog/markdown/parser/parser.go:1108.6,1108.45 1 0
github.com/emad-elsaid/xlog/markdown/parser/parser.go:1110.5,1110.10 1 0
github.com/emad-elsaid/xlog/markdown/parser/parser.go:1113.4,1113.24 1 0
github.com/emad-elsaid/xlog/markdown/parser/parser.go:1118.68,1119.61 1 0
github.com/emad-elsaid/xlog/markdown/parser/parser.go:1119.61,1121.3 1 0
github.com/emad-elsaid/xlog/markdown/parser/parser.go:1122.2,1122.11 1 0
github.com/emad-elsaid/xlog/markdown/parser/parser.go:1131.82,1132.20 1 0
github.com/emad-elsaid/xlog/markdown/parser/parser.go:1132.20,1134.3 1 0
github.com/emad-elsaid/xlog/markdown/parser/parser.go:1135.2,1138.6 4 0
github.com/emad-elsaid/xlog/markdown/parser/parser.go:1138.6,1139.2 1 0
github.com/emad-elsaid/xlog/markdown/parser/parser.go:1140.3,1141.18 2 0
github.com/emad-elsaid/xlog/markdown/parser/parser.go:1141.18,1142.9 1 0
github.com/emad-elsaid/xlog/markdown/parser/parser.go:1144.3,1147.10 4 0
github.com/emad-elsaid/xlog/markdown/parser/parser.go:1149.98,1151.54 2 0
github.com/emad-elsaid/xlog/markdown/parser/parser.go:1154.15,1156.54 2 0
github.com/emad-elsaid/xlog/markdown/parser/parser.go:1158.15,1160.35 2 0
github.com/emad-elsaid/xlog/markdown/parser/parser.go:1162.45,1164.35 2 0
github.com/emad-elsaid/xlog/markdown/parser/parser.go:1165.19,1169.35 1 0
github.com/emad-elsaid/xlog/markdown/parser/parser.go:1172.3,1174.35 3 0
github.com/emad-elsaid/xlog/markdown/parser/parser.go:1174.35,1176.17 2 0
github.com/emad-elsaid/xlog/markdown/parser/parser.go:1176.17,1177.10 1 0
github.com/emad-elsaid/xlog/markdown/parser/parser.go:1179.4,1181.82 3 0
github.com/emad-elsaid/xlog/markdown/parser/parser.go:1181.82,1183.40 2 0
github.com/emad-elsaid/xlog/markdown/parser/parser.go:1183.40,1185.6 1 0
github.com/emad-elsaid/xlog/markdown/parser/parser.go:1186.5,1187.19 2 0
github.com/emad-elsaid/xlog/markdown/parser/parser.go:1187.19,1191.16 4 0
github.com/emad-elsaid/xlog/markdown/parser/parser.go:1191.16,1195.7 3 0
github.com/emad-elsaid/xlog/markdown/parser/parser.go:1196.6,1197.29 2 0
github.com/emad-elsaid/xlog/markdown/parser/parser.go:1197.29,1199.28 2 0
github.com/emad-elsaid/xlog/markdown/parser/parser.go:1199.28,1200.13 1 0
github.com/emad-elsaid/xlog/markdown/parser/parser.go:1202.7,1202.50 1 0
github.com/emad-elsaid/xlog/markdown/parser/parser.go:1204.6,1204.27 1 0
github.com/emad-elsaid/xlog/markdown/parser/parser.go:1204.27,1206.17 2 0
github.com/emad-elsaid/xlog/markdown/parser/parser.go:1210.4,1210.15 1 0
github.com/emad-elsaid/xlog/markdown/parser/parser.go:1210.15,1213.13 3 0
github.com/emad-elsaid/xlog/markdown/parser/parser.go:1216.4,1216.17 1 0
github.com/emad-elsaid/xlog/markdown/parser/parser.go:1216.17,1219.13 3 0
github.com/emad-elsaid/xlog/markdown/parser/parser.go:1222.4,1223.7 2 0
github.com/emad-elsaid/xlog/markdown/parser/parser.go:1225.3,1225.13 1 0
github.com/emad-elsaid/xlog/markdown/parser/parser.go:1225.13,1227.4 1 0
github.com/emad-elsaid/xlog/markdown/parser/parser.go:1228.3,1229.20 2 0
github.com/emad-elsaid/xlog/markdown/parser/parser.go:1229.20,1230.12 1 0
github.com/emad-elsaid/xlog/markdown/parser/parser.go:1232.3,1234.88 3 0
github.com/emad-elsaid/xlog/markdown/parser/parser.go:1234.88,1236.4 1 0
github.com/emad-elsaid/xlog/markdown/parser/parser.go:1236.9,1238.4 1 0
github.com/emad-elsaid/xlog/markdown/parser/parser.go:1239.3,1242.22 4 0
github.com/emad-elsaid/xlog/markdown/parser/parser.go:1245.2,1246.37 2 0
github.com/emad-elsaid/xlog/markdown/parser/parser.go:1246.37,1248.3 1 0
github.com/emad-elsaid/xlog/markdown/parser/raw_html.go:19.38,21.2 1 0
github.com/emad-elsaid/xlog/markdown/parser/raw_html.go:23.42,25.2 1 0
github.com/emad-elsaid/xlog/markdown/parser/raw_html.go:27.88,29.51 2 0
github.com/emad-elsaid/xlog/markdown/parser/raw_html.go:29.51,31.3 1 0
github.com/emad-elsaid/xlog/markdown/parser/raw_html.go:32.2,32.69 1 0
github.com/emad-elsaid/xlog/markdown/parser/raw_html.go:32.69,34.3 1 0
github.com/emad-elsaid/xlog/markdown/parser/raw_html.go:35.2,35.40 1 0
github.com/emad-elsaid/xlog/markdown/parser/raw_html.go:35.40,37.3 1 0
github.com/emad-elsaid/xlog/markdown/parser/raw_html.go:38.2,38.54 1 0
github.com/emad-elsaid/xlog/markdown/parser/raw_html.go:38.54,40.3 1 0
github.com/emad-elsaid/xlog/markdown/parser/raw_html.go:41.2,41.73 1 0
github.com/emad-elsaid/xlog/markdown/parser/raw_html.go:41.73,43.3 1 0
github.com/emad-elsaid/xlog/markdown/parser/raw_html.go:44.2,44.38 1 0
github.com/emad-elsaid/xlog/markdown/parser/raw_html.go:44.38,46.3 1 0
github.com/emad-elsaid/xlog/markdown/parser/raw_html.go:47.2,47.12 1 0
github.com/emad-elsaid/xlog/markdown/parser/raw_html.go:66.78,70.42 4 0
github.com/emad-elsaid/xlog/markdown/parser/raw_html.go:70.42,74.3 3 0
github.com/emad-elsaid/xlog/markdown/parser/raw_html.go:75.2,75.42 1 0
github.com/emad-elsaid/xlog/markdown/parser/raw_html.go:75.42,79.3 3 0
github.com/emad-elsaid/xlog/markdown/parser/raw_html.go:80.2,82.6 3 0
github.com/emad-elsaid/xlog/markdown/parser/raw_html.go:82.6,84.17 2 0
github.com/emad-elsaid/xlog/markdown/parser/raw_html.go:84.17,88.4 3 0
github.com/emad-elsaid/xlog/markdown/parser/raw_html.go:89.3,93.18 5 0
github.com/emad-elsaid/xlog/markdown/parser/raw_html.go:93.18,94.9 1 0
github.com/emad-elsaid/xlog/markdown/parser/raw_html.go:97.2,98.12 2 0
github.com/emad-elsaid/xlog/markdown/parser/raw_html.go:101.91,104.6 3 0
github.com/emad-elsaid/xlog/markdown/parser/raw_html.go:104.6,106.18 2 0
github.com/emad-elsaid/xlog/markdown/parser/raw_html.go:106.18,107.9 1 0
github.com/emad-elsaid/xlog/markdown/parser/raw_html.go:109.3,110.17 2 0
github.com/emad-elsaid/xlog/markdown/parser/raw_html.go:110.17,114.4 3 0
github.com/emad-elsaid/xlog/markdown/parser/raw_html.go:115.3,116.22 2 0
github.com/emad-elsaid/xlog/markdown/parser/raw_html.go:118.2,119.12 2 0
github.com/emad-elsaid/xlog/markdown/parser/raw_html.go:122.106,124.22 2 0
github.com/emad-elsaid/xlog/markdown/parser/raw_html.go:124.22,128.7 4 0
github.com/emad-elsaid/xlog/markdown/parser/raw_html.go:128.7,130.19 2 0
github.com/emad-elsaid/xlog/markdown/parser/raw_html.go:130.19,131.10 1 0
github.com/emad-elsaid/xlog/markdown/parser/raw_html.go:133.4,135.18 3 0
github.com/emad-elsaid/xlog/markdown/parser/raw_html.go:135.18,137.5 1 0
github.com/emad-elsaid/xlog/markdown/parser/raw_html.go:138.4,139.18 2 0
github.com/emad-elsaid/xlog/markdown/parser/raw_html.go:139.18,141.5 1 0
github.com/emad-elsaid/xlog/markdown/parser/raw_html.go:143.4,144.18 2 0
github.com/emad-elsaid/xlog/markdown/parser/raw_html.go:144.18,146.10 2 0
github.com/emad-elsaid/xlog/markdown/parser/raw_html.go:148.4,148.23 1 0
github.com/emad-elsaid/xlog/markdown/parser/raw_html.go:150.3,150.14 1 0
github.com/emad-elsaid/xlog/markdown/parser/raw_html.go:152.2,152.12 1 0
github.com/emad-elsaid/xlog/markdown/parser/setext_headings.go:15.56,19.15 4 0
github.com/emad-elsaid/xlog/markdown/parser/setext_headings.go:19.15,21.3 1 0
github.com/emad-elsaid/xlog/markdown/parser/setext_headings.go:22.2,26.17 5 0
github.com/emad-elsaid/xlog/markdown/parser/setext_headings.go:26.17,29.3 2 0
github.com/emad-elsaid/xlog/markdown/parser/setext_headings.go:30.2,30.31 1 0
github.com/emad-elsaid/xlog/markdown/parser/setext_headings.go:30.31,32.3 1 0
github.com/emad-elsaid/xlog/markdown/parser/setext_headings.go:33.2,33.83 1 0
github.com/emad-elsaid/xlog/markdown/parser/setext_headings.go:33.83,35.3 1 0
github.com/emad-elsaid/xlog/markdown/parser/setext_headings.go:36.2,36.16 1 0
github.com/emad-elsaid/xlog/markdown/parser/setext_headings.go:40.64,42.25 2 0
github.com/emad-elsaid/xlog/markdown/parser/setext_headings.go:42.25,44.3 1 0
github.com/emad-elsaid/xlog/markdown/parser/setext_headings.go:45.2,45.10 1 0
github.com/emad-elsaid/xlog/markdown/parser/setext_headings.go:48.48,50.2 1 0
github.com/emad-elsaid/xlog/markdown/parser/setext_headings.go:52.103,54.17 2 0
github.com/emad-elsaid/xlog/markdown/parser/setext_headings.go:54.17,56.3 1 0
github.com/emad-elsaid/xlog/markdown/parser/setext_headings.go:57.2,58.41 2 0
github.com/emad-elsaid/xlog/markdown/parser/setext_headings.go:58.41,60.3 1 0
github.com/emad-elsaid/xlog/markdown/parser/setext_headings.go:61.2,63.9 3 0
github.com/emad-elsaid/xlog/markdown/parser/setext_headings.go:63.9,65.3 1 0
github.com/emad-elsaid/xlog/markdown/parser/setext_headings.go:66.2,67.14 2 0
github.com/emad-elsaid/xlog/markdown/parser/setext_headings.go:67.14,69.3 1 0
github.com/emad-elsaid/xlog/markdown/parser/setext_headings.go:70.2,73.44 4 0
github.com/emad-elsaid/xlog/markdown/parser/setext_headings.go:76.93,78.2 1 0
github.com/emad-elsaid/xlog/markdown/parser/setext_headings.go:80.84,86.28 6 0
github.com/emad-elsaid/xlog/markdown/parser/setext_headings.go:86.28,89.44 3 0
github.com/emad-elsaid/xlog/markdown/parser/setext_headings.go:89.44,93.4 3 0
github.com/emad-elsaid/xlog/markdown/parser/setext_headings.go:93.9,95.4 1 0
github.com/emad-elsaid/xlog/markdown/parser/setext_headings.go:96.3,96.58 1 0
github.com/emad-elsaid/xlog/markdown/parser/setext_headings.go:97.8,101.16 4 0
github.com/emad-elsaid/xlog/markdown/parser/setext_headings.go:101.16,103.4 1 0
github.com/emad-elsaid/xlog/markdown/parser/setext_headings.go:106.2,106.17 1 0
github.com/emad-elsaid/xlog/markdown/parser/setext_headings.go:106.17,108.3 1 0
github.com/emad-elsaid/xlog/markdown/parser/setext_headings.go:110.2,110.21 1 0
github.com/emad-elsaid/xlog/markdown/parser/setext_headings.go:110.21,112.10 2 0
github.com/emad-elsaid/xlog/markdown/parser/setext_headings.go:112.10,114.4 1 0
github.com/emad-elsaid/xlog/markdown/parser/setext_headings.go:114.9,116.4 1 0
github.com/emad-elsaid/xlog/markdown/parser/setext_headings.go:120.60,122.2 1 0
github.com/emad-elsaid/xlog/markdown/parser/setext_headings.go:124.60,126.2 1 0
github.com/emad-elsaid/xlog/markdown/parser/thematic_break.go:16.43,18.2 1 0
github.com/emad-elsaid/xlog/markdown/parser/thematic_break.go:20.52,22.11 2 0
github.com/emad-elsaid/xlog/markdown/parser/thematic_break.go:22.11,24.3 1 0
github.com/emad-elsaid/xlog/markdown/parser/thematic_break.go:25.2,27.35 3 0
github.com/emad-elsaid/xlog/markdown/parser/thematic_break.go:27.35,29.22 2 0
github.com/emad-elsaid/xlog/markdown/parser/thematic_break.go:29.22,30.12 1 0
github.com/emad-elsaid/xlog/markdown/parser/thematic_break.go:32.3,32.16 1 0
github.com/emad-elsaid/xlog/markdown/parser/thematic_break.go:32.16,35.49 3 0
github.com/emad-elsaid/xlog/markdown/parser/thematic_break.go:35.49,36.13 1 0
github.com/emad-elsaid/xlog/markdown/parser/thematic_break.go:38.4,38.16 1 0
github.com/emad-elsaid/xlog/markdown/parser/thematic_break.go:40.3,40.16 1 0
github.com/emad-elsaid/xlog/markdown/parser/thematic_break.go:40.16,42.4 1 0
github.com/emad-elsaid/xlog/markdown/parser/thematic_break.go:43.3,43.10 1 0
github.com/emad-elsaid/xlog/markdown/parser/thematic_break.go:45.2,45.18 1 0
github.com/emad-elsaid/xlog/markdown/parser/thematic_break.go:48.48,50.2 1 0
github.com/emad-elsaid/xlog/markdown/parser/thematic_break.go:52.103,54.48 2 0
github.com/emad-elsaid/xlog/markdown/parser/thematic_break.go:54.48,57.3 2 0
github.com/emad-elsaid/xlog/markdown/parser/thematic_break.go:58.2,58.24 1 0
github.com/emad-elsaid/xlog/markdown/parser/thematic_break.go:61.93,63.2 1 0
github.com/emad-elsaid/xlog/markdown/parser/thematic_break.go:65.85,67.2 0 0
github.com/emad-elsaid/xlog/markdown/parser/thematic_break.go:69.60,71.2 1 0
github.com/emad-elsaid/xlog/markdown/parser/thematic_break.go:73.60,75.2 1 0
github.com/emad-elsaid/xlog/extensions/todo/extension.go:9.13,11.2 1 1
github.com/emad-elsaid/xlog/extensions/todo/extension.go:15.27,15.44 1 0
github.com/emad-elsaid/xlog/extensions/todo/extension.go:16.20,21.22 2 0
github.com/emad-elsaid/xlog/extensions/todo/extension.go:21.22,24.3 2 0
github.com/emad-elsaid/xlog/extensions/todo/handler.go:13.38,15.35 2 0
github.com/emad-elsaid/xlog/extensions/todo/handler.go:15.35,17.3 1 0
github.com/emad-elsaid/xlog/extensions/todo/handler.go:19.2,20.16 2 0
github.com/emad-elsaid/xlog/extensions/todo/handler.go:20.16,22.3 1 0
github.com/emad-elsaid/xlog/extensions/todo/handler.go:24.2,25.30 2 0
github.com/emad-elsaid/xlog/extensions/todo/handler.go:25.30,27.3 1 0
github.com/emad-elsaid/xlog/extensions/todo/handler.go:29.2,30.37 2 0
github.com/emad-elsaid/xlog/extensions/todo/handler.go:30.37,32.3 1 0
github.com/emad-elsaid/xlog/extensions/todo/handler.go:34.2,36.20 3 0
github.com/emad-elsaid/xlog/extensions/todo/renderer.go:16.91,18.2 1 0
github.com/emad-elsaid/xlog/extensions/todo/renderer.go:20.142,21.15 1 0
github.com/emad-elsaid/xlog/extensions/todo/renderer.go:21.15,23.3 1 0
github.com/emad-elsaid/xlog/extensions/todo/renderer.go:25.2,30.17 4 0
github.com/emad-elsaid/xlog/extensions/todo/renderer.go:30.17,32.3 1 0
github.com/emad-elsaid/xlog/extensions/todo/renderer.go:34.2,34.21 1 0
github.com/emad-elsaid/xlog/extensions/todo/renderer.go:34.21,36.3 1 0
github.com/emad-elsaid/xlog/extensions/todo/renderer.go:36.8,36.42 1 0
github.com/emad-elsaid/xlog/extensions/todo/renderer.go:36.42,37.31 1 0
github.com/emad-elsaid/xlog/extensions/todo/renderer.go:37.31,45.4 2 0
github.com/emad-elsaid/xlog/extensions/todo/renderer.go:48.2,49.30 2 0
github.com/emad-elsaid/xlog/markdown/renderer/html/html.go:26.25,34.2 1 0
github.com/emad-elsaid/xlog/markdown/renderer/html/html.go:37.65,38.14 1 0
github.com/emad-elsaid/xlog/markdown/renderer/html/html.go:39.20,40.29 1 0
github.com/emad-elsaid/xlog/markdown/renderer/html/html.go:41.30,42.54 1 0
github.com/emad-elsaid/xlog/markdown/renderer/html/html.go:43.16,44.25 1 0
github.com/emad-elsaid/xlog/markdown/renderer/html/html.go:45.17,46.26 1 0
github.com/emad-elsaid/xlog/markdown/renderer/html/html.go:47.21,48.28 1 0
github.com/emad-elsaid/xlog/markdown/renderer/html/html.go:64.52,66.2 1 0
github.com/emad-elsaid/xlog/markdown/renderer/html/html.go:68.47,70.2 1 0
github.com/emad-elsaid/xlog/markdown/renderer/html/html.go:77.3,79.2 1 0
github.com/emad-elsaid/xlog/markdown/renderer/html/html.go:87.55,89.2 1 0
github.com/emad-elsaid/xlog/markdown/renderer/html/html.go:91.50,93.2 1 0
github.com/emad-elsaid/xlog/markdown/renderer/html/html.go:100.3,102.2 1 0
github.com/emad-elsaid/xlog/markdown/renderer/html/html.go:119.91,120.11 1 0
github.com/emad-elsaid/xlog/markdown/renderer/html/html.go:121.31,122.15 1 0
github.com/emad-elsaid/xlog/markdown/renderer/html/html.go:123.33,124.97 1 0
github.com/emad-elsaid/xlog/markdown/renderer/html/html.go:125.36,126.83 1 0
github.com/emad-elsaid/xlog/markdown/renderer/html/html.go:128.2,128.14 1 0
github.com/emad-elsaid/xlog/markdown/renderer/html/html.go:131.95,140.62 1 0
github.com/emad-elsaid/xlog/markdown/renderer/html/html.go:140.62,142.3 1 0
github.com/emad-elsaid/xlog/markdown/renderer/html/html.go:147.2,154.43 3 0
github.com/emad-elsaid/xlog/markdown/renderer/html/html.go:154.43,156.3 1 0
github.com/emad-elsaid/xlog/markdown/renderer/html/html.go:162.2,167.32 1 0
github.com/emad-elsaid/xlog/markdown/renderer/html/html.go:167.32,169.3 1 0
github.com/emad-elsaid/xlog/markdown/renderer/html/html.go:173.2,173.13 1 0
github.com/emad-elsaid/xlog/markdown/renderer/html/html.go:180.65,182.2 1 0
github.com/emad-elsaid/xlog/markdown/renderer/html/html.go:184.60,186.2 1 0
github.com/emad-elsaid/xlog/markdown/renderer/html/html.go:193.3,195.2 1 0
github.com/emad-elsaid/xlog/markdown/renderer/html/html.go:203.51,205.2 1 0
github.com/emad-elsaid/xlog/markdown/renderer/html/html.go:207.46,209.2 1 0
github.com/emad-elsaid/xlog/markdown/renderer/html/html.go:216.3,218.2 1 0
github.com/emad-elsaid/xlog/markdown/renderer/html/html.go:226.52,228.2 1 0
github.com/emad-elsaid/xlog/markdown/renderer/html/html.go:230.47,232.2 1 0
github.com/emad-elsaid/xlog/markdown/renderer/html/html.go:239.3,241.2 1 0
github.com/emad-elsaid/xlog/markdown/renderer/html/html.go:250.56,255.27 2 0
github.com/emad-elsaid/xlog/markdown/renderer/html/html.go:255.27,257.3 1 0
github.com/emad-elsaid/xlog/markdown/renderer/html/html.go:258.2,258.10 1 0
github.com/emad-elsaid/xlog/markdown/renderer/html/html.go:262.75,287.2 19 0
github.com/emad-elsaid/xlog/markdown/renderer/html/html.go:289.76,291.25 2 0
github.com/emad-elsaid/xlog/markdown/renderer/html/html.go:291.25,294.3 2 0
github.com/emad-elsaid/xlog/markdown/renderer/html/html.go:301.89,304.2 1 0
github.com/emad-elsaid/xlog/markdown/renderer/html/html.go:310.89,312.14 2 0
github.com/emad-elsaid/xlog/markdown/renderer/html/html.go:312.14,315.28 3 0
github.com/emad-elsaid/xlog/markdown/renderer/html/html.go:315.28,317.4 1 0
github.com/emad-elsaid/xlog/markdown/renderer/html/html.go:318.3,318.23 1 0
github.com/emad-elsaid/xlog/markdown/renderer/html/html.go:319.8,323.3 3 0
github.com/emad-elsaid/xlog/markdown/renderer/html/html.go:324.2,324.30 1 0
github.com/emad-elsaid/xlog/markdown/renderer/html/html.go:331.86,332.14 1 0
github.com/emad-elsaid/xlog/markdown/renderer/html/html.go:332.14,333.28 1 0
github.com/emad-elsaid/xlog/markdown/renderer/html/html.go:333.28,337.4 3 0
github.com/emad-elsaid/xlog/markdown/renderer/html/html.go:337.9,339.4 1 0
github.com/emad-elsaid/xlog/markdown/renderer/html/html.go:340.8,342.3 1 0
github.com/emad-elsaid/xlog/markdown/renderer/html/html.go:343.2,343.30 1 0
github.com/emad-elsaid/xlog/markdown/renderer/html/html.go:346.120,347.14 1 0
github.com/emad-elsaid/xlog/markdown/renderer/html/html.go:347.14,350.3 2 0
github.com/emad-elsaid/xlog/markdown/renderer/html/html.go:350.8,352.3 1 0
github.com/emad-elsaid/xlog/markdown/renderer/html/html.go:353.2,353.30 1 0
github.com/emad-elsaid/xlog/markdown/renderer/html/html.go:357.89,359.14 2 0
github.com/emad-elsaid/xlog/markdown/renderer/html/html.go:359.14,362.22 3 0
github.com/emad-elsaid/xlog/markdown/renderer/html/html.go:362.22,366.4 3 0
github.com/emad-elsaid/xlog/markdown/renderer/html/html.go:367.3,368.29 2 0
github.com/emad-elsaid/xlog/markdown/renderer/html/html.go:369.8,371.3 1 0
github.com/emad-elsaid/xlog/markdown/renderer/html/html.go:372.2,372.30 1 0
github.com/emad-elsaid/xlog/markdown/renderer/html/html.go:376.89,378.14 2 0
github.com/emad-elsaid/xlog/markdown/renderer/html/html.go:378.14,379.15 1 0
github.com/emad-elsaid/xlog/markdown/renderer/html/html.go:379.15,381.27 2 0
github.com/emad-elsaid/xlog/markdown/renderer/html/html.go:381.27,384.5 2 0
github.com/emad-elsaid/xlog/markdown/renderer/html/html.go:385.9,387.4 1 0
github.com/emad-elsaid/xlog/markdown/renderer/html/html.go:388.8,389.21 1 0
github.com/emad-elsaid/xlog/markdown/renderer/html/html.go:389.21,390.16 1 0
github.com/emad-elsaid/xlog/markdown/renderer/html/html.go:390.16,393.5 2 0
github.com/emad-elsaid/xlog/markdown/renderer/html/html.go:393.10,395.5 1 0
github.com/emad-elsaid/xlog/markdown/renderer/html/html.go:398.2,398.30 1 0
github.com/emad-elsaid/xlog/markdown/renderer/html/html.go:404.118,407.19 3 0
github.com/emad-elsaid/xlog/markdown/renderer/html/html.go:407.19,409.3 1 0
github.com/emad-elsaid/xlog/markdown/renderer/html/html.go:410.2,410.14 1 0
github.com/emad-elsaid/xlog/markdown/renderer/html/html.go:410.14,413.36 3 0
github.com/emad-elsaid/xlog/markdown/renderer/html/html.go:413.36,415.4 1 0
github.com/emad-elsaid/xlog/markdown/renderer/html/html.go:416.3,416.28 1 0
github.com/emad-elsaid/xlog/markdown/renderer/html/html.go:416.28,418.4 1 0
github.com/emad-elsaid/xlog/markdown/renderer/html/html.go:419.3,419.30 1 0
github.com/emad-elsaid/xlog/markdown/renderer/html/html.go:420.8,424.3 3 0
github.com/emad-elsaid/xlog/markdown/renderer/html/html.go:425.2,425.30 1 0
github.com/emad-elsaid/xlog/markdown/renderer/html/html.go:431.119,432.14 1 0
github.com/emad-elsaid/xlog/markdown/renderer/html/html.go:432.14,433.28 1 0
github.com/emad-elsaid/xlog/markdown/renderer/html/html.go:433.28,437.4 3 0
github.com/emad-elsaid/xlog/markdown/renderer/html/html.go:437.9,439.4 1 0
github.com/emad-elsaid/xlog/markdown/renderer/html/html.go:440.3,441.16 2 0
github.com/emad-elsaid/xlog/markdown/renderer/html/html.go:441.16,442.41 1 0
github.com/emad-elsaid/xlog/markdown/renderer/html/html.go:442.41,444.5 1 0
github.com/emad-elsaid/xlog/markdown/renderer/html/html.go:446.8,448.3 1 0
github.com/emad-elsaid/xlog/markdown/renderer/html/html.go:449.2,449.30 1 0
github.com/emad-elsaid/xlog/markdown/renderer/html/html.go:455.120,456.14 1 0
github.com/emad-elsaid/xlog/markdown/renderer/html/html.go:456.14,457.28 1 0
github.com/emad-elsaid/xlog/markdown/renderer/html/html.go:457.28,461.4 3 0
github.com/emad-elsaid/xlog/markdown/renderer/html/html.go:461.9,463.4 1 0
github.com/emad-elsaid/xlog/markdown/renderer/html/html.go:464.8,466.3 1 0
github.com/emad-elsaid/xlog/markdown/renderer/html/html.go:467.2,467.30 1 0
github.com/emad-elsaid/xlog/markdown/renderer/html/html.go:470.120,471.15 1 0
github.com/emad-elsaid/xlog/markdown/renderer/html/html.go:471.15,472.54 1 0
github.com/emad-elsaid/xlog/markdown/renderer/html/html.go:472.54,474.4 1 0
github.com/emad-elsaid/xlog/markdown/renderer/html/html.go:476.2,476.30 1 0
github.com/emad-elsaid/xlog/markdown/renderer/html/html.go:483.86,484.15 1 0
github.com/emad-elsaid/xlog/markdown/renderer/html/html.go:484.15,486.3 1 0
github.com/emad-elsaid/xlog/markdown/renderer/html/html.go:487.2,488.27 2 0
github.com/emad-elsaid/xlog/markdown/renderer/html/html.go:488.27,490.3 1 0
github.com/emad-elsaid/xlog/markdown/renderer/html/html.go:491.2,491.13 1 0
github.com/emad-elsaid/xlog/markdown/renderer/html/html.go:491.13,493.3 1 0
github.com/emad-elsaid/xlog/markdown/renderer/html/html.go:493.8,495.3 1 0
github.com/emad-elsaid/xlog/markdown/renderer/html/html.go:496.2,496.30 1 0
github.com/emad-elsaid/xlog/markdown/renderer/html/html.go:503.89,505.15 2 0
github.com/emad-elsaid/xlog/markdown/renderer/html/html.go:505.15,507.3 1 0
github.com/emad-elsaid/xlog/markdown/renderer/html/html.go:508.2,511.100 4 0
github.com/emad-elsaid/xlog/markdown/renderer/html/html.go:511.100,513.3 1 0
github.com/emad-elsaid/xlog/markdown/renderer/html/html.go:514.2,515.27 2 0
github.com/emad-elsaid/xlog/markdown/renderer/html/html.go:515.27,519.3 3 0
github.com/emad-elsaid/xlog/markdown/renderer/html/html.go:519.8,521.3 1 0
github.com/emad-elsaid/xlog/markdown/renderer/html/html.go:522.2,524.30 3 0
github.com/emad-elsaid/xlog/markdown/renderer/html/html.go:530.119,531.14 1 0
github.com/emad-elsaid/xlog/markdown/renderer/html/html.go:531.14,532.28 1 0
github.com/emad-elsaid/xlog/markdown/renderer/html/html.go:532.28,536.4 3 0
github.com/emad-elsaid/xlog/markdown/renderer/html/html.go:536.9,538.4 1 0
github.com/emad-elsaid/xlog/markdown/renderer/html/html.go:539.3,539.58 1 0
github.com/emad-elsaid/xlog/markdown/renderer/html/html.go:539.58,542.44 3 0
github.com/emad-elsaid/xlog/markdown/renderer/html/html.go:542.44,545.5 2 0
github.com/emad-elsaid/xlog/markdown/renderer/html/html.go:545.10,547.5 1 0
github.com/emad-elsaid/xlog/markdown/renderer/html/html.go:549.3,549.35 1 0
github.com/emad-elsaid/xlog/markdown/renderer/html/html.go:551.2,552.30 2 0
github.com/emad-elsaid/xlog/markdown/renderer/html/html.go:559.89,562.18 3 0
github.com/emad-elsaid/xlog/markdown/renderer/html/html.go:562.18,564.3 1 0
github.com/emad-elsaid/xlog/markdown/renderer/html/html.go:565.2,565.14 1 0
github.com/emad-elsaid/xlog/markdown/renderer/html/html.go:565.14,568.28 3 0
github.com/emad-elsaid/xlog/markdown/renderer/html/html.go:568.28,570.4 1 0
github.com/emad-elsaid/xlog/markdown/renderer/html/html.go:571.3,571.23 1 0
github.com/emad-elsaid/xlog/markdown/renderer/html/html.go:572.8,576.3 3 0
github.com/emad-elsaid/xlog/markdown/renderer/html/html.go:577.2,577.30 1 0
github.com/emad-elsaid/xlog/markdown/renderer/html/html.go:580.118,582.14 2 0
github.com/emad-elsaid/xlog/markdown/renderer/html/html.go:582.14,584.49 2 0
github.com/emad-elsaid/xlog/markdown/renderer/html/html.go:584.49,586.4 1 0
github.com/emad-elsaid/xlog/markdown/renderer/html/html.go:587.3,588.21 2 0
github.com/emad-elsaid/xlog/markdown/renderer/html/html.go:588.21,592.4 3 0
github.com/emad-elsaid/xlog/markdown/renderer/html/html.go:593.3,593.28 1 0
github.com/emad-elsaid/xlog/markdown/renderer/html/html.go:593.28,595.4 1 0
github.com/emad-elsaid/xlog/markdown/renderer/html/html.go:596.3,596.23 1 0
github.com/emad-elsaid/xlog/markdown/renderer/html/html.go:597.8,599.3 1 0
github.com/emad-elsaid/xlog/markdown/renderer/html/html.go:600.2,600.30 1 0
github.com/emad-elsaid/xlog/markdown/renderer/html/html.go:606.119,607.15 1 0
github.com/emad-elsaid/xlog/markdown/renderer/html/html.go:607.15,609.3 1 0
github.com/emad-elsaid/xlog/markdown/renderer/html/html.go:610.2,612.48 3 0
github.com/emad-elsaid/xlog/markdown/renderer/html/html.go:612.48,614.3 1 0
github.com/emad-elsaid/xlog/markdown/renderer/html/html.go:615.2,618.20 4 0
github.com/emad-elsaid/xlog/markdown/renderer/html/html.go:618.20,622.3 3 0
github.com/emad-elsaid/xlog/markdown/renderer/html/html.go:623.2,623.27 1 0
github.com/emad-elsaid/xlog/markdown/renderer/html/html.go:623.27,625.3 1 0
github.com/emad-elsaid/xlog/markdown/renderer/html/html.go:626.2,626.13 1 0
github.com/emad-elsaid/xlog/markdown/renderer/html/html.go:626.13,628.3 1 0
github.com/emad-elsaid/xlog/markdown/renderer/html/html.go:628.8,630.3 1 0
github.com/emad-elsaid/xlog/markdown/renderer/html/html.go:631.2,631.34 1 0
github.com/emad-elsaid/xlog/markdown/renderer/html/html.go:635.89,636.15 1 0
github.com/emad-elsaid/xlog/markdown/renderer/html/html.go:636.15,638.3 1 0
github.com/emad-elsaid/xlog/markdown/renderer/html/html.go:639.2,639.14 1 0
github.com/emad-elsaid/xlog/markdown/renderer/html/html.go:639.14,642.26 3 0
github.com/emad-elsaid/xlog/markdown/renderer/html/html.go:642.26,645.4 2 0
github.com/emad-elsaid/xlog/markdown/renderer/html/html.go:646.3,646.35 1 0
github.com/emad-elsaid/xlog/markdown/renderer/html/html.go:648.2,649.34 2 0
github.com/emad-elsaid/xlog/markdown/renderer/html/html.go:652.118,653.15 1 0
github.com/emad-elsaid/xlog/markdown/renderer/html/html.go:653.15,655.3 1 0
github.com/emad-elsaid/xlog/markdown/renderer/html/html.go:656.2,658.15 3 0
github.com/emad-elsaid/xlog/markdown/renderer/html/html.go:658.15,660.3 1 0
github.com/emad-elsaid/xlog/markdown/renderer/html/html.go:660.8,663.62 3 0
github.com/emad-elsaid/xlog/markdown/renderer/html/html.go:663.62,664.15 1 0
github.com/emad-elsaid/xlog/markdown/renderer/html/html.go:664.15,666.5 1 0
github.com/emad-elsaid/xlog/markdown/renderer/html/html.go:666.10,668.5 1 0
github.com/emad-elsaid/xlog/markdown/renderer/html/html.go:669.9,669.31 1 0
github.com/emad-elsaid/xlog/markdown/renderer/html/html.go:669.31,670.75 1 0
github.com/emad-elsaid/xlog/markdown/renderer/html/html.go:670.75,672.57 2 0
github.com/emad-elsaid/xlog/markdown/renderer/html/html.go:672.57,673.81 1 0
github.com/emad-elsaid/xlog/markdown/renderer/html/html.go:673.81,676.78 3 0
github.com/emad-elsaid/xlog/markdown/renderer/html/html.go:676.78,678.8 1 0
github.com/emad-elsaid/xlog/markdown/renderer/html/html.go:681.10,683.5 1 0
github.com/emad-elsaid/xlog/markdown/renderer/html/html.go:686.2,686.30 1 0
github.com/emad-elsaid/xlog/markdown/renderer/html/html.go:689.120,690.15 1 0
github.com/emad-elsaid/xlog/markdown/renderer/html/html.go:690.15,692.3 1 0
github.com/emad-elsaid/xlog/markdown/renderer/html/html.go:693.2,694.16 2 0
github.com/emad-elsaid/xlog/markdown/renderer/html/html.go:694.16,696.3 1 0
github.com/emad-elsaid/xlog/markdown/renderer/html/html.go:696.8,697.16 1 0
github.com/emad-elsaid/xlog/markdown/renderer/html/html.go:697.16,699.4 1 0
github.com/emad-elsaid/xlog/markdown/renderer/html/html.go:699.9,701.4 1 0
github.com/emad-elsaid/xlog/markdown/renderer/html/html.go:703.2,703.30 1 0
github.com/emad-elsaid/xlog/markdown/renderer/html/html.go:706.77,707.57 1 0
github.com/emad-elsaid/xlog/markdown/renderer/html/html.go:707.57,708.35 1 0
github.com/emad-elsaid/xlog/markdown/renderer/html/html.go:708.35,710.4 1 0
github.com/emad-elsaid/xlog/markdown/renderer/html/html.go:710.9,710.40 1 0
github.com/emad-elsaid/xlog/markdown/renderer/html/html.go:710.40,712.4 1 0
github.com/emad-elsaid/xlog/markdown/renderer/html/html.go:712.9,714.4 1 0
github.com/emad-elsaid/xlog/markdown/renderer/html/html.go:723.81,724.41 1 0
github.com/emad-elsaid/xlog/markdown/renderer/html/html.go:724.41,725.51 1 0
github.com/emad-elsaid/xlog/markdown/renderer/html/html.go:725.51,726.47 1 0
github.com/emad-elsaid/xlog/markdown/renderer/html/html.go:726.47,727.13 1 0
github.com/emad-elsaid/xlog/markdown/renderer/html/html.go:730.3,735.37 5 0
github.com/emad-elsaid/xlog/markdown/renderer/html/html.go:736.15,737.17 1 0
github.com/emad-elsaid/xlog/markdown/renderer/html/html.go:738.15,739.45 1 0
github.com/emad-elsaid/xlog/markdown/renderer/html/html.go:740.12,741.59 1 0
github.com/emad-elsaid/xlog/markdown/renderer/html/html.go:742.13,743.75 1 0
github.com/emad-elsaid/xlog/markdown/renderer/html/html.go:744.14,745.75 1 0
github.com/emad-elsaid/xlog/markdown/renderer/html/html.go:746.14,747.75 1 0
github.com/emad-elsaid/xlog/markdown/renderer/html/html.go:748.14,749.68 1 0
github.com/emad-elsaid/xlog/markdown/renderer/html/html.go:750.13,751.77 1 0
github.com/emad-elsaid/xlog/markdown/renderer/html/html.go:752.14,753.77 1 0
github.com/emad-elsaid/xlog/markdown/renderer/html/html.go:754.15,755.77 1 0
github.com/emad-elsaid/xlog/markdown/renderer/html/html.go:756.15,757.77 1 0
github.com/emad-elsaid/xlog/markdown/renderer/html/html.go:758.15,759.69 1 0
github.com/emad-elsaid/xlog/markdown/renderer/html/html.go:760.16,761.88 1 0
github.com/emad-elsaid/xlog/markdown/renderer/html/html.go:762.16,763.79 1 0
github.com/emad-elsaid/xlog/markdown/renderer/html/html.go:764.13,765.65 1 0
github.com/emad-elsaid/xlog/markdown/renderer/html/html.go:767.3,768.23 2 0
github.com/emad-elsaid/xlog/markdown/renderer/html/html.go:798.38,799.31 1 0
github.com/emad-elsaid/xlog/markdown/renderer/html/html.go:799.31,801.3 1 0
github.com/emad-elsaid/xlog/markdown/renderer/html/html.go:809.45,811.27 2 1
github.com/emad-elsaid/xlog/markdown/renderer/html/html.go:811.27,813.3 1 0
github.com/emad-elsaid/xlog/markdown/renderer/html/html.go:814.2,814.10 1 1
github.com/emad-elsaid/xlog/markdown/renderer/html/html.go:817.48,818.13 1 0
github.com/emad-elsaid/xlog/markdown/renderer/html/html.go:818.13,820.15 2 0
github.com/emad-elsaid/xlog/markdown/renderer/html/html.go:820.15,823.4 2 0
github.com/emad-elsaid/xlog/markdown/renderer/html/html.go:825.2,825.46 1 0
github.com/emad-elsaid/xlog/markdown/renderer/html/html.go:828.75,831.25 3 0
github.com/emad-elsaid/xlog/markdown/renderer/html/html.go:831.25,832.28 1 0
github.com/emad-elsaid/xlog/markdown/renderer/html/html.go:832.28,836.12 4 0
github.com/emad-elsaid/xlog/markdown/renderer/html/html.go:838.3,838.6 1 0
github.com/emad-elsaid/xlog/markdown/renderer/html/html.go:840.2,840.12 1 0
github.com/emad-elsaid/xlog/markdown/renderer/html/html.go:840.12,842.3 1 0
github.com/emad-elsaid/xlog/markdown/renderer/html/html.go:845.72,848.25 3 0
github.com/emad-elsaid/xlog/markdown/renderer/html/html.go:848.25,850.15 2 0
github.com/emad-elsaid/xlog/markdown/renderer/html/html.go:850.15,854.12 4 0
github.com/emad-elsaid/xlog/markdown/renderer/html/html.go:856.3,856.6 1 0
github.com/emad-elsaid/xlog/markdown/renderer/html/html.go:858.2,858.12 1 0
github.com/emad-elsaid/xlog/markdown/renderer/html/html.go:858.12,860.3 1 0
github.com/emad-elsaid/xlog/markdown/renderer/html/html.go:863.69,868.29 5 0
github.com/emad-elsaid/xlog/markdown/renderer/html/html.go:868.29,870.14 2 0
github.com/emad-elsaid/xlog/markdown/renderer/html/html.go:870.14,871.23 1 0
github.com/emad-elsaid/xlog/markdown/renderer/html/html.go:871.23,875.13 4 0
github.com/emad-elsaid/xlog/markdown/renderer/html/html.go:877.4,877.34 1 0
github.com/emad-elsaid/xlog/markdown/renderer/html/html.go:877.34,881.13 4 0
github.com/emad-elsaid/xlog/markdown/renderer/html/html.go:884.3,884.18 1 0
github.com/emad-elsaid/xlog/markdown/renderer/html/html.go:884.18,889.12 5 0
github.com/emad-elsaid/xlog/markdown/renderer/html/html.go:891.3,891.15 1 0
github.com/emad-elsaid/xlog/markdown/renderer/html/html.go:891.15,894.43 3 0
github.com/emad-elsaid/xlog/markdown/renderer/html/html.go:894.43,896.22 2 0
github.com/emad-elsaid/xlog/markdown/renderer/html/html.go:896.22,899.49 2 0
github.com/emad-elsaid/xlog/markdown/renderer/html/html.go:899.49,902.61 3 0
github.com/emad-elsaid/xlog/markdown/renderer/html/html.go:902.61,907.16 5 0
github.com/emad-elsaid/xlog/markdown/renderer/html/html.go:910.12,910.39 1 0
github.com/emad-elsaid/xlog/markdown/renderer/html/html.go:910.39,913.61 3 0
github.com/emad-elsaid/xlog/markdown/renderer/html/html.go:913.61,918.16 5 0
github.com/emad-elsaid/xlog/markdown/renderer/html/html.go:922.10,926.44 3 0
github.com/emad-elsaid/xlog/markdown/renderer/html/html.go:926.44,929.12 3 0
github.com/emad-elsaid/xlog/markdown/renderer/html/html.go:929.12,933.15 4 0
github.com/emad-elsaid/xlog/markdown/renderer/html/html.go:937.4,937.16 1 0
github.com/emad-elsaid/xlog/markdown/renderer/html/html.go:939.3,939.16 1 0
github.com/emad-elsaid/xlog/markdown/renderer/html/html.go:939.16,941.12 2 0
github.com/emad-elsaid/xlog/markdown/renderer/html/html.go:943.3,943.18 1 0
github.com/emad-elsaid/xlog/markdown/renderer/html/html.go:945.2,945.32 1 0
github.com/emad-elsaid/xlog/markdown/renderer/html/html.go:962.39,964.2 1 0
github.com/emad-elsaid/xlog/markdown/renderer/html/html.go:968.38,969.50 1 0
github.com/emad-elsaid/xlog/markdown/renderer/html/html.go:969.50,973.23 2 0
github.com/emad-elsaid/xlog/markdown/renderer/html/html.go:973.23,975.4 1 0
github.com/emad-elsaid/xlog/markdown/renderer/html/html.go:976.3,976.14 1 0
github.com/emad-elsaid/xlog/markdown/renderer/html/html.go:978.2,979.49 1 0
github.com/emad-elsaid/xlog/markdown/testutil/testutil.go:38.41,40.20 2 0
github.com/emad-elsaid/xlog/markdown/testutil/testutil.go:40.20,42.3 1 0
github.com/emad-elsaid/xlog/markdown/testutil/testutil.go:43.2,43.28 1 0
github.com/emad-elsaid/xlog/markdown/testutil/testutil.go:43.28,45.3 1 0
github.com/emad-elsaid/xlog/markdown/testutil/testutil.go:46.2,46.12 1 0
github.com/emad-elsaid/xlog/markdown/testutil/testutil.go:49.43,51.20 2 0
github.com/emad-elsaid/xlog/markdown/testutil/testutil.go:51.20,53.3 1 0
github.com/emad-elsaid/xlog/markdown/testutil/testutil.go:54.2,54.28 1 0
github.com/emad-elsaid/xlog/markdown/testutil/testutil.go:54.28,56.3 1 0
github.com/emad-elsaid/xlog/markdown/testutil/testutil.go:57.2,57.12 1 0
github.com/emad-elsaid/xlog/markdown/testutil/testutil.go:72.30,74.28 2 0
github.com/emad-elsaid/xlog/markdown/testutil/testutil.go:74.28,75.36 1 0
github.com/emad-elsaid/xlog/markdown/testutil/testutil.go:75.36,77.53 2 0
github.com/emad-elsaid/xlog/markdown/testutil/testutil.go:77.53,79.19 2 0
github.com/emad-elsaid/xlog/markdown/testutil/testutil.go:79.19,81.6 1 0
github.com/emad-elsaid/xlog/markdown/testutil/testutil.go:85.2,85.12 1 0
github.com/emad-elsaid/xlog/markdown/testutil/testutil.go:89.82,91.16 2 0
github.com/emad-elsaid/xlog/markdown/testutil/testutil.go:91.16,92.13 1 0
github.com/emad-elsaid/xlog/markdown/testutil/testutil.go:94.2,94.15 1 0
github.com/emad-elsaid/xlog/markdown/testutil/testutil.go:94.15,96.3 1 0
github.com/emad-elsaid/xlog/markdown/testutil/testutil.go:98.2,108.21 5 0
github.com/emad-elsaid/xlog/markdown/testutil/testutil.go:108.21,110.43 2 0
github.com/emad-elsaid/xlog/markdown/testutil/testutil.go:110.43,111.12 1 0
github.com/emad-elsaid/xlog/markdown/testutil/testutil.go:113.3,115.36 3 0
github.com/emad-elsaid/xlog/markdown/testutil/testutil.go:115.36,119.4 3 0
github.com/emad-elsaid/xlog/markdown/testutil/testutil.go:119.9,121.4 1 0
github.com/emad-elsaid/xlog/markdown/testutil/testutil.go:122.3,122.17 1 0
github.com/emad-elsaid/xlog/markdown/testutil/testutil.go:122.17,123.72 1 0
github.com/emad-elsaid/xlog/markdown/testutil/testutil.go:125.3,125.22 1 0
github.com/emad-elsaid/xlog/markdown/testutil/testutil.go:125.22,126.69 1 0
github.com/emad-elsaid/xlog/markdown/testutil/testutil.go:128.3,130.24 3 0
github.com/emad-elsaid/xlog/markdown/testutil/testutil.go:130.24,132.18 2 0
github.com/emad-elsaid/xlog/markdown/testutil/testutil.go:132.18,133.73 1 0
github.com/emad-elsaid/xlog/markdown/testutil/testutil.go:135.4,136.10 2 0
github.com/emad-elsaid/xlog/markdown/testutil/testutil.go:138.3,138.43 1 0
github.com/emad-elsaid/xlog/markdown/testutil/testutil.go:138.43,139.95 1 0
github.com/emad-elsaid/xlog/markdown/testutil/testutil.go:141.3,142.22 2 0
github.com/emad-elsaid/xlog/markdown/testutil/testutil.go:142.22,145.34 3 0
github.com/emad-elsaid/xlog/markdown/testutil/testutil.go:145.34,146.10 1 0
github.com/emad-elsaid/xlog/markdown/testutil/testutil.go:148.4,148.27 1 0
github.com/emad-elsaid/xlog/markdown/testutil/testutil.go:150.3,152.22 3 0
github.com/emad-elsaid/xlog/markdown/testutil/testutil.go:152.22,155.29 3 0
github.com/emad-elsaid/xlog/markdown/testutil/testutil.go:155.29,156.10 1 0
github.com/emad-elsaid/xlog/markdown/testutil/testutil.go:158.4,158.27 1 0
github.com/emad-elsaid/xlog/markdown/testutil/testutil.go:160.3,161.27 2 0
github.com/emad-elsaid/xlog/markdown/testutil/testutil.go:161.27,163.4 1 0
github.com/emad-elsaid/xlog/markdown/testutil/testutil.go:164.3,165.17 2 0
github.com/emad-elsaid/xlog/markdown/testutil/testutil.go:165.17,166.25 1 0
github.com/emad-elsaid/xlog/markdown/testutil/testutil.go:166.25,167.18 1 0
github.com/emad-elsaid/xlog/markdown/testutil/testutil.go:167.18,169.11 2 0
github.com/emad-elsaid/xlog/markdown/testutil/testutil.go:173.3,173.16 1 0
github.com/emad-elsaid/xlog/markdown/testutil/testutil.go:173.16,175.4 1 0
github.com/emad-elsaid/xlog/markdown/testutil/testutil.go:177.2,177.26 1 0
github.com/emad-elsaid/xlog/markdown/testutil/testutil.go:181.105,182.33 1 0
github.com/emad-elsaid/xlog/markdown/testutil/testutil.go:182.33,184.3 1 0
github.com/emad-elsaid/xlog/markdown/testutil/testutil.go:188.105,191.15 3 0
github.com/emad-elsaid/xlog/markdown/testutil/testutil.go:191.15,193.37 2 0
github.com/emad-elsaid/xlog/markdown/testutil/testutil.go:193.37,195.4 1 0
github.com/emad-elsaid/xlog/markdown/testutil/testutil.go:196.3,196.35 1 0
github.com/emad-elsaid/xlog/markdown/testutil/testutil.go:196.35,212.4 2 0
github.com/emad-elsaid/xlog/markdown/testutil/testutil.go:212.9,212.17 1 0
github.com/emad-elsaid/xlog/markdown/testutil/testutil.go:212.17,232.4 2 0
github.com/emad-elsaid/xlog/markdown/testutil/testutil.go:235.2,235.76 1 0
github.com/emad-elsaid/xlog/markdown/testutil/testutil.go:235.76,236.13 1 0
github.com/emad-elsaid/xlog/markdown/testutil/testutil.go:238.2,238.94 1 0
github.com/emad-elsaid/xlog/markdown/testutil/testutil.go:254.39,258.2 1 0
github.com/emad-elsaid/xlog/markdown/testutil/testutil.go:260.54,262.31 2 0
github.com/emad-elsaid/xlog/markdown/testutil/testutil.go:262.31,264.33 2 0
github.com/emad-elsaid/xlog/markdown/testutil/testutil.go:264.33,266.4 1 0
github.com/emad-elsaid/xlog/markdown/testutil/testutil.go:267.3,267.41 1 0
github.com/emad-elsaid/xlog/markdown/testutil/testutil.go:269.2,273.35 5 0
github.com/emad-elsaid/xlog/markdown/testutil/testutil.go:273.35,276.33 3 0
github.com/emad-elsaid/xlog/markdown/testutil/testutil.go:276.33,278.4 1 0
github.com/emad-elsaid/xlog/markdown/testutil/testutil.go:279.3,279.38 1 0
github.com/emad-elsaid/xlog/markdown/testutil/testutil.go:279.38,281.18 2 0
github.com/emad-elsaid/xlog/markdown/testutil/testutil.go:281.18,282.38 1 0
github.com/emad-elsaid/xlog/markdown/testutil/testutil.go:282.38,284.6 1 0
github.com/emad-elsaid/xlog/markdown/testutil/testutil.go:286.4,287.34 2 0
github.com/emad-elsaid/xlog/markdown/testutil/testutil.go:287.34,291.5 3 0
github.com/emad-elsaid/xlog/markdown/testutil/testutil.go:293.3,293.23 1 0
github.com/emad-elsaid/xlog/markdown/testutil/testutil.go:295.2,295.17 1 0
github.com/emad-elsaid/xlog/markdown/testutil/testutil.go:295.17,297.24 2 0
github.com/emad-elsaid/xlog/markdown/testutil/testutil.go:297.24,299.4 1 0
github.com/emad-elsaid/xlog/markdown/testutil/testutil.go:300.3,300.24 1 0
github.com/emad-elsaid/xlog/markdown/testutil/testutil.go:300.24,302.4 1 0
github.com/emad-elsaid/xlog/markdown/testutil/testutil.go:303.3,303.15 1 0
github.com/emad-elsaid/xlog/markdown/testutil/testutil.go:305.2,309.14 4 0
github.com/emad-elsaid/xlog/markdown/testutil/testutil.go:313.39,316.29 3 0
github.com/emad-elsaid/xlog/markdown/testutil/testutil.go:316.29,318.20 2 0
github.com/emad-elsaid/xlog/markdown/testutil/testutil.go:319.18,320.11 1 0
github.com/emad-elsaid/xlog/markdown/testutil/testutil.go:321.20,322.11 1 0
github.com/emad-elsaid/xlog/markdown/testutil/testutil.go:323.17,324.11 1 0
github.com/emad-elsaid/xlog/markdown/testutil/testutil.go:326.3,326.35 1 0
github.com/emad-elsaid/xlog/markdown/testutil/testutil.go:326.35,327.16 1 0
github.com/emad-elsaid/xlog/markdown/testutil/testutil.go:327.16,329.5 1 0
github.com/emad-elsaid/xlog/markdown/testutil/testutil.go:329.10,331.5 1 0
github.com/emad-elsaid/xlog/markdown/testutil/testutil.go:334.2,334.18 1 0
github.com/emad-elsaid/xlog/markdown/testutil/testutil.go:337.43,339.30 2 0
github.com/emad-elsaid/xlog/markdown/testutil/testutil.go:339.30,340.36 1 0
github.com/emad-elsaid/xlog/markdown/testutil/testutil.go:340.36,341.18 1 0
github.com/emad-elsaid/xlog/markdown/testutil/testutil.go:342.13,345.13 3 0
github.com/emad-elsaid/xlog/markdown/testutil/testutil.go:346.13,349.13 3 0
github.com/emad-elsaid/xlog/markdown/testutil/testutil.go:350.13,353.13 3 0
github.com/emad-elsaid/xlog/markdown/testutil/testutil.go:354.13,357.13 3 0
github.com/emad-elsaid/xlog/markdown/testutil/testutil.go:358.13,361.13 3 0
github.com/emad-elsaid/xlog/markdown/testutil/testutil.go:362.13,365.13 3 0
github.com/emad-elsaid/xlog/markdown/testutil/testutil.go:366.13,369.13 3 0
github.com/emad-elsaid/xlog/markdown/testutil/testutil.go:370.14,373.13 3 0
github.com/emad-elsaid/xlog/markdown/testutil/testutil.go:374.13,375.80 1 0
github.com/emad-elsaid/xlog/markdown/testutil/testutil.go:375.80,379.14 4 0
github.com/emad-elsaid/xlog/markdown/testutil/testutil.go:381.18,382.21 1 0
github.com/emad-elsaid/xlog/markdown/testutil/testutil.go:382.21,384.38 2 0
github.com/emad-elsaid/xlog/markdown/testutil/testutil.go:384.38,385.34 1 0
github.com/emad-elsaid/xlog/markdown/testutil/testutil.go:385.34,387.16 2 0
github.com/emad-elsaid/xlog/markdown/testutil/testutil.go:389.7,389.12 1 0
github.com/emad-elsaid/xlog/markdown/testutil/testutil.go:391.6,391.39 1 0
github.com/emad-elsaid/xlog/markdown/testutil/testutil.go:391.39,395.15 4 0
github.com/emad-elsaid/xlog/markdown/testutil/testutil.go:397.6,397.23 1 0
github.com/emad-elsaid/xlog/markdown/testutil/testutil.go:397.23,401.15 4 0
github.com/emad-elsaid/xlog/markdown/testutil/testutil.go:406.3,406.32 1 0
github.com/emad-elsaid/xlog/markdown/testutil/testutil.go:408.2,408.15 1 0
github.com/emad-elsaid/xlog/markdown/highlighting/highlighting.go:45.60,47.2 1 0
github.com/emad-elsaid/xlog/markdown/highlighting/highlighting.go:49.66,51.2 1 0
github.com/emad-elsaid/xlog/markdown/highlighting/highlighting.go:53.53,54.29 1 0
github.com/emad-elsaid/xlog/markdown/highlighting/highlighting.go:54.29,56.3 1 0
github.com/emad-elsaid/xlog/markdown/highlighting/highlighting.go:57.2,57.25 1 0
github.com/emad-elsaid/xlog/markdown/highlighting/highlighting.go:78.105,84.2 1 0
github.com/emad-elsaid/xlog/markdown/highlighting/highlighting.go:86.54,87.23 1 0
github.com/emad-elsaid/xlog/markdown/highlighting/highlighting.go:87.23,89.3 1 0
github.com/emad-elsaid/xlog/markdown/highlighting/highlighting.go:90.2,90.19 1 0
github.com/emad-elsaid/xlog/markdown/highlighting/highlighting.go:93.47,95.2 1 0
github.com/emad-elsaid/xlog/markdown/highlighting/highlighting.go:97.61,99.2 1 0
github.com/emad-elsaid/xlog/markdown/highlighting/highlighting.go:140.25,149.2 1 0
github.com/emad-elsaid/xlog/markdown/highlighting/highlighting.go:152.65,153.14 1 0
github.com/emad-elsaid/xlog/markdown/highlighting/highlighting.go:154.16,155.27 1 0
github.com/emad-elsaid/xlog/markdown/highlighting/highlighting.go:156.22,157.40 1 0
github.com/emad-elsaid/xlog/markdown/highlighting/highlighting.go:158.24,159.19 1 0
github.com/emad-elsaid/xlog/markdown/highlighting/highlighting.go:159.19,161.4 1 0
github.com/emad-elsaid/xlog/markdown/highlighting/highlighting.go:162.20,163.34 1 0
github.com/emad-elsaid/xlog/markdown/highlighting/highlighting.go:164.26,165.46 1 0
github.com/emad-elsaid/xlog/markdown/highlighting/highlighting.go:166.27,167.48 1 0
github.com/emad-elsaid/xlog/markdown/highlighting/highlighting.go:168.24,169.33 1 0
github.com/emad-elsaid/xlog/markdown/highlighting/highlighting.go:170.10,171.34 1 0
github.com/emad-elsaid/xlog/markdown/highlighting/highlighting.go:186.57,187.20 1 0
github.com/emad-elsaid/xlog/markdown/highlighting/highlighting.go:187.20,188.29 1 0
github.com/emad-elsaid/xlog/markdown/highlighting/highlighting.go:188.29,190.4 1 0
github.com/emad-elsaid/xlog/markdown/highlighting/highlighting.go:194.60,195.20 1 0
github.com/emad-elsaid/xlog/markdown/highlighting/highlighting.go:195.20,196.29 1 0
github.com/emad-elsaid/xlog/markdown/highlighting/highlighting.go:196.29,198.4 1 0
github.com/emad-elsaid/xlog/markdown/highlighting/highlighting.go:203.50,205.2 1 0
github.com/emad-elsaid/xlog/markdown/highlighting/highlighting.go:223.51,225.2 1 0
github.com/emad-elsaid/xlog/markdown/highlighting/highlighting.go:227.54,229.2 1 0
github.com/emad-elsaid/xlog/markdown/highlighting/highlighting.go:232.37,234.2 1 0
github.com/emad-elsaid/xlog/markdown/highlighting/highlighting.go:240.57,242.2 1 0
github.com/emad-elsaid/xlog/markdown/highlighting/highlighting.go:244.60,246.2 1 0
github.com/emad-elsaid/xlog/markdown/highlighting/highlighting.go:249.50,251.2 1 0
github.com/emad-elsaid/xlog/markdown/highlighting/highlighting.go:259.55,261.2 1 0
github.com/emad-elsaid/xlog/markdown/highlighting/highlighting.go:263.58,265.2 1 0
github.com/emad-elsaid/xlog/markdown/highlighting/highlighting.go:268.40,270.2 1 0
github.com/emad-elsaid/xlog/markdown/highlighting/highlighting.go:278.59,280.2 1 0
github.com/emad-elsaid/xlog/markdown/highlighting/highlighting.go:282.62,284.2 1 0
github.com/emad-elsaid/xlog/markdown/highlighting/highlighting.go:288.39,290.2 1 0
github.com/emad-elsaid/xlog/markdown/highlighting/highlighting.go:298.61,300.2 1 0
github.com/emad-elsaid/xlog/markdown/highlighting/highlighting.go:302.64,304.2 1 0
github.com/emad-elsaid/xlog/markdown/highlighting/highlighting.go:308.52,310.2 1 0
github.com/emad-elsaid/xlog/markdown/highlighting/highlighting.go:318.62,320.2 1 0
github.com/emad-elsaid/xlog/markdown/highlighting/highlighting.go:322.65,324.2 1 0
github.com/emad-elsaid/xlog/markdown/highlighting/highlighting.go:328.54,330.2 1 0
github.com/emad-elsaid/xlog/markdown/highlighting/highlighting.go:338.59,339.47 1 0
github.com/emad-elsaid/xlog/markdown/highlighting/highlighting.go:339.47,341.3 1 0
github.com/emad-elsaid/xlog/markdown/highlighting/highlighting.go:342.2,342.101 1 0
github.com/emad-elsaid/xlog/markdown/highlighting/highlighting.go:345.62,347.2 1 0
github.com/emad-elsaid/xlog/markdown/highlighting/highlighting.go:350.58,352.2 1 0
github.com/emad-elsaid/xlog/markdown/highlighting/highlighting.go:360.60,364.27 2 0
github.com/emad-elsaid/xlog/markdown/highlighting/highlighting.go:364.27,366.3 1 0
github.com/emad-elsaid/xlog/markdown/highlighting/highlighting.go:367.2,367.10 1 0
github.com/emad-elsaid/xlog/markdown/highlighting/highlighting.go:371.79,373.2 1 0
github.com/emad-elsaid/xlog/markdown/highlighting/highlighting.go:375.83,376.30 1 0
github.com/emad-elsaid/xlog/markdown/highlighting/highlighting.go:376.30,378.3 1 0
github.com/emad-elsaid/xlog/markdown/highlighting/highlighting.go:379.2,379.20 1 0
github.com/emad-elsaid/xlog/markdown/highlighting/highlighting.go:379.20,382.34 2 0
github.com/emad-elsaid/xlog/markdown/highlighting/highlighting.go:382.34,383.19 1 0
github.com/emad-elsaid/xlog/markdown/highlighting/highlighting.go:383.19,385.10 2 0
github.com/emad-elsaid/xlog/markdown/highlighting/highlighting.go:388.3,388.23 1 0
github.com/emad-elsaid/xlog/markdown/highlighting/highlighting.go:388.23,391.82 3 0
github.com/emad-elsaid/xlog/markdown/highlighting/highlighting.go:391.82,392.32 1 0
github.com/emad-elsaid/xlog/markdown/highlighting/highlighting.go:392.32,394.6 1 0
github.com/emad-elsaid/xlog/markdown/highlighting/highlighting.go:395.5,395.35 1 0
github.com/emad-elsaid/xlog/markdown/highlighting/highlighting.go:399.2,399.12 1 0
github.com/emad-elsaid/xlog/markdown/highlighting/highlighting.go:402.133,404.15 2 0
github.com/emad-elsaid/xlog/markdown/highlighting/highlighting.go:404.15,406.3 1 0
github.com/emad-elsaid/xlog/markdown/highlighting/highlighting.go:407.2,413.18 5 0
github.com/emad-elsaid/xlog/markdown/highlighting/highlighting.go:413.18,415.3 1 0
github.com/emad-elsaid/xlog/markdown/highlighting/highlighting.go:416.2,419.19 3 0
github.com/emad-elsaid/xlog/markdown/highlighting/highlighting.go:419.19,421.3 1 0
github.com/emad-elsaid/xlog/markdown/highlighting/highlighting.go:422.2,423.18 2 0
github.com/emad-elsaid/xlog/markdown/highlighting/highlighting.go:423.18,425.64 2 0
github.com/emad-elsaid/xlog/markdown/highlighting/highlighting.go:425.64,426.56 1 0
github.com/emad-elsaid/xlog/markdown/highlighting/highlighting.go:426.56,429.5 2 0
github.com/emad-elsaid/xlog/markdown/highlighting/highlighting.go:431.3,431.81 1 0
github.com/emad-elsaid/xlog/markdown/highlighting/highlighting.go:431.81,432.42 1 0
github.com/emad-elsaid/xlog/markdown/highlighting/highlighting.go:432.42,434.29 2 0
github.com/emad-elsaid/xlog/markdown/highlighting/highlighting.go:434.29,435.35 1 0
github.com/emad-elsaid/xlog/markdown/highlighting/highlighting.go:435.35,437.7 1 0
github.com/emad-elsaid/xlog/markdown/highlighting/highlighting.go:438.6,438.36 1 0
github.com/emad-elsaid/xlog/markdown/highlighting/highlighting.go:438.36,441.21 3 0
github.com/emad-elsaid/xlog/markdown/highlighting/highlighting.go:441.21,442.16 1 0
github.com/emad-elsaid/xlog/markdown/highlighting/highlighting.go:444.7,445.26 2 0
github.com/emad-elsaid/xlog/markdown/highlighting/highlighting.go:445.26,447.22 2 0
github.com/emad-elsaid/xlog/markdown/highlighting/highlighting.go:447.22,448.17 1 0
github.com/emad-elsaid/xlog/markdown/highlighting/highlighting.go:451.7,451.94 1 0
github.com/emad-elsaid/xlog/markdown/highlighting/highlighting.go:454.5,454.97 1 0
github.com/emad-elsaid/xlog/markdown/highlighting/highlighting.go:457.3,457.72 1 0
github.com/emad-elsaid/xlog/markdown/highlighting/highlighting.go:457.72,458.41 1 0
github.com/emad-elsaid/xlog/markdown/highlighting/highlighting.go:458.41,461.5 2 0
github.com/emad-elsaid/xlog/markdown/highlighting/highlighting.go:463.3,463.61 1 0
github.com/emad-elsaid/xlog/markdown/highlighting/highlighting.go:463.61,465.4 1 0
github.com/emad-elsaid/xlog/markdown/highlighting/highlighting.go:467.3,467.56 1 0
github.com/emad-elsaid/xlog/markdown/highlighting/highlighting.go:467.56,468.35 1 0
github.com/emad-elsaid/xlog/markdown/highlighting/highlighting.go:469.14,470.91 1 0
github.com/emad-elsaid/xlog/markdown/highlighting/highlighting.go:471.17,472.17 1 0
github.com/emad-elsaid/xlog/markdown/highlighting/highlighting.go:472.17,474.6 1 0
github.com/emad-elsaid/xlog/markdown/highlighting/highlighting.go:475.5,475.46 1 0
github.com/emad-elsaid/xlog/markdown/highlighting/highlighting.go:475.46,477.6 1 0
github.com/emad-elsaid/xlog/markdown/highlighting/highlighting.go:477.11,477.54 1 0
github.com/emad-elsaid/xlog/markdown/highlighting/highlighting.go:477.54,479.6 1 0
github.com/emad-elsaid/xlog/markdown/highlighting/highlighting.go:484.2,485.21 2 0
github.com/emad-elsaid/xlog/markdown/highlighting/highlighting.go:485.21,487.3 1 0
github.com/emad-elsaid/xlog/markdown/highlighting/highlighting.go:488.2,488.48 1 0
github.com/emad-elsaid/xlog/markdown/highlighting/highlighting.go:488.48,489.19 1 0
github.com/emad-elsaid/xlog/markdown/highlighting/highlighting.go:489.19,491.4 1 0
github.com/emad-elsaid/xlog/markdown/highlighting/highlighting.go:492.3,494.26 3 0
github.com/emad-elsaid/xlog/markdown/highlighting/highlighting.go:494.26,497.4 2 0
github.com/emad-elsaid/xlog/markdown/highlighting/highlighting.go:499.3,499.19 1 0
github.com/emad-elsaid/xlog/markdown/highlighting/highlighting.go:499.19,501.20 2 0
github.com/emad-elsaid/xlog/markdown/highlighting/highlighting.go:501.20,503.5 1 0
github.com/emad-elsaid/xlog/markdown/highlighting/highlighting.go:504.4,504.59 1 0
github.com/emad-elsaid/xlog/markdown/highlighting/highlighting.go:506.3,509.17 3 0
github.com/emad-elsaid/xlog/markdown/highlighting/highlighting.go:509.17,512.33 2 0
github.com/emad-elsaid/xlog/markdown/highlighting/highlighting.go:512.33,514.5 1 0
github.com/emad-elsaid/xlog/markdown/highlighting/highlighting.go:515.4,516.32 2 0
github.com/emad-elsaid/xlog/markdown/highlighting/highlighting.go:516.32,518.5 1 0
github.com/emad-elsaid/xlog/markdown/highlighting/highlighting.go:519.4,520.32 2 0
github.com/emad-elsaid/xlog/markdown/highlighting/highlighting.go:520.32,522.5 1 0
github.com/emad-elsaid/xlog/markdown/highlighting/highlighting.go:523.4,523.26 1 0
github.com/emad-elsaid/xlog/markdown/highlighting/highlighting.go:523.26,525.5 1 0
github.com/emad-elsaid/xlog/markdown/highlighting/highlighting.go:526.4,526.32 1 0
github.com/emad-elsaid/xlog/markdown/highlighting/highlighting.go:530.2,531.30 2 0
github.com/emad-elsaid/xlog/markdown/highlighting/highlighting.go:531.30,534.3 2 0
github.com/emad-elsaid/xlog/markdown/highlighting/highlighting.go:534.8,537.22 3 0
github.com/emad-elsaid/xlog/markdown/highlighting/highlighting.go:537.22,541.4 3 0
github.com/emad-elsaid/xlog/markdown/highlighting/highlighting.go:542.3,542.23 1 0
github.com/emad-elsaid/xlog/markdown/highlighting/highlighting.go:544.2,545.25 2 0
github.com/emad-elsaid/xlog/markdown/highlighting/highlighting.go:545.25,548.3 2 0
github.com/emad-elsaid/xlog/markdown/highlighting/highlighting.go:549.2,549.30 1 0
github.com/emad-elsaid/xlog/markdown/highlighting/highlighting.go:549.30,551.3 1 0
github.com/emad-elsaid/xlog/markdown/highlighting/highlighting.go:551.8,553.3 1 0
github.com/emad-elsaid/xlog/markdown/highlighting/highlighting.go:554.2,554.30 1 0
github.com/emad-elsaid/xlog/markdown/highlighting/highlighting.go:567.56,571.2 1 0
github.com/emad-elsaid/xlog/markdown/highlighting/highlighting.go:574.52,578.2 1 0
github.com/emad-elsaid/xlog/markdown/text/reader.go:114.38,121.2 3 0
github.com/emad-elsaid/xlog/markdown/text/reader.go:123.97,125.2 1 0
github.com/emad-elsaid/xlog/markdown/text/reader.go:127.34,132.2 4 0
github.com/emad-elsaid/xlog/markdown/text/reader.go:134.34,136.2 1 0
github.com/emad-elsaid/xlog/markdown/text/reader.go:138.44,140.2 1 0
github.com/emad-elsaid/xlog/markdown/text/reader.go:142.30,143.54 1 0
github.com/emad-elsaid/xlog/markdown/text/reader.go:143.54,144.25 1 0
github.com/emad-elsaid/xlog/markdown/text/reader.go:144.25,146.4 1 0
github.com/emad-elsaid/xlog/markdown/text/reader.go:147.3,147.31 1 0
github.com/emad-elsaid/xlog/markdown/text/reader.go:149.2,149.12 1 0
github.com/emad-elsaid/xlog/markdown/text/reader.go:152.47,153.54 1 0
github.com/emad-elsaid/xlog/markdown/text/reader.go:153.54,154.26 1 0
github.com/emad-elsaid/xlog/markdown/text/reader.go:154.26,156.4 1 0
github.com/emad-elsaid/xlog/markdown/text/reader.go:157.3,157.29 1 0
github.com/emad-elsaid/xlog/markdown/text/reader.go:159.2,159.19 1 0
github.com/emad-elsaid/xlog/markdown/text/reader.go:163.48,165.2 1 0
github.com/emad-elsaid/xlog/markdown/text/reader.go:167.35,168.22 1 0
github.com/emad-elsaid/xlog/markdown/text/reader.go:168.22,170.41 2 0
github.com/emad-elsaid/xlog/markdown/text/reader.go:170.41,171.27 1 0
github.com/emad-elsaid/xlog/markdown/text/reader.go:171.27,173.5 1 0
github.com/emad-elsaid/xlog/markdown/text/reader.go:173.10,175.5 1 0
github.com/emad-elsaid/xlog/markdown/text/reader.go:177.3,177.35 1 0
github.com/emad-elsaid/xlog/markdown/text/reader.go:179.2,179.21 1 0
github.com/emad-elsaid/xlog/markdown/text/reader.go:182.45,183.22 1 0
github.com/emad-elsaid/xlog/markdown/text/reader.go:183.22,184.25 1 0
github.com/emad-elsaid/xlog/markdown/text/reader.go:184.25,186.4 1 0
github.com/emad-elsaid/xlog/markdown/text/reader.go:187.3,187.20 1 0
github.com/emad-elsaid/xlog/markdown/text/reader.go:189.2,190.20 2 0
github.com/emad-elsaid/xlog/markdown/text/reader.go:190.20,191.34 1 0
github.com/emad-elsaid/xlog/markdown/text/reader.go:191.34,192.9 1 0
github.com/emad-elsaid/xlog/markdown/text/reader.go:195.2,196.11 2 0
github.com/emad-elsaid/xlog/markdown/text/reader.go:199.33,201.49 2 0
github.com/emad-elsaid/xlog/markdown/text/reader.go:201.49,205.3 3 0
github.com/emad-elsaid/xlog/markdown/text/reader.go:206.2,208.38 3 0
github.com/emad-elsaid/xlog/markdown/text/reader.go:208.38,209.25 1 0
github.com/emad-elsaid/xlog/markdown/text/reader.go:209.25,211.12 2 0
github.com/emad-elsaid/xlog/markdown/text/reader.go:213.3,213.36 1 0
github.com/emad-elsaid/xlog/markdown/text/reader.go:213.36,215.12 2 0
github.com/emad-elsaid/xlog/markdown/text/reader.go:217.3,217.16 1 0
github.com/emad-elsaid/xlog/markdown/text/reader.go:221.55,223.29 2 0
github.com/emad-elsaid/xlog/markdown/text/reader.go:223.29,225.3 1 0
github.com/emad-elsaid/xlog/markdown/text/reader.go:228.33,229.35 1 0
github.com/emad-elsaid/xlog/markdown/text/reader.go:229.35,231.3 1 0
github.com/emad-elsaid/xlog/markdown/text/reader.go:233.2,235.25 3 0
github.com/emad-elsaid/xlog/markdown/text/reader.go:235.25,237.36 2 0
github.com/emad-elsaid/xlog/markdown/text/reader.go:237.36,239.4 1 0
github.com/emad-elsaid/xlog/markdown/text/reader.go:241.2,241.13 1 0
github.com/emad-elsaid/xlog/markdown/text/reader.go:241.13,243.3 1 0
github.com/emad-elsaid/xlog/markdown/text/reader.go:244.2,245.13 2 0
github.com/emad-elsaid/xlog/markdown/text/reader.go:245.13,247.3 1 0
github.com/emad-elsaid/xlog/markdown/text/reader.go:247.8,249.3 1 0
github.com/emad-elsaid/xlog/markdown/text/reader.go:250.2,250.19 1 0
github.com/emad-elsaid/xlog/markdown/text/reader.go:253.32,258.54 5 0
github.com/emad-elsaid/xlog/markdown/text/reader.go:258.54,260.3 1 0
github.com/emad-elsaid/xlog/markdown/text/reader.go:261.2,263.35 3 0
github.com/emad-elsaid/xlog/markdown/text/reader.go:263.35,265.3 1 0
github.com/emad-elsaid/xlog/markdown/text/reader.go:266.2,266.13 1 0
github.com/emad-elsaid/xlog/markdown/text/reader.go:266.13,268.3 1 0
github.com/emad-elsaid/xlog/markdown/text/reader.go:269.2,270.19 2 0
github.com/emad-elsaid/xlog/markdown/text/reader.go:273.44,275.2 1 0
github.com/emad-elsaid/xlog/markdown/text/reader.go:277.53,281.2 3 0
github.com/emad-elsaid/xlog/markdown/text/reader.go:283.36,285.2 1 0
github.com/emad-elsaid/xlog/markdown/text/reader.go:287.52,289.2 1 0
github.com/emad-elsaid/xlog/markdown/text/reader.go:291.56,293.2 1 0
github.com/emad-elsaid/xlog/markdown/text/reader.go:295.49,297.2 1 0
github.com/emad-elsaid/xlog/markdown/text/reader.go:299.60,301.2 1 0
github.com/emad-elsaid/xlog/markdown/text/reader.go:322.68,326.21 2 0
github.com/emad-elsaid/xlog/markdown/text/reader.go:326.21,328.3 1 0
github.com/emad-elsaid/xlog/markdown/text/reader.go:329.2,329.10 1 0
github.com/emad-elsaid/xlog/markdown/text/reader.go:332.102,334.2 1 0
github.com/emad-elsaid/xlog/markdown/text/reader.go:336.39,344.26 8 0
github.com/emad-elsaid/xlog/markdown/text/reader.go:344.26,347.3 2 0
github.com/emad-elsaid/xlog/markdown/text/reader.go:348.2,348.17 1 0
github.com/emad-elsaid/xlog/markdown/text/reader.go:351.49,355.2 3 0
github.com/emad-elsaid/xlog/markdown/text/reader.go:357.39,359.2 1 0
github.com/emad-elsaid/xlog/markdown/text/reader.go:361.49,364.26 3 0
github.com/emad-elsaid/xlog/markdown/text/reader.go:364.26,365.45 1 0
github.com/emad-elsaid/xlog/markdown/text/reader.go:365.45,366.9 1 0
github.com/emad-elsaid/xlog/markdown/text/reader.go:369.2,370.40 2 0
github.com/emad-elsaid/xlog/markdown/text/reader.go:370.40,372.12 2 0
github.com/emad-elsaid/xlog/markdown/text/reader.go:372.12,374.4 1 0
github.com/emad-elsaid/xlog/markdown/text/reader.go:375.3,376.41 2 0
github.com/emad-elsaid/xlog/markdown/text/reader.go:376.41,378.4 1 0
github.com/emad-elsaid/xlog/markdown/text/reader.go:379.3,380.24 2 0
github.com/emad-elsaid/xlog/markdown/text/reader.go:380.24,381.9 1 0
github.com/emad-elsaid/xlog/markdown/text/reader.go:384.2,384.12 1 0
github.com/emad-elsaid/xlog/markdown/text/reader.go:388.53,390.2 1 0
github.com/emad-elsaid/xlog/markdown/text/reader.go:392.50,393.24 1 0
github.com/emad-elsaid/xlog/markdown/text/reader.go:393.24,395.3 1 0
github.com/emad-elsaid/xlog/markdown/text/reader.go:396.2,396.26 1 0
github.com/emad-elsaid/xlog/markdown/text/reader.go:396.26,398.3 1 0
github.com/emad-elsaid/xlog/markdown/text/reader.go:399.2,400.54 2 0
github.com/emad-elsaid/xlog/markdown/text/reader.go:400.54,402.3 1 0
github.com/emad-elsaid/xlog/markdown/text/reader.go:403.2,405.29 3 0
github.com/emad-elsaid/xlog/markdown/text/reader.go:405.29,406.34 1 0
github.com/emad-elsaid/xlog/markdown/text/reader.go:406.34,407.9 1 0
github.com/emad-elsaid/xlog/markdown/text/reader.go:410.2,410.21 1 0
github.com/emad-elsaid/xlog/markdown/text/reader.go:410.21,412.3 1 0
github.com/emad-elsaid/xlog/markdown/text/reader.go:413.2,414.11 2 0
github.com/emad-elsaid/xlog/markdown/text/reader.go:417.40,418.22 1 0
github.com/emad-elsaid/xlog/markdown/text/reader.go:418.22,420.41 2 0
github.com/emad-elsaid/xlog/markdown/text/reader.go:420.41,421.27 1 0
github.com/emad-elsaid/xlog/markdown/text/reader.go:421.27,423.5 1 0
github.com/emad-elsaid/xlog/markdown/text/reader.go:423.10,425.5 1 0
github.com/emad-elsaid/xlog/markdown/text/reader.go:427.3,427.35 1 0
github.com/emad-elsaid/xlog/markdown/text/reader.go:429.2,429.21 1 0
github.com/emad-elsaid/xlog/markdown/text/reader.go:432.35,433.75 1 0
github.com/emad-elsaid/xlog/markdown/text/reader.go:433.75,434.25 1 0
github.com/emad-elsaid/xlog/markdown/text/reader.go:434.25,436.4 1 0
github.com/emad-elsaid/xlog/markdown/text/reader.go:437.3,437.31 1 0
github.com/emad-elsaid/xlog/markdown/text/reader.go:439.2,439.12 1 0
github.com/emad-elsaid/xlog/markdown/text/reader.go:442.52,443.75 1 0
github.com/emad-elsaid/xlog/markdown/text/reader.go:443.75,445.3 1 0
github.com/emad-elsaid/xlog/markdown/text/reader.go:446.2,446.19 1 0
github.com/emad-elsaid/xlog/markdown/text/reader.go:449.38,452.54 2 0
github.com/emad-elsaid/xlog/markdown/text/reader.go:452.54,455.3 2 0
github.com/emad-elsaid/xlog/markdown/text/reader.go:457.2,457.19 1 0
github.com/emad-elsaid/xlog/markdown/text/reader.go:457.19,458.25 1 0
github.com/emad-elsaid/xlog/markdown/text/reader.go:458.25,460.12 2 0
github.com/emad-elsaid/xlog/markdown/text/reader.go:462.3,462.57 1 0
github.com/emad-elsaid/xlog/markdown/text/reader.go:462.57,464.12 2 0
github.com/emad-elsaid/xlog/markdown/text/reader.go:466.3,466.16 1 0
github.com/emad-elsaid/xlog/markdown/text/reader.go:470.60,472.29 2 0
github.com/emad-elsaid/xlog/markdown/text/reader.go:472.29,474.3 1 0
github.com/emad-elsaid/xlog/markdown/text/reader.go:477.38,481.15 4 0
github.com/emad-elsaid/xlog/markdown/text/reader.go:481.15,483.3 1 0
github.com/emad-elsaid/xlog/markdown/text/reader.go:483.8,485.3 1 0
github.com/emad-elsaid/xlog/markdown/text/reader.go:488.37,491.2 2 0
github.com/emad-elsaid/xlog/markdown/text/reader.go:493.49,495.2 1 0
github.com/emad-elsaid/xlog/markdown/text/reader.go:497.58,500.31 3 0
github.com/emad-elsaid/xlog/markdown/text/reader.go:500.31,501.32 1 0
github.com/emad-elsaid/xlog/markdown/text/reader.go:501.32,505.4 3 0
github.com/emad-elsaid/xlog/markdown/text/reader.go:506.8,508.32 2 0
github.com/emad-elsaid/xlog/markdown/text/reader.go:508.32,511.4 2 0
github.com/emad-elsaid/xlog/markdown/text/reader.go:515.41,518.2 2 0
github.com/emad-elsaid/xlog/markdown/text/reader.go:520.57,522.2 1 0
github.com/emad-elsaid/xlog/markdown/text/reader.go:524.61,526.2 1 0
github.com/emad-elsaid/xlog/markdown/text/reader.go:528.54,530.2 1 0
github.com/emad-elsaid/xlog/markdown/text/reader.go:532.65,534.2 1 0
github.com/emad-elsaid/xlog/markdown/text/reader.go:536.58,538.6 2 0
github.com/emad-elsaid/xlog/markdown/text/reader.go:538.6,540.18 2 0
github.com/emad-elsaid/xlog/markdown/text/reader.go:540.18,542.4 1 0
github.com/emad-elsaid/xlog/markdown/text/reader.go:543.3,543.25 1 0
github.com/emad-elsaid/xlog/markdown/text/reader.go:543.25,546.4 2 0
github.com/emad-elsaid/xlog/markdown/text/reader.go:546.9,548.4 1 0
github.com/emad-elsaid/xlog/markdown/text/reader.go:552.54,554.6 2 0
github.com/emad-elsaid/xlog/markdown/text/reader.go:554.6,556.18 2 0
github.com/emad-elsaid/xlog/markdown/text/reader.go:556.18,558.4 1 0
github.com/emad-elsaid/xlog/markdown/text/reader.go:559.3,559.26 1 0
github.com/emad-elsaid/xlog/markdown/text/reader.go:559.26,560.23 1 0
github.com/emad-elsaid/xlog/markdown/text/reader.go:560.23,563.13 3 0
github.com/emad-elsaid/xlog/markdown/text/reader.go:565.4,565.64 1 0
github.com/emad-elsaid/xlog/markdown/text/reader.go:570.53,574.18 4 0
github.com/emad-elsaid/xlog/markdown/text/reader.go:574.18,576.3 1 0
github.com/emad-elsaid/xlog/markdown/text/reader.go:577.2,578.13 2 0
github.com/emad-elsaid/xlog/markdown/text/reader.go:581.64,585.18 4 0
github.com/emad-elsaid/xlog/markdown/text/reader.go:585.18,587.3 1 0
github.com/emad-elsaid/xlog/markdown/text/reader.go:588.2,590.28 3 0
github.com/emad-elsaid/xlog/markdown/text/reader.go:590.28,594.3 3 0
github.com/emad-elsaid/xlog/markdown/text/reader.go:595.2,597.37 3 0
github.com/emad-elsaid/xlog/markdown/text/reader.go:597.37,598.19 1 0
github.com/emad-elsaid/xlog/markdown/text/reader.go:598.19,600.12 2 0
github.com/emad-elsaid/xlog/markdown/text/reader.go:602.3,602.51 1 0
github.com/emad-elsaid/xlog/markdown/text/reader.go:605.2,607.15 3 0
github.com/emad-elsaid/xlog/markdown/text/reader.go:610.50,612.17 2 0
github.com/emad-elsaid/xlog/markdown/text/reader.go:612.17,614.3 1 0
github.com/emad-elsaid/xlog/markdown/text/reader.go:615.2,616.26 2 0
github.com/emad-elsaid/xlog/markdown/text/reader.go:616.26,618.3 1 0
github.com/emad-elsaid/xlog/markdown/text/reader.go:619.2,620.22 2 0
github.com/emad-elsaid/xlog/markdown/text/reader.go:623.98,630.6 6 0
github.com/emad-elsaid/xlog/markdown/text/reader.go:630.6,632.16 2 0
github.com/emad-elsaid/xlog/markdown/text/reader.go:632.16,633.12 1 0
github.com/emad-elsaid/xlog/markdown/text/reader.go:635.3,636.19 2 0
github.com/emad-elsaid/xlog/markdown/text/reader.go:636.19,638.11 2 0
github.com/emad-elsaid/xlog/markdown/text/reader.go:639.58,641.28 2 0
github.com/emad-elsaid/xlog/markdown/text/reader.go:641.28,642.22 1 0
github.com/emad-elsaid/xlog/markdown/text/reader.go:642.22,644.7 1 0
github.com/emad-elsaid/xlog/markdown/text/reader.go:644.12,646.12 2 0
github.com/emad-elsaid/xlog/markdown/text/reader.go:649.5,649.41 1 0
github.com/emad-elsaid/xlog/markdown/text/reader.go:649.41,651.6 1 0
github.com/emad-elsaid/xlog/markdown/text/reader.go:652.84,654.13 2 0
github.com/emad-elsaid/xlog/markdown/text/reader.go:655.58,656.28 1 0
github.com/emad-elsaid/xlog/markdown/text/reader.go:656.28,657.22 1 0
github.com/emad-elsaid/xlog/markdown/text/reader.go:657.22,659.7 1 0
github.com/emad-elsaid/xlog/markdown/text/reader.go:659.12,661.12 2 0
github.com/emad-elsaid/xlog/markdown/text/reader.go:664.66,665.20 1 0
github.com/emad-elsaid/xlog/markdown/text/reader.go:665.20,667.21 2 0
github.com/emad-elsaid/xlog/markdown/text/reader.go:667.21,668.21 1 0
github.com/emad-elsaid/xlog/markdown/text/reader.go:668.21,670.8 1 0
github.com/emad-elsaid/xlog/markdown/text/reader.go:671.7,674.15 4 0
github.com/emad-elsaid/xlog/markdown/text/reader.go:676.11,676.27 1 0
github.com/emad-elsaid/xlog/markdown/text/reader.go:676.27,677.23 1 0
github.com/emad-elsaid/xlog/markdown/text/reader.go:677.23,678.15 1 0
github.com/emad-elsaid/xlog/markdown/text/reader.go:680.6,680.14 1 0
github.com/emad-elsaid/xlog/markdown/text/reader.go:683.4,683.7 1 0
github.com/emad-elsaid/xlog/markdown/text/reader.go:685.3,685.20 1 0
github.com/emad-elsaid/xlog/markdown/text/reader.go:685.20,686.12 1 0
github.com/emad-elsaid/xlog/markdown/text/reader.go:688.3,689.17 2 0
github.com/emad-elsaid/xlog/markdown/text/reader.go:689.17,691.4 1 0
github.com/emad-elsaid/xlog/markdown/text/reader.go:692.3,692.18 1 0
github.com/emad-elsaid/xlog/markdown/text/reader.go:695.2,695.19 1 0
github.com/emad-elsaid/xlog/markdown/text/reader.go:695.19,697.3 1 0
github.com/emad-elsaid/xlog/markdown/text/reader.go:698.2,698.12 1 0
github.com/emad-elsaid/xlog/markdown/text/reader.go:698.12,700.3 1 0
github.com/emad-elsaid/xlog/markdown/text/reader.go:701.2,701.19 1 0
github.com/emad-elsaid/xlog/markdown/text/segment.go:39.42,45.2 1 0
github.com/emad-elsaid/xlog/markdown/text/segment.go:48.52,54.2 1 0
github.com/emad-elsaid/xlog/markdown/text/segment.go:57.47,59.20 2 0
github.com/emad-elsaid/xlog/markdown/text/segment.go:59.20,61.3 1 0
github.com/emad-elsaid/xlog/markdown/text/segment.go:61.8,65.3 3 0
github.com/emad-elsaid/xlog/markdown/text/segment.go:66.2,66.72 1 0
github.com/emad-elsaid/xlog/markdown/text/segment.go:66.72,68.3 1 0
github.com/emad-elsaid/xlog/markdown/text/segment.go:69.2,69.15 1 0
github.com/emad-elsaid/xlog/markdown/text/segment.go:73.29,75.2 1 0
github.com/emad-elsaid/xlog/markdown/text/segment.go:78.50,79.26 1 0
github.com/emad-elsaid/xlog/markdown/text/segment.go:79.26,80.25 1 0
github.com/emad-elsaid/xlog/markdown/text/segment.go:82.2,86.3 1 0
github.com/emad-elsaid/xlog/markdown/text/segment.go:90.34,92.2 1 0
github.com/emad-elsaid/xlog/markdown/text/segment.go:96.57,99.17 3 0
github.com/emad-elsaid/xlog/markdown/text/segment.go:99.17,101.3 1 0
github.com/emad-elsaid/xlog/markdown/text/segment.go:102.2,102.56 1 0
github.com/emad-elsaid/xlog/markdown/text/segment.go:107.56,111.2 3 0
github.com/emad-elsaid/xlog/markdown/text/segment.go:115.72,117.27 2 0
github.com/emad-elsaid/xlog/markdown/text/segment.go:117.27,118.19 1 0
github.com/emad-elsaid/xlog/markdown/text/segment.go:118.19,119.9 1 0
github.com/emad-elsaid/xlog/markdown/text/segment.go:121.3,121.12 1 0
github.com/emad-elsaid/xlog/markdown/text/segment.go:123.2,123.16 1 0
github.com/emad-elsaid/xlog/markdown/text/segment.go:123.16,125.3 1 0
github.com/emad-elsaid/xlog/markdown/text/segment.go:126.2,128.25 3 0
github.com/emad-elsaid/xlog/markdown/text/segment.go:128.25,129.38 1 0
github.com/emad-elsaid/xlog/markdown/text/segment.go:129.38,130.9 1 0
github.com/emad-elsaid/xlog/markdown/text/segment.go:132.3,132.12 1 0
github.com/emad-elsaid/xlog/markdown/text/segment.go:133.12,134.11 1 0
github.com/emad-elsaid/xlog/markdown/text/segment.go:135.13,136.14 1 0
github.com/emad-elsaid/xlog/markdown/text/segment.go:137.11,138.16 1 0
github.com/emad-elsaid/xlog/markdown/text/segment.go:140.3,140.10 1 0
github.com/emad-elsaid/xlog/markdown/text/segment.go:143.2,143.15 1 0
github.com/emad-elsaid/xlog/markdown/text/segment.go:143.15,145.3 1 0
github.com/emad-elsaid/xlog/markdown/text/segment.go:146.2,146.50 1 0
github.com/emad-elsaid/xlog/markdown/text/segment.go:150.44,152.2 1 0
github.com/emad-elsaid/xlog/markdown/text/segment.go:155.43,157.2 1 0
github.com/emad-elsaid/xlog/markdown/text/segment.go:160.50,161.19 1 0
github.com/emad-elsaid/xlog/markdown/text/segment.go:161.19,163.3 1 0
github.com/emad-elsaid/xlog/markdown/text/segment.go:164.2,164.10 1 0
github.com/emad-elsaid/xlog/markdown/text/segment.go:173.30,177.2 1 0
github.com/emad-elsaid/xlog/markdown/text/segment.go:180.38,182.2 1 0
github.com/emad-elsaid/xlog/markdown/text/segment.go:185.43,187.2 1 0
github.com/emad-elsaid/xlog/markdown/text/segment.go:190.30,191.21 1 0
github.com/emad-elsaid/xlog/markdown/text/segment.go:191.21,193.3 1 0
github.com/emad-elsaid/xlog/markdown/text/segment.go:194.2,194.22 1 0
github.com/emad-elsaid/xlog/markdown/text/segment.go:198.38,200.2 1 0
github.com/emad-elsaid/xlog/markdown/text/segment.go:203.42,205.2 1 0
github.com/emad-elsaid/xlog/markdown/text/segment.go:208.42,210.2 1 0
github.com/emad-elsaid/xlog/markdown/text/segment.go:213.49,215.2 1 0
github.com/emad-elsaid/xlog/markdown/text/segment.go:218.28,220.2 1 0
github.com/emad-elsaid/xlog/markdown/text/segment.go:223.39,226.2 2 0
github.com/emad-elsaid/xlog/markdown/text/segment.go:229.48,231.29 2 0
github.com/emad-elsaid/xlog/markdown/text/segment.go:231.29,233.3 1 0
github.com/emad-elsaid/xlog/markdown/text/segment.go:234.2,234.15 1 0
github.com/emad-elsaid/xlog/markdown/util/html5entities.go:12.27,13.31 1 0
github.com/emad-elsaid/xlog/markdown/util/html5entities.go:13.31,19.45 5 0
github.com/emad-elsaid/xlog/markdown/util/html5entities.go:19.45,31.4 9 0
github.com/emad-elsaid/xlog/markdown/util/html5entities.go:43.64,47.2 3 0
github.com/emad-elsaid/xlog/markdown/util/unicode_case_folding.go:8.13,11.49 3 1
github.com/emad-elsaid/xlog/markdown/util/unicode_case_folding.go:11.49,16.3 4 1
github.com/emad-elsaid/xlog/markdown/util/util.go:22.60,27.2 1 0
github.com/emad-elsaid/xlog/markdown/util/util.go:31.49,32.15 1 0
github.com/emad-elsaid/xlog/markdown/util/util.go:32.15,35.3 2 0
github.com/emad-elsaid/xlog/markdown/util/util.go:36.2,36.39 1 0
github.com/emad-elsaid/xlog/markdown/util/util.go:41.55,43.2 1 0
github.com/emad-elsaid/xlog/markdown/util/util.go:47.50,48.15 1 0
github.com/emad-elsaid/xlog/markdown/util/util.go:48.15,53.3 4 0
github.com/emad-elsaid/xlog/markdown/util/util.go:54.2,54.39 1 0
github.com/emad-elsaid/xlog/markdown/util/util.go:59.56,61.2 1 0
github.com/emad-elsaid/xlog/markdown/util/util.go:65.53,66.15 1 0
github.com/emad-elsaid/xlog/markdown/util/util.go:66.15,69.3 2 0
github.com/emad-elsaid/xlog/markdown/util/util.go:70.2,71.12 2 0
github.com/emad-elsaid/xlog/markdown/util/util.go:76.48,77.15 1 0
github.com/emad-elsaid/xlog/markdown/util/util.go:77.15,82.3 4 0
github.com/emad-elsaid/xlog/markdown/util/util.go:83.2,83.32 1 0
github.com/emad-elsaid/xlog/markdown/util/util.go:87.44,89.2 1 0
github.com/emad-elsaid/xlog/markdown/util/util.go:92.45,94.2 1 0
github.com/emad-elsaid/xlog/markdown/util/util.go:98.54,100.2 1 0
github.com/emad-elsaid/xlog/markdown/util/util.go:103.79,106.26 3 0
github.com/emad-elsaid/xlog/markdown/util/util.go:106.26,108.15 2 0
github.com/emad-elsaid/xlog/markdown/util/util.go:108.15,110.12 2 0
github.com/emad-elsaid/xlog/markdown/util/util.go:112.3,112.8 1 0
github.com/emad-elsaid/xlog/markdown/util/util.go:114.2,114.14 1 0
github.com/emad-elsaid/xlog/markdown/util/util.go:118.30,119.23 1 0
github.com/emad-elsaid/xlog/markdown/util/util.go:119.23,120.18 1 0
github.com/emad-elsaid/xlog/markdown/util/util.go:120.18,122.4 1 0
github.com/emad-elsaid/xlog/markdown/util/util.go:124.2,124.13 1 0
github.com/emad-elsaid/xlog/markdown/util/util.go:128.40,137.2 8 0
github.com/emad-elsaid/xlog/markdown/util/util.go:140.35,142.2 1 0
github.com/emad-elsaid/xlog/markdown/util/util.go:154.74,156.2 1 0
github.com/emad-elsaid/xlog/markdown/util/util.go:161.91,162.16 1 0
github.com/emad-elsaid/xlog/markdown/util/util.go:162.16,164.3 1 0
github.com/emad-elsaid/xlog/markdown/util/util.go:165.2,169.19 5 0
github.com/emad-elsaid/xlog/markdown/util/util.go:169.19,170.12 1 0
github.com/emad-elsaid/xlog/markdown/util/util.go:170.12,173.12 3 0
github.com/emad-elsaid/xlog/markdown/util/util.go:175.3,175.10 1 0
github.com/emad-elsaid/xlog/markdown/util/util.go:176.35,177.33 1 0
github.com/emad-elsaid/xlog/markdown/util/util.go:178.34,179.7 1 0
github.com/emad-elsaid/xlog/markdown/util/util.go:180.11,181.16 1 0
github.com/emad-elsaid/xlog/markdown/util/util.go:185.2,185.16 1 0
github.com/emad-elsaid/xlog/markdown/util/util.go:185.16,187.3 1 0
github.com/emad-elsaid/xlog/markdown/util/util.go:188.2,188.15 1 0
github.com/emad-elsaid/xlog/markdown/util/util.go:194.74,195.16 1 0
github.com/emad-elsaid/xlog/markdown/util/util.go:195.16,197.3 1 0
github.com/emad-elsaid/xlog/markdown/util/util.go:198.2,201.19 4 0
github.com/emad-elsaid/xlog/markdown/util/util.go:201.19,202.10 1 0
github.com/emad-elsaid/xlog/markdown/util/util.go:203.22,204.33 1 0
github.com/emad-elsaid/xlog/markdown/util/util.go:205.21,206.7 1 0
github.com/emad-elsaid/xlog/markdown/util/util.go:207.11,208.18 1 0
github.com/emad-elsaid/xlog/markdown/util/util.go:212.2,212.16 1 0
github.com/emad-elsaid/xlog/markdown/util/util.go:212.16,214.3 1 0
github.com/emad-elsaid/xlog/markdown/util/util.go:215.2,215.13 1 0
github.com/emad-elsaid/xlog/markdown/util/util.go:223.91,224.16 1 0
github.com/emad-elsaid/xlog/markdown/util/util.go:224.16,226.3 1 0
github.com/emad-elsaid/xlog/markdown/util/util.go:228.2,231.19 4 0
github.com/emad-elsaid/xlog/markdown/util/util.go:231.19,232.10 1 0
github.com/emad-elsaid/xlog/markdown/util/util.go:233.22,234.33 1 0
github.com/emad-elsaid/xlog/markdown/util/util.go:235.21,236.7 1 0
github.com/emad-elsaid/xlog/markdown/util/util.go:237.11,238.25 1 0
github.com/emad-elsaid/xlog/markdown/util/util.go:242.2,242.16 1 0
github.com/emad-elsaid/xlog/markdown/util/util.go:242.16,244.3 1 0
github.com/emad-elsaid/xlog/markdown/util/util.go:245.2,245.24 1 0
github.com/emad-elsaid/xlog/markdown/util/util.go:249.62,251.25 2 0
github.com/emad-elsaid/xlog/markdown/util/util.go:251.25,253.10 2 0
github.com/emad-elsaid/xlog/markdown/util/util.go:254.17,256.9 2 0
github.com/emad-elsaid/xlog/markdown/util/util.go:257.18,259.9 2 0
github.com/emad-elsaid/xlog/markdown/util/util.go:260.11,261.21 1 0
github.com/emad-elsaid/xlog/markdown/util/util.go:264.2,264.19 1 0
github.com/emad-elsaid/xlog/markdown/util/util.go:269.43,271.25 2 0
github.com/emad-elsaid/xlog/markdown/util/util.go:271.25,273.28 2 0
github.com/emad-elsaid/xlog/markdown/util/util.go:273.28,274.12 1 0
github.com/emad-elsaid/xlog/markdown/util/util.go:276.3,276.16 1 0
github.com/emad-elsaid/xlog/markdown/util/util.go:276.16,278.4 1 0
github.com/emad-elsaid/xlog/markdown/util/util.go:279.3,279.11 1 0
github.com/emad-elsaid/xlog/markdown/util/util.go:281.2,281.11 1 0
github.com/emad-elsaid/xlog/markdown/util/util.go:292.84,296.18 4 0
github.com/emad-elsaid/xlog/markdown/util/util.go:296.18,298.10 2 0
github.com/emad-elsaid/xlog/markdown/util/util.go:299.52,301.27 2 0
github.com/emad-elsaid/xlog/markdown/util/util.go:301.27,302.21 1 0
github.com/emad-elsaid/xlog/markdown/util/util.go:302.21,304.6 1 0
github.com/emad-elsaid/xlog/markdown/util/util.go:304.11,306.11 2 0
github.com/emad-elsaid/xlog/markdown/util/util.go:309.4,309.40 1 0
github.com/emad-elsaid/xlog/markdown/util/util.go:309.40,311.5 1 0
github.com/emad-elsaid/xlog/markdown/util/util.go:312.78,314.12 2 0
github.com/emad-elsaid/xlog/markdown/util/util.go:315.52,316.27 1 0
github.com/emad-elsaid/xlog/markdown/util/util.go:316.27,317.21 1 0
github.com/emad-elsaid/xlog/markdown/util/util.go:317.21,319.6 1 0
github.com/emad-elsaid/xlog/markdown/util/util.go:319.11,321.11 2 0
github.com/emad-elsaid/xlog/markdown/util/util.go:324.55,325.20 1 0
github.com/emad-elsaid/xlog/markdown/util/util.go:325.20,327.20 2 0
github.com/emad-elsaid/xlog/markdown/util/util.go:327.20,329.6 1 0
github.com/emad-elsaid/xlog/markdown/util/util.go:330.10,330.26 1 0
github.com/emad-elsaid/xlog/markdown/util/util.go:330.26,331.22 1 0
github.com/emad-elsaid/xlog/markdown/util/util.go:331.22,333.6 1 0
github.com/emad-elsaid/xlog/markdown/util/util.go:334.5,334.13 1 0
github.com/emad-elsaid/xlog/markdown/util/util.go:337.3,337.6 1 0
github.com/emad-elsaid/xlog/markdown/util/util.go:339.2,339.11 1 0
github.com/emad-elsaid/xlog/markdown/util/util.go:345.40,347.29 2 0
github.com/emad-elsaid/xlog/markdown/util/util.go:347.29,350.31 3 0
github.com/emad-elsaid/xlog/markdown/util/util.go:350.31,351.17 1 0
github.com/emad-elsaid/xlog/markdown/util/util.go:351.17,353.10 2 0
github.com/emad-elsaid/xlog/markdown/util/util.go:356.3,356.13 1 0
github.com/emad-elsaid/xlog/markdown/util/util.go:356.13,357.9 1 0
github.com/emad-elsaid/xlog/markdown/util/util.go:360.2,360.19 1 0
github.com/emad-elsaid/xlog/markdown/util/util.go:364.41,366.20 2 0
github.com/emad-elsaid/xlog/markdown/util/util.go:366.20,369.31 3 0
github.com/emad-elsaid/xlog/markdown/util/util.go:369.31,370.17 1 0
github.com/emad-elsaid/xlog/markdown/util/util.go:370.17,372.10 2 0
github.com/emad-elsaid/xlog/markdown/util/util.go:375.3,375.13 1 0
github.com/emad-elsaid/xlog/markdown/util/util.go:375.13,376.9 1 0
github.com/emad-elsaid/xlog/markdown/util/util.go:379.2,379.21 1 0
github.com/emad-elsaid/xlog/markdown/util/util.go:383.43,385.2 1 0
github.com/emad-elsaid/xlog/markdown/util/util.go:388.44,390.2 1 0
github.com/emad-elsaid/xlog/markdown/util/util.go:393.45,395.29 2 0
github.com/emad-elsaid/xlog/markdown/util/util.go:395.29,396.26 1 0
github.com/emad-elsaid/xlog/markdown/util/util.go:396.26,397.9 1 0
github.com/emad-elsaid/xlog/markdown/util/util.go:400.2,400.10 1 0
github.com/emad-elsaid/xlog/markdown/util/util.go:404.46,407.20 3 0
github.com/emad-elsaid/xlog/markdown/util/util.go:407.20,408.26 1 0
github.com/emad-elsaid/xlog/markdown/util/util.go:408.26,409.9 1 0
github.com/emad-elsaid/xlog/markdown/util/util.go:412.2,412.11 1 0
github.com/emad-elsaid/xlog/markdown/util/util.go:412.11,414.3 1 0
github.com/emad-elsaid/xlog/markdown/util/util.go:415.2,415.18 1 0
github.com/emad-elsaid/xlog/markdown/util/util.go:420.42,422.2 1 0
github.com/emad-elsaid/xlog/markdown/util/util.go:426.43,428.2 1 0
github.com/emad-elsaid/xlog/markdown/util/util.go:431.48,435.30 4 0
github.com/emad-elsaid/xlog/markdown/util/util.go:435.30,437.15 2 0
github.com/emad-elsaid/xlog/markdown/util/util.go:437.15,438.30 1 0
github.com/emad-elsaid/xlog/markdown/util/util.go:438.30,443.5 3 0
github.com/emad-elsaid/xlog/markdown/util/util.go:444.4,444.12 1 0
github.com/emad-elsaid/xlog/markdown/util/util.go:447.3,447.25 1 0
github.com/emad-elsaid/xlog/markdown/util/util.go:447.25,448.12 1 0
github.com/emad-elsaid/xlog/markdown/util/util.go:450.3,451.26 2 0
github.com/emad-elsaid/xlog/markdown/util/util.go:451.26,452.12 1 0
github.com/emad-elsaid/xlog/markdown/util/util.go:454.3,455.10 2 0
github.com/emad-elsaid/xlog/markdown/util/util.go:455.10,456.12 1 0
github.com/emad-elsaid/xlog/markdown/util/util.go:459.3,460.18 2 0
github.com/emad-elsaid/xlog/markdown/util/util.go:460.18,462.4 1 0
github.com/emad-elsaid/xlog/markdown/util/util.go:463.3,463.28 1 0
github.com/emad-elsaid/xlog/markdown/util/util.go:463.28,466.4 2 0
github.com/emad-elsaid/xlog/markdown/util/util.go:467.3,468.12 2 0
github.com/emad-elsaid/xlog/markdown/util/util.go:470.2,470.20 1 0
github.com/emad-elsaid/xlog/markdown/util/util.go:470.20,472.3 1 0
github.com/emad-elsaid/xlog/markdown/util/util.go:473.2,473.20 1 0
github.com/emad-elsaid/xlog/markdown/util/util.go:477.53,480.27 3 0
github.com/emad-elsaid/xlog/markdown/util/util.go:480.27,482.10 2 0
github.com/emad-elsaid/xlog/markdown/util/util.go:483.25,485.12 2 0
github.com/emad-elsaid/xlog/markdown/util/util.go:486.26,487.12 1 0
github.com/emad-elsaid/xlog/markdown/util/util.go:488.19,489.18 1 0
github.com/emad-elsaid/xlog/markdown/util/util.go:489.18,492.5 2 0
github.com/emad-elsaid/xlog/markdown/util/util.go:493.4,494.14 2 0
github.com/emad-elsaid/xlog/markdown/util/util.go:496.3,496.17 1 0
github.com/emad-elsaid/xlog/markdown/util/util.go:496.17,498.4 1 0
github.com/emad-elsaid/xlog/markdown/util/util.go:500.2,500.30 1 0
github.com/emad-elsaid/xlog/markdown/util/util.go:500.30,502.3 1 0
github.com/emad-elsaid/xlog/markdown/util/util.go:503.2,503.16 1 0
github.com/emad-elsaid/xlog/markdown/util/util.go:503.16,505.3 1 0
github.com/emad-elsaid/xlog/markdown/util/util.go:506.2,506.12 1 0
github.com/emad-elsaid/xlog/markdown/util/util.go:510.42,512.20 2 0
github.com/emad-elsaid/xlog/markdown/util/util.go:512.20,513.32 1 0
github.com/emad-elsaid/xlog/markdown/util/util.go:513.32,514.9 1 0
github.com/emad-elsaid/xlog/markdown/util/util.go:517.2,518.10 2 0
github.com/emad-elsaid/xlog/markdown/util/util.go:522.31,523.34 1 0
github.com/emad-elsaid/xlog/markdown/util/util.go:523.34,525.3 1 0
github.com/emad-elsaid/xlog/markdown/util/util.go:526.2,526.10 1 0
github.com/emad-elsaid/xlog/markdown/util/util.go:532.39,537.2 4 0
github.com/emad-elsaid/xlog/markdown/util/util.go:548.36,550.14 2 0
github.com/emad-elsaid/xlog/markdown/util/util.go:550.14,552.3 1 0
github.com/emad-elsaid/xlog/markdown/util/util.go:553.2,553.12 1 0
github.com/emad-elsaid/xlog/markdown/util/util.go:557.34,560.30 3 0
github.com/emad-elsaid/xlog/markdown/util/util.go:560.30,563.21 3 0
github.com/emad-elsaid/xlog/markdown/util/util.go:563.21,567.4 3 0
github.com/emad-elsaid/xlog/markdown/util/util.go:569.2,569.20 1 0
github.com/emad-elsaid/xlog/markdown/util/util.go:569.20,571.3 1 0
github.com/emad-elsaid/xlog/markdown/util/util.go:572.2,572.20 1 0
github.com/emad-elsaid/xlog/markdown/util/util.go:576.49,580.25 4 0
github.com/emad-elsaid/xlog/markdown/util/util.go:580.25,582.55 2 0
github.com/emad-elsaid/xlog/markdown/util/util.go:582.55,587.12 5 0
github.com/emad-elsaid/xlog/markdown/util/util.go:589.3,589.6 1 0
github.com/emad-elsaid/xlog/markdown/util/util.go:591.2,591.20 1 0
github.com/emad-elsaid/xlog/markdown/util/util.go:591.20,593.3 1 0
github.com/emad-elsaid/xlog/markdown/util/util.go:594.2,594.20 1 0
github.com/emad-elsaid/xlog/markdown/util/util.go:598.53,604.29 6 0
github.com/emad-elsaid/xlog/markdown/util/util.go:604.29,605.23 1 0
github.com/emad-elsaid/xlog/markdown/util/util.go:605.23,608.43 3 0
github.com/emad-elsaid/xlog/markdown/util/util.go:608.43,610.22 2 0
github.com/emad-elsaid/xlog/markdown/util/util.go:610.22,613.49 2 0
github.com/emad-elsaid/xlog/markdown/util/util.go:613.49,616.46 3 0
github.com/emad-elsaid/xlog/markdown/util/util.go:616.46,622.16 6 0
github.com/emad-elsaid/xlog/markdown/util/util.go:625.12,625.39 1 0
github.com/emad-elsaid/xlog/markdown/util/util.go:625.39,628.61 3 0
github.com/emad-elsaid/xlog/markdown/util/util.go:628.61,634.16 6 0
github.com/emad-elsaid/xlog/markdown/util/util.go:639.4,639.16 1 0
github.com/emad-elsaid/xlog/markdown/util/util.go:642.2,642.20 1 0
github.com/emad-elsaid/xlog/markdown/util/util.go:642.20,644.3 1 0
github.com/emad-elsaid/xlog/markdown/util/util.go:645.2,645.20 1 0
github.com/emad-elsaid/xlog/markdown/util/util.go:649.47,654.29 5 0
github.com/emad-elsaid/xlog/markdown/util/util.go:654.29,655.23 1 0
github.com/emad-elsaid/xlog/markdown/util/util.go:655.23,658.46 3 0
github.com/emad-elsaid/xlog/markdown/util/util.go:658.46,661.44 3 0
github.com/emad-elsaid/xlog/markdown/util/util.go:661.44,664.12 3 0
github.com/emad-elsaid/xlog/markdown/util/util.go:664.12,668.15 4 0
github.com/emad-elsaid/xlog/markdown/util/util.go:672.4,672.16 1 0
github.com/emad-elsaid/xlog/markdown/util/util.go:675.2,675.20 1 0
github.com/emad-elsaid/xlog/markdown/util/util.go:675.20,677.3 1 0
github.com/emad-elsaid/xlog/markdown/util/util.go:678.2,678.20 1 0
github.com/emad-elsaid/xlog/markdown/util/util.go:690.56,691.22 1 0
github.com/emad-elsaid/xlog/markdown/util/util.go:691.22,695.3 3 0
github.com/emad-elsaid/xlog/markdown/util/util.go:696.2,700.25 4 0
github.com/emad-elsaid/xlog/markdown/util/util.go:700.25,702.29 2 0
github.com/emad-elsaid/xlog/markdown/util/util.go:702.29,704.12 2 0
github.com/emad-elsaid/xlog/markdown/util/util.go:706.3,706.78 1 0
github.com/emad-elsaid/xlog/markdown/util/util.go:706.78,708.12 2 0
github.com/emad-elsaid/xlog/markdown/util/util.go:710.3,711.18 2 0
github.com/emad-elsaid/xlog/markdown/util/util.go:711.18,713.12 2 0
github.com/emad-elsaid/xlog/markdown/util/util.go:715.3,715.15 1 0
github.com/emad-elsaid/xlog/markdown/util/util.go:715.15,720.12 5 0
github.com/emad-elsaid/xlog/markdown/util/util.go:722.3,722.26 1 0
github.com/emad-elsaid/xlog/markdown/util/util.go:722.26,724.4 1 0
github.com/emad-elsaid/xlog/markdown/util/util.go:725.3,725.17 1 0
github.com/emad-elsaid/xlog/markdown/util/util.go:725.17,728.12 3 0
github.com/emad-elsaid/xlog/markdown/util/util.go:730.3,732.20 3 0
github.com/emad-elsaid/xlog/markdown/util/util.go:732.20,735.12 3 0
github.com/emad-elsaid/xlog/markdown/util/util.go:737.3,739.8 3 0
github.com/emad-elsaid/xlog/markdown/util/util.go:741.2,741.33 1 0
github.com/emad-elsaid/xlog/markdown/util/util.go:741.33,743.3 1 0
github.com/emad-elsaid/xlog/markdown/util/util.go:744.2,744.20 1 0
github.com/emad-elsaid/xlog/markdown/util/util.go:749.33,751.44 2 0
github.com/emad-elsaid/xlog/markdown/util/util.go:751.44,753.3 1 0
github.com/emad-elsaid/xlog/markdown/util/util.go:754.2,755.24 2 0
github.com/emad-elsaid/xlog/markdown/util/util.go:755.24,757.25 2 0
github.com/emad-elsaid/xlog/markdown/util/util.go:757.25,758.9 1 0
github.com/emad-elsaid/xlog/markdown/util/util.go:761.2,761.37 1 0
github.com/emad-elsaid/xlog/markdown/util/util.go:761.37,763.3 1 0
github.com/emad-elsaid/xlog/markdown/util/util.go:764.2,764.17 1 0
github.com/emad-elsaid/xlog/markdown/util/util.go:764.17,766.3 1 0
github.com/emad-elsaid/xlog/markdown/util/util.go:767.2,768.24 2 0
github.com/emad-elsaid/xlog/markdown/util/util.go:768.24,770.25 2 0
github.com/emad-elsaid/xlog/markdown/util/util.go:770.25,771.9 1 0
github.com/emad-elsaid/xlog/markdown/util/util.go:774.2,774.10 1 0
github.com/emad-elsaid/xlog/markdown/util/util.go:778.35,780.24 2 0
github.com/emad-elsaid/xlog/markdown/util/util.go:780.24,782.27 2 0
github.com/emad-elsaid/xlog/markdown/util/util.go:782.27,783.9 1 0
github.com/emad-elsaid/xlog/markdown/util/util.go:786.2,786.12 1 0
github.com/emad-elsaid/xlog/markdown/util/util.go:786.12,788.3 1 0
github.com/emad-elsaid/xlog/markdown/util/util.go:789.2,789.32 1 0
github.com/emad-elsaid/xlog/markdown/util/util.go:789.32,791.3 1 0
github.com/emad-elsaid/xlog/markdown/util/util.go:792.2,793.17 2 0
github.com/emad-elsaid/xlog/markdown/util/util.go:793.17,795.3 1 0
github.com/emad-elsaid/xlog/markdown/util/util.go:801.2,803.17 2 0
github.com/emad-elsaid/xlog/markdown/util/util.go:803.17,805.28 1 0
github.com/emad-elsaid/xlog/markdown/util/util.go:805.28,807.4 1 0
github.com/emad-elsaid/xlog/markdown/util/util.go:808.3,812.39 3 0
github.com/emad-elsaid/xlog/markdown/util/util.go:812.39,814.37 2 0
github.com/emad-elsaid/xlog/markdown/util/util.go:814.37,816.5 1 0
github.com/emad-elsaid/xlog/markdown/util/util.go:816.10,817.10 1 0
github.com/emad-elsaid/xlog/markdown/util/util.go:822.3,822.40 1 0
github.com/emad-elsaid/xlog/markdown/util/util.go:822.40,824.4 1 0
github.com/emad-elsaid/xlog/markdown/util/util.go:827.3,827.18 1 0
github.com/emad-elsaid/xlog/markdown/util/util.go:827.18,829.23 1 0
github.com/emad-elsaid/xlog/markdown/util/util.go:829.23,831.5 1 0
github.com/emad-elsaid/xlog/markdown/util/util.go:832.4,832.13 1 0
github.com/emad-elsaid/xlog/markdown/util/util.go:836.3,836.18 1 0
github.com/emad-elsaid/xlog/markdown/util/util.go:836.18,838.19 2 0
github.com/emad-elsaid/xlog/markdown/util/util.go:838.19,841.5 1 0
github.com/emad-elsaid/xlog/markdown/util/util.go:842.4,842.12 1 0
github.com/emad-elsaid/xlog/markdown/util/util.go:846.3,846.8 1 0
github.com/emad-elsaid/xlog/markdown/util/util.go:850.2,850.21 1 0
github.com/emad-elsaid/xlog/markdown/util/util.go:850.21,852.3 1 0
github.com/emad-elsaid/xlog/markdown/util/util.go:853.2,853.11 1 0
github.com/emad-elsaid/xlog/markdown/util/util.go:873.27,875.2 1 0
github.com/emad-elsaid/xlog/markdown/util/util.go:878.27,880.2 1 0
github.com/emad-elsaid/xlog/markdown/util/util.go:883.31,885.2 1 0
github.com/emad-elsaid/xlog/markdown/util/util.go:888.27,890.2 1 0
github.com/emad-elsaid/xlog/markdown/util/util.go:893.31,895.2 1 0
github.com/emad-elsaid/xlog/markdown/util/util.go:898.29,900.2 1 0
github.com/emad-elsaid/xlog/markdown/util/util.go:903.32,905.2 1 0
github.com/emad-elsaid/xlog/markdown/util/util.go:908.34,910.2 1 0
github.com/emad-elsaid/xlog/markdown/util/util.go:935.34,936.36 1 0
github.com/emad-elsaid/xlog/markdown/util/util.go:936.36,938.3 1 0
github.com/emad-elsaid/xlog/markdown/util/util.go:942.58,945.24 3 0
github.com/emad-elsaid/xlog/markdown/util/util.go:945.24,946.22 1 0
github.com/emad-elsaid/xlog/markdown/util/util.go:946.22,948.9 2 0
github.com/emad-elsaid/xlog/markdown/util/util.go:951.2,951.12 1 0
github.com/emad-elsaid/xlog/markdown/util/util.go:951.12,953.3 1 0
github.com/emad-elsaid/xlog/markdown/util/util.go:954.2,954.34 1 0
github.com/emad-elsaid/xlog/markdown/util/util.go:958.56,960.2 1 0
github.com/emad-elsaid/xlog/markdown/util/util.go:962.33,964.22 2 0
github.com/emad-elsaid/xlog/markdown/util/util.go:964.22,966.3 1 0
github.com/emad-elsaid/xlog/markdown/util/util.go:967.2,967.13 1 0
github.com/emad-elsaid/xlog/markdown/util/util.go:994.53,999.35 2 0
github.com/emad-elsaid/xlog/markdown/util/util.go:999.35,1001.3 1 0
github.com/emad-elsaid/xlog/markdown/util/util.go:1002.2,1002.10 1 0
github.com/emad-elsaid/xlog/markdown/util/util.go:1007.56,1013.37 3 0
github.com/emad-elsaid/xlog/markdown/util/util.go:1013.37,1014.25 1 0
github.com/emad-elsaid/xlog/markdown/util/util.go:1014.25,1017.4 2 0
github.com/emad-elsaid/xlog/markdown/util/util.go:1019.2,1019.27 1 0
github.com/emad-elsaid/xlog/markdown/util/util.go:1019.27,1021.3 1 0
github.com/emad-elsaid/xlog/markdown/util/util.go:1022.2,1022.10 1 0
github.com/emad-elsaid/xlog/markdown/util/util.go:1026.37,1029.21 3 0
github.com/emad-elsaid/xlog/markdown/util/util.go:1029.21,1031.3 1 0
github.com/emad-elsaid/xlog/markdown/util/util.go:1032.2,1032.25 1 0
github.com/emad-elsaid/xlog/markdown/util/util.go:1032.25,1034.3 1 0
github.com/emad-elsaid/xlog/markdown/util/util.go:1035.2,1037.17 3 0
github.com/emad-elsaid/xlog/markdown/util/util.go:1037.17,1039.3 1 0
github.com/emad-elsaid/xlog/markdown/util/util.go:1040.2,1040.30 1 0
github.com/emad-elsaid/xlog/markdown/util/util.go:1043.56,1047.28 4 0
github.com/emad-elsaid/xlog/markdown/util/util.go:1047.28,1051.3 3 0
github.com/emad-elsaid/xlog/markdown/util/util.go:1052.2,1052.23 1 0
github.com/emad-elsaid/xlog/markdown/util/util.go:1052.23,1054.3 1 0
github.com/emad-elsaid/xlog/markdown/util/util.go:1055.2,1055.18 1 0
github.com/emad-elsaid/xlog/markdown/util/util.go:1058.65,1062.28 4 0
github.com/emad-elsaid/xlog/markdown/util/util.go:1062.28,1066.3 3 0
github.com/emad-elsaid/xlog/markdown/util/util.go:1067.2,1068.37 2 0
github.com/emad-elsaid/xlog/markdown/util/util.go:1068.37,1069.25 1 0
github.com/emad-elsaid/xlog/markdown/util/util.go:1069.25,1072.4 2 0
github.com/emad-elsaid/xlog/markdown/util/util.go:1074.2,1074.27 1 0
github.com/emad-elsaid/xlog/markdown/util/util.go:1074.27,1076.3 1 0
github.com/emad-elsaid/xlog/markdown/util/util.go:1077.2,1077.18 1 0
github.com/emad-elsaid/xlog/markdown/util/util.go:1080.47,1083.21 3 0
github.com/emad-elsaid/xlog/markdown/util/util.go:1083.21,1085.3 1 0
github.com/emad-elsaid/xlog/markdown/util/util.go:1086.2,1086.25 1 0
github.com/emad-elsaid/xlog/markdown/util/util.go:1086.25,1087.45 1 0
github.com/emad-elsaid/xlog/markdown/util/util.go:1087.45,1089.4 1 0
github.com/emad-elsaid/xlog/markdown/util/util.go:1091.2,1093.20 3 0
github.com/emad-elsaid/xlog/markdown/util/util.go:1093.20,1095.3 1 0
github.com/emad-elsaid/xlog/markdown/util/util.go:1096.2,1096.31 1 0
github.com/emad-elsaid/xlog/markdown/util/util.go:1096.31,1097.30 1 0
github.com/emad-elsaid/xlog/markdown/util/util.go:1097.30,1099.4 1 0
github.com/emad-elsaid/xlog/markdown/util/util.go:1101.2,1101.14 1 0
github.com/emad-elsaid/xlog/markdown/util/util_cjk.go:181.39,188.2 1 0
github.com/emad-elsaid/xlog/markdown/util/util_cjk.go:192.48,222.2 1 0
github.com/emad-elsaid/xlog/markdown/util/util_cjk.go:226.36,227.9 1 0
github.com/emad-elsaid/xlog/markdown/util/util_cjk.go:230.32,231.13 1 0
github.com/emad-elsaid/xlog/markdown/util/util_cjk.go:239.32,240.13 1 0
github.com/emad-elsaid/xlog/markdown/util/util_cjk.go:279.34,280.13 1 0
github.com/emad-elsaid/xlog/markdown/util/util_cjk.go:288.32,289.14 1 0
github.com/emad-elsaid/xlog/markdown/util/util_cjk.go:463.36,464.13 1 0
github.com/emad-elsaid/xlog/markdown/util/util_cjk.go:466.10,467.13 1 0
github.com/emad-elsaid/xlog/markdown/util/util_unsafe_go121.go:11.45,13.2 1 0
github.com/emad-elsaid/xlog/markdown/util/util_unsafe_go121.go:16.45,18.2 1 0
github.com/emad-elsaid/xlog/extensions/upload_file/extension.go:32.13,34.2 1 0
github.com/emad-elsaid/xlog/extensions/upload_file/extension.go:38.33,38.57 1 0
github.com/emad-elsaid/xlog/extensions/upload_file/extension.go:39.26,40.21 1 0
github.com/emad-elsaid/xlog/extensions/upload_file/extension.go:40.21,42.3 1 0
github.com/emad-elsaid/xlog/extensions/upload_file/extension.go:44.2,45.41 2 0
github.com/emad-elsaid/xlog/extensions/upload_file/extension.go:45.41,46.18 1 0
github.com/emad-elsaid/xlog/extensions/upload_file/extension.go:46.18,48.4 1 0
github.com/emad-elsaid/xlog/extensions/upload_file/extension.go:50.3,56.4 1 0
github.com/emad-elsaid/xlog/extensions/upload_file/extension.go:59.2,66.42 7 0
github.com/emad-elsaid/xlog/extensions/upload_file/extension.go:69.42,70.62 1 0
github.com/emad-elsaid/xlog/extensions/upload_file/extension.go:70.62,72.3 1 0
github.com/emad-elsaid/xlog/extensions/upload_file/extension.go:74.2,77.55 3 0
github.com/emad-elsaid/xlog/extensions/upload_file/extension.go:77.55,79.3 1 0
github.com/emad-elsaid/xlog/extensions/upload_file/extension.go:81.2,83.26 3 0
github.com/emad-elsaid/xlog/extensions/upload_file/extension.go:83.26,84.16 1 0
github.com/emad-elsaid/xlog/extensions/upload_file/extension.go:84.16,84.33 1 0
github.com/emad-elsaid/xlog/extensions/upload_file/extension.go:85.3,91.73 6 0
github.com/emad-elsaid/xlog/extensions/upload_file/extension.go:91.73,93.4 1 0
github.com/emad-elsaid/xlog/extensions/upload_file/extension.go:94.3,95.17 2 0
github.com/emad-elsaid/xlog/extensions/upload_file/extension.go:95.17,97.4 1 0
github.com/emad-elsaid/xlog/extensions/upload_file/extension.go:99.3,99.52 1 0
github.com/emad-elsaid/xlog/extensions/upload_file/extension.go:99.52,101.4 1 0
github.com/emad-elsaid/xlog/extensions/upload_file/extension.go:102.3,103.17 2 0
github.com/emad-elsaid/xlog/extensions/upload_file/extension.go:103.17,105.4 1 0
github.com/emad-elsaid/xlog/extensions/upload_file/extension.go:107.3,107.10 1 0
github.com/emad-elsaid/xlog/extensions/upload_file/extension.go:108.48,109.39 1 0
github.com/emad-elsaid/xlog/extensions/upload_file/extension.go:110.48,111.67 1 0
github.com/emad-elsaid/xlog/extensions/upload_file/extension.go:112.47,113.67 1 0
github.com/emad-elsaid/xlog/extensions/upload_file/extension.go:114.11,115.48 1 0
github.com/emad-elsaid/xlog/extensions/upload_file/extension.go:119.2,119.37 1 0
github.com/emad-elsaid/xlog/extensions/upload_file/extension.go:119.37,123.3 3 0
github.com/emad-elsaid/xlog/extensions/upload_file/extension.go:125.2,125.26 1 0
github.com/emad-elsaid/xlog/extensions/upload_file/extension.go:128.53,132.2 2 0
github.com/emad-elsaid/xlog/extensions/upload_file/record_audio.go:15.34,15.69 1 0
github.com/emad-elsaid/xlog/extensions/upload_file/record_audio.go:16.34,16.59 1 0
github.com/emad-elsaid/xlog/extensions/upload_file/record_audio.go:17.56,26.2 2 0
github.com/emad-elsaid/xlog/extensions/upload_file/record_audio.go:28.50,35.2 2 0
github.com/emad-elsaid/xlog/extensions/upload_file/record_camera.go:15.35,15.65 1 0
github.com/emad-elsaid/xlog/extensions/upload_file/record_camera.go:16.35,16.61 1 0
github.com/emad-elsaid/xlog/extensions/upload_file/record_camera.go:17.57,26.2 2 0
github.com/emad-elsaid/xlog/extensions/upload_file/record_camera.go:28.51,35.2 2 0
github.com/emad-elsaid/xlog/extensions/upload_file/record_screen.go:15.35,15.67 1 0
github.com/emad-elsaid/xlog/extensions/upload_file/record_screen.go:16.35,16.61 1 0
github.com/emad-elsaid/xlog/extensions/upload_file/record_screen.go:17.57,24.2 2 0
github.com/emad-elsaid/xlog/extensions/upload_file/record_screen.go:26.51,33.2 2 0
github.com/emad-elsaid/xlog/extensions/upload_file/screenshot.go:15.33,15.64 1 0
github.com/emad-elsaid/xlog/extensions/upload_file/screenshot.go:16.33,16.56 1 0
github.com/emad-elsaid/xlog/extensions/upload_file/screenshot.go:17.55,24.2 2 0
github.com/emad-elsaid/xlog/extensions/upload_file/screenshot.go:26.49,33.2 2 0
github.com/emad-elsaid/xlog/extensions/upload_file/upload.go:15.29,15.67 1 0
github.com/emad-elsaid/xlog/extensions/upload_file/upload.go:16.29,16.53 1 0
github.com/emad-elsaid/xlog/extensions/upload_file/upload.go:17.51,26.2 2 0
github.com/emad-elsaid/xlog/extensions/upload_file/upload.go:28.45,35.2 2 0
github.com/emad-elsaid/xlog/markdown/extension/ast/definition_list.go:16.57,18.2 1 0
github.com/emad-elsaid/xlog/markdown/extension/ast/definition_list.go:24.47,26.2 1 0
github.com/emad-elsaid/xlog/markdown/extension/ast/definition_list.go:29.74,34.2 1 0
github.com/emad-elsaid/xlog/markdown/extension/ast/definition_list.go:43.57,45.2 1 0
github.com/emad-elsaid/xlog/markdown/extension/ast/definition_list.go:51.47,53.2 1 0
github.com/emad-elsaid/xlog/markdown/extension/ast/definition_list.go:56.42,58.2 1 0
github.com/emad-elsaid/xlog/markdown/extension/ast/definition_list.go:68.64,70.2 1 0
github.com/emad-elsaid/xlog/markdown/extension/ast/definition_list.go:76.54,78.2 1 0
github.com/emad-elsaid/xlog/markdown/extension/ast/definition_list.go:81.56,83.2 1 0
github.com/emad-elsaid/xlog/markdown/extension/ast/footnote.go:19.55,25.2 5 0
github.com/emad-elsaid/xlog/markdown/extension/ast/footnote.go:31.45,33.2 1 0
github.com/emad-elsaid/xlog/markdown/extension/ast/footnote.go:36.47,42.2 1 0
github.com/emad-elsaid/xlog/markdown/extension/ast/footnote.go:54.59,60.2 5 0
github.com/emad-elsaid/xlog/markdown/extension/ast/footnote.go:66.49,68.2 1 0
github.com/emad-elsaid/xlog/markdown/extension/ast/footnote.go:71.55,77.2 1 0
github.com/emad-elsaid/xlog/markdown/extension/ast/footnote.go:88.51,93.2 4 0
github.com/emad-elsaid/xlog/markdown/extension/ast/footnote.go:99.41,101.2 1 0
github.com/emad-elsaid/xlog/markdown/extension/ast/footnote.go:104.40,109.2 1 0
github.com/emad-elsaid/xlog/markdown/extension/ast/footnote.go:119.55,123.2 3 0
github.com/emad-elsaid/xlog/markdown/extension/ast/footnote.go:129.45,131.2 1 0
github.com/emad-elsaid/xlog/markdown/extension/ast/footnote.go:134.38,138.2 1 0
github.com/emad-elsaid/xlog/markdown/extension/ast/strikethrough.go:14.56,16.2 1 0
github.com/emad-elsaid/xlog/markdown/extension/ast/strikethrough.go:22.46,24.2 1 0
github.com/emad-elsaid/xlog/markdown/extension/ast/strikethrough.go:27.40,29.2 1 0
github.com/emad-elsaid/xlog/markdown/extension/ast/table.go:27.36,28.11 1 0
github.com/emad-elsaid/xlog/markdown/extension/ast/table.go:29.17,30.16 1 0
github.com/emad-elsaid/xlog/markdown/extension/ast/table.go:31.18,32.17 1 0
github.com/emad-elsaid/xlog/markdown/extension/ast/table.go:33.19,34.18 1 0
github.com/emad-elsaid/xlog/markdown/extension/ast/table.go:35.17,36.16 1 0
github.com/emad-elsaid/xlog/markdown/extension/ast/table.go:38.2,38.11 1 0
github.com/emad-elsaid/xlog/markdown/extension/ast/table.go:50.48,51.57 1 0
github.com/emad-elsaid/xlog/markdown/extension/ast/table.go:51.57,54.42 3 0
github.com/emad-elsaid/xlog/markdown/extension/ast/table.go:54.42,57.32 3 0
github.com/emad-elsaid/xlog/markdown/extension/ast/table.go:57.32,59.5 1 0
github.com/emad-elsaid/xlog/markdown/extension/ast/table.go:61.3,61.32 1 0
github.com/emad-elsaid/xlog/markdown/extension/ast/table.go:69.38,71.2 1 0
github.com/emad-elsaid/xlog/markdown/extension/ast/table.go:74.24,78.2 1 0
github.com/emad-elsaid/xlog/markdown/extension/ast/table.go:87.51,89.2 1 0
github.com/emad-elsaid/xlog/markdown/extension/ast/table.go:95.41,97.2 1 0
github.com/emad-elsaid/xlog/markdown/extension/ast/table.go:100.52,102.2 1 0
github.com/emad-elsaid/xlog/markdown/extension/ast/table.go:114.44,116.2 1 0
github.com/emad-elsaid/xlog/markdown/extension/ast/table.go:119.54,121.2 1 0
github.com/emad-elsaid/xlog/markdown/extension/ast/table.go:124.49,126.39 2 0
github.com/emad-elsaid/xlog/markdown/extension/ast/table.go:126.39,130.3 3 0
github.com/emad-elsaid/xlog/markdown/extension/ast/table.go:131.2,131.10 1 0
github.com/emad-elsaid/xlog/markdown/extension/ast/table.go:141.52,143.2 1 0
github.com/emad-elsaid/xlog/markdown/extension/ast/table.go:149.42,151.2 1 0
github.com/emad-elsaid/xlog/markdown/extension/ast/table.go:154.32,158.2 1 0
github.com/emad-elsaid/xlog/markdown/extension/ast/tasklist.go:15.55,20.2 2 0
github.com/emad-elsaid/xlog/markdown/extension/ast/tasklist.go:26.45,28.2 1 0
github.com/emad-elsaid/xlog/markdown/extension/ast/tasklist.go:31.50,35.2 1 0
github.com/emad-elsaid/xlog/markdown/emoji/ast/emoji.go:20.48,26.2 2 0
github.com/emad-elsaid/xlog/markdown/emoji/ast/emoji.go:32.38,34.2 1 0
github.com/emad-elsaid/xlog/markdown/emoji/ast/emoji.go:37.65,42.2 1 0
github.com/emad-elsaid/xlog/markdown/emoji/definition/definition.go:16.72,17.26 1 0
github.com/emad-elsaid/xlog/markdown/emoji/definition/definition.go:17.26,18.50 1 0
github.com/emad-elsaid/xlog/markdown/emoji/definition/definition.go:20.2,20.23 1 0
github.com/emad-elsaid/xlog/markdown/emoji/definition/definition.go:20.23,22.3 1 0
github.com/emad-elsaid/xlog/markdown/emoji/definition/definition.go:23.2,27.3 1 0
github.com/emad-elsaid/xlog/markdown/emoji/definition/definition.go:31.35,33.2 1 0
github.com/emad-elsaid/xlog/markdown/emoji/definition/definition.go:54.36,60.20 2 0
github.com/emad-elsaid/xlog/markdown/emoji/definition/definition.go:60.20,62.38 2 0
github.com/emad-elsaid/xlog/markdown/emoji/definition/definition.go:62.38,64.4 1 0
github.com/emad-elsaid/xlog/markdown/emoji/definition/definition.go:66.2,66.10 1 0
github.com/emad-elsaid/xlog/markdown/emoji/definition/definition.go:69.37,71.2 1 0
github.com/emad-elsaid/xlog/markdown/emoji/definition/definition.go:73.33,81.2 3 0
github.com/emad-elsaid/xlog/markdown/emoji/definition/definition.go:83.55,85.8 2 0
github.com/emad-elsaid/xlog/markdown/emoji/definition/definition.go:85.8,87.3 1 0
github.com/emad-elsaid/xlog/markdown/emoji/definition/definition.go:89.2,89.32 1 0
github.com/emad-elsaid/xlog/markdown/emoji/definition/definition.go:89.32,91.9 2 0
github.com/emad-elsaid/xlog/markdown/emoji/definition/definition.go:91.9,93.4 1 0
github.com/emad-elsaid/xlog/markdown/emoji/definition/definition.go:95.2,95.19 1 0
github.com/emad-elsaid/xlog/markdown/emoji/definition/definition.go:102.47,103.24 1 0
github.com/emad-elsaid/xlog/markdown/emoji/definition/definition.go:103.24,105.3 1 0
github.com/emad-elsaid/xlog/markdown/emoji/definition/github.go:11.42,12.23 1 0
github.com/emad-elsaid/xlog/markdown/emoji/definition/github.go:12.23,19.38 6 0
github.com/emad-elsaid/xlog/markdown/emoji/definition/github.go:19.38,29.35 9 0
github.com/emad-elsaid/xlog/markdown/emoji/definition/github.go:29.35,31.5 1 0
github.com/emad-elsaid/xlog/markdown/emoji/definition/github.go:33.4,35.29 3 0
github.com/emad-elsaid/xlog/markdown/emoji/definition/github.go:37.3,40.4 1 0
github.com/emad-elsaid/xlog/markdown/emoji/definition/github.go:43.2,43.20 1 0
github.com/emad-elsaid/xlog/markdown/emoji/definition/github.go:43.20,45.3 1 0
github.com/emad-elsaid/xlog/markdown/emoji/definition/github.go:47.2,48.27 2 0
github.com/emad-elsaid/xlog/markdown/emoji/definition/github.go:48.27,50.3 1 0
github.com/emad-elsaid/xlog/markdown/emoji/definition/github.go:52.2,52.10 1 0
github.com/emad-elsaid/xlog/markdown/renderer/renderer.go:20.26,25.2 1 0
github.com/emad-elsaid/xlog/markdown/renderer/renderer.go:39.50,41.2 1 0
github.com/emad-elsaid/xlog/markdown/renderer/renderer.go:45.60,47.2 1 0
github.com/emad-elsaid/xlog/markdown/renderer/renderer.go:54.43,56.2 1 0
github.com/emad-elsaid/xlog/markdown/renderer/renderer.go:60.52,62.2 1 0
github.com/emad-elsaid/xlog/markdown/renderer/renderer.go:106.46,108.30 2 0
github.com/emad-elsaid/xlog/markdown/renderer/renderer.go:108.30,110.3 1 0
github.com/emad-elsaid/xlog/markdown/renderer/renderer.go:112.2,118.10 2 0
github.com/emad-elsaid/xlog/markdown/renderer/renderer.go:121.47,122.27 1 0
github.com/emad-elsaid/xlog/markdown/renderer/renderer.go:122.27,124.3 1 0
github.com/emad-elsaid/xlog/markdown/renderer/renderer.go:127.68,129.27 2 0
github.com/emad-elsaid/xlog/markdown/renderer/renderer.go:129.27,131.3 1 0
github.com/emad-elsaid/xlog/markdown/renderer/renderer.go:135.73,136.23 1 0
github.com/emad-elsaid/xlog/markdown/renderer/renderer.go:136.23,140.31 4 0
github.com/emad-elsaid/xlog/markdown/renderer/renderer.go:140.31,143.43 3 0
github.com/emad-elsaid/xlog/markdown/renderer/renderer.go:143.43,144.42 1 0
github.com/emad-elsaid/xlog/markdown/renderer/renderer.go:144.42,146.6 1 0
github.com/emad-elsaid/xlog/markdown/renderer/renderer.go:148.4,148.23 1 0
github.com/emad-elsaid/xlog/markdown/renderer/renderer.go:150.3,151.48 2 0
github.com/emad-elsaid/xlog/markdown/renderer/renderer.go:151.48,153.4 1 0
github.com/emad-elsaid/xlog/markdown/renderer/renderer.go:154.3,155.31 2 0
github.com/emad-elsaid/xlog/markdown/renderer/renderer.go:157.2,158.9 2 0
github.com/emad-elsaid/xlog/markdown/renderer/renderer.go:158.9,160.3 1 0
github.com/emad-elsaid/xlog/markdown/renderer/renderer.go:161.2,161.77 1 0
github.com/emad-elsaid/xlog/markdown/renderer/renderer.go:161.77,165.15 4 0
github.com/emad-elsaid/xlog/markdown/renderer/renderer.go:165.15,167.4 1 0
github.com/emad-elsaid/xlog/markdown/renderer/renderer.go:168.3,168.16 1 0
github.com/emad-elsaid/xlog/markdown/renderer/renderer.go:170.2,170.16 1 0
github.com/emad-elsaid/xlog/markdown/renderer/renderer.go:170.16,172.3 1 0
github.com/emad-elsaid/xlog/markdown/renderer/renderer.go:173.2,173.23 1 0
